label,noticia,POS,token,frecuencia
0,Falsas,NOUN,partido,502
0,Falsas,NOUN,vídeo,448
0,Falsas,NOUN,presidente,427
0,Falsas,NOUN,vers,399
0,Falsas,NOUN,año,388
0,Falsas,NOUN,persona,365
0,Falsas,NOUN,ley,331
0,Falsas,NOUN,caso,316
0,Falsas,NOUN,red,299
0,Falsas,NOUN,imagen,295
0,Falsas,NOUN,publicidad,295
0,Falsas,NOUN,mensaje,277
0,Falsas,NOUN,acuerdo,266
0,Falsas,NOUN,día,264
0,Falsas,NOUN,país,257
0,Falsas,NOUN,líder,250
0,Falsas,NOUN,parte,232
0,Falsas,NOUN,medida,231
0,Falsas,NOUN,formación,228
0,Falsas,NOUN,elección,227
0,Falsas,NOUN,voto,207
0,Falsas,NOUN,ver,206
0,Falsas,NOUN,portavoz,199
0,Falsas,NOUN,euros,191
0,Falsas,NOUN,derecho,188
0,Falsas,NOUN,dato,187
0,Falsas,NOUN,lectura,185
0,Falsas,NOUN,embargo,184
0,Falsas,NOUN,medio,183
0,Falsas,NOUN,diputado,181
0,Falsas,NOUN,publicación,177
0,Falsas,NOUN,julio,177
0,Falsas,NOUN,crisis,173
0,Falsas,NOUN,grupo,169
0,Falsas,NOUN,mes,160
0,Falsas,NOUN,reforma,156
0,Falsas,NOUN,ciudad,155
0,Falsas,NOUN,cuenta,150
0,Falsas,NOUN,millón,146
0,Falsas,NOUN,ministro,146
0,Falsas,NOUN,decisión,146
0,Falsas,NOUN,debate,144
0,Falsas,NOUN,vivienda,142
0,Falsas,NOUN,migrant,142
0,Falsas,NOUN,presidenta,136
0,Falsas,NOUN,candidato,136
0,Falsas,NOUN,derecha,136
0,Falsas,NOUN,propuesta,134
0,Falsas,NOUN,momento,132
0,Falsas,NOUN,información,132
0,Falsas,NOUN,empresa,131
0,Falsas,NOUN,izquierda,130
0,Falsas,NOUN,vez,130
0,Falsas,NOUN,campaña,130
0,Falsas,NOUN,relación,130
0,Falsas,NOUN,norma,128
0,Falsas,NOUN,cambio,126
0,Falsas,NOUN,semana,126
0,Falsas,NOUN,incendio,126
0,Falsas,NOUN,entrada,123
0,Falsas,NOUN,frontera,122
0,Falsas,NOUN,ministra,120
0,Falsas,NOUN,apoyo,118
0,Falsas,NOUN,artículo,118
0,Falsas,NOUN,situación,116
0,Falsas,NOUN,gobierno,115
0,Falsas,NOUN,agosto,115
0,Falsas,NOUN,acto,113
0,Falsas,NOUN,juez,113
0,Falsas,NOUN,rey,112
0,Falsas,NOUN,bulo,109
0,Falsas,NOUN,socialista,108
0,Falsas,NOUN,hora,108
0,Falsas,NOUN,mujer,107
0,Falsas,NOUN,contenido,107
0,Falsas,NOUN,septiembre,105
0,Falsas,NOUN,frente,104
0,Falsas,NOUN,cargo,103
0,Falsas,NOUN,política,103
0,Falsas,NOUN,pacto,103
0,Falsas,NOUN,reunión,103
0,Falsas,NOUN,mayoría,101
0,Falsas,NOUN,sentencia,101
0,Falsas,NOUN,forma,101
0,Falsas,NOUN,control,99
0,Falsas,NOUN,servicio,98
0,Falsas,NOUN,coalición,97
0,Falsas,NOUN,delito,96
0,Falsas,NOUN,víctima,95
0,Falsas,NOUN,número,93
0,Falsas,NOUN,contra,93
0,Falsas,NOUN,lista,92
0,Falsas,NOUN,fondo,91
0,Falsas,NOUN,investigación,90
0,Falsas,NOUN,comunidad,90
0,Falsas,NOUN,contexto,89
0,Falsas,NOUN,miembro,88
0,Falsas,NOUN,organización,88
0,Falsas,NOUN,sistema,88
0,Falsas,NOUN,tipo,87
0,Falsas,NOUN,resultado,86
0,Falsas,NOUN,negociación,86
0,Falsas,NOUN,fuente,85
0,Falsas,NOUN,prueba,85
0,Falsas,NOUN,proyecto,84
0,Falsas,NOUN,causa,83
0,Falsas,NOUN,comisión,82
0,Falsas,NOUN,informe,82
0,Falsas,NOUN,declaración,81
0,Falsas,NOUN,investidura,81
0,Falsas,NOUN,hecho,81
0,Falsas,NOUN,través,80
0,Falsas,NOUN,inmigrante,80
0,Falsas,NOUN,ultraderecha,79
0,Falsas,NOUN,secretario,77
0,Falsas,NOUN,impuesto,77
0,Falsas,NOUN,objetivo,76
0,Falsas,NOUN,juicio,76
0,Falsas,NOUN,oposición,75
0,Falsas,NOUN,dirigente,74
0,Falsas,NOUN,respuesta,74
0,Falsas,NOUN,entrevista,73
0,Falsas,NOUN,dinero,73
0,Falsas,NOUN,comunicación,73
0,Falsas,NOUN,contrato,72
0,Falsas,NOUN,punto,72
0,Falsas,NOUN,estafa,72
0,Falsas,NOUN,eclipse,72
0,Falsas,NOUN,alcalde,71
0,Falsas,NOUN,lugar,70
0,Falsas,NOUN,tiempo,69
0,Falsas,NOUN,escaño,69
0,Falsas,NOUN,hombre,69
0,Falsas,NOUN,estado,69
0,Falsas,NOUN,fecha,68
0,Falsas,NOUN,documento,68
0,Falsas,NOUN,uso,68
0,Falsas,NOUN,fuerza,67
0,Falsas,NOUN,gestión,67
0,Falsas,NOUN,posición,67
0,Falsas,NOUN,coche,67
0,Falsas,NOUN,joven,66
0,Falsas,NOUN,moción,66
0,Falsas,NOUN,expresidente,66
0,Falsas,NOUN,sesión,66
0,Falsas,NOUN,inversión,66
0,Falsas,NOUN,referencia,66
0,Falsas,NOUN,registro,66
0,Falsas,NOUN,función,65
0,Falsas,NOUN,dirección,65
0,Falsas,NOUN,seguridad,65
0,Falsas,NOUN,familia,65
0,Falsas,NOUN,desinformación,65
0,Falsas,NOUN,plan,64
0,Falsas,NOUN,martes,64
0,Falsas,NOUN,territorio,64
0,Falsas,NOUN,minuto,64
0,Falsas,NOUN,experto,64
0,Falsas,NOUN,página,64
0,Falsas,NOUN,diálogo,63
0,Falsas,NOUN,asunto,63
0,Falsas,NOUN,pese,63
0,Falsas,NOUN,programa,63
0,Falsas,NOUN,periodista,63
0,Falsas,NOUN,terremoto,63
0,Falsas,NOUN,origen,63
0,Falsas,NOUN,usuario,63
0,Falsas,NOUN,ayuda,62
0,Falsas,NOUN,condición,62
0,Falsas,NOUN,cuestión,61
0,Falsas,NOUN,jefe,60
0,Falsas,NOUN,tribunal,60
0,Falsas,NOUN,prisión,60
0,Falsas,NOUN,recurso,60
0,Falsas,NOUN,discurso,60
0,Falsas,NOUN,candidatura,59
0,Falsas,NOUN,respecto,59
0,Falsas,NOUN,petición,59
0,Falsas,NOUN,centro,59
0,Falsas,NOUN,equipo,58
0,Falsas,NOUN,popular,58
0,Falsas,NOUN,vicepresidenta,58
0,Falsas,NOUN,texto,58
0,Falsas,NOUN,cifra,58
0,Falsas,NOUN,presión,58
0,Falsas,NOUN,ejemplo,58
0,Falsas,NOUN,estrategia,57
0,Falsas,NOUN,denuncia,57
0,Falsas,NOUN,protección,57
0,Falsas,NOUN,procedimiento,57
0,Falsas,NOUN,vehículo,56
0,Falsas,NOUN,proceso,56
0,Falsas,NOUN,calle,56
0,Falsas,NOUN,favor,56
0,Falsas,NOUN,trabajo,55
0,Falsas,NOUN,agente,55
0,Falsas,NOUN,corrupción,55
0,Falsas,NOUN,entidad,55
0,Falsas,NOUN,libertad,54
0,Falsas,NOUN,miércoles,54
0,Falsas,NOUN,encuesta,54
0,Falsas,NOUN,iniciativa,54
0,Falsas,NOUN,puesto,54
0,Falsas,NOUN,ciudadano,54
0,Falsas,NOUN,fin,54
0,Falsas,NOUN,unidad,53
0,Falsas,NOUN,junio,53
0,Falsas,NOUN,decreto,53
0,Falsas,NOUN,nacionalidad,53
0,Falsas,NOUN,afirmación,53
0,Falsas,NOUN,verificación,53
0,Falsas,NOUN,censura,52
0,Falsas,NOUN,institución,52
0,Falsas,NOUN,violencia,52
0,Falsas,NOUN,diferencia,52
0,Falsas,NOUN,posibilidad,52
0,Falsas,NOUN,mesa,52
0,Falsas,NOUN,actividad,51
0,Falsas,NOUN,final,51
0,Falsas,NOUN,prensa,51
0,Falsas,NOUN,vía,51
0,Falsas,NOUN,clave,51
0,Falsas,NOUN,pandemia,51
0,Falsas,NOUN,polémica,51
0,Falsas,NOUN,plazo,51
0,Falsas,NOUN,decir,51
0,Falsas,NOUN,pensión,50
0,Falsas,NOUN,nivel,50
0,Falsas,NOUN,socio,50
0,Falsas,NOUN,papel,50
0,Falsas,NOUN,resto,50
0,Falsas,NOUN,acción,50
0,Falsas,NOUN,policía,50
0,Falsas,NOUN,lunes,50
0,Falsas,NOUN,guerra,50
0,Falsas,NOUN,candidata,49
0,Falsas,NOUN,alquiler,49
0,Falsas,NOUN,problema,49
0,Falsas,NOUN,votación,49
0,Falsas,NOUN,nombre,49
0,Falsas,NOUN,responsabilidad,49
0,Falsas,NOUN,falta,49
0,Falsas,NOUN,interés,49
0,Falsas,NOUN,acusación,49
0,Falsas,NOUN,2026,49
0,Falsas,NOUN,palabra,48
0,Falsas,NOUN,zona,48
0,Falsas,NOUN,autoridad,48
0,Falsas,NOUN,diputada,47
0,Falsas,NOUN,defensa,47
0,Falsas,NOUN,es,47
0,Falsas,NOUN,acampada,47
0,Falsas,NOUN,responsable,46
0,Falsas,NOUN,mayo,46
0,Falsas,NOUN,jueves,46
0,Falsas,NOUN,abril,46
0,Falsas,NOUN,inteligencia,46
0,Falsas,NOUN,2022,46
0,Falsas,NOUN,2023,46
0,Falsas,NOUN,condena,45
0,Falsas,NOUN,marzo,45
0,Falsas,NOUN,legislatura,45
0,Falsas,NOUN,web,45
0,Falsas,NOUN,2024,45
0,Falsas,NOUN,línea,44
0,Falsas,NOUN,espacio,44
0,Falsas,NOUN,riesgo,44
0,Falsas,NOUN,solicitud,44
0,Falsas,NOUN,sociedad,44
0,Falsas,NOUN,agua,44
0,Falsas,NOUN,manifestación,43
0,Falsas,NOUN,enero,43
0,Falsas,NOUN,president,43
0,Falsas,NOUN,organismo,43
0,Falsas,NOUN,marcha,43
0,Falsas,NOUN,cara,43
0,Falsas,NOUN,paso,43
0,Falsas,NOUN,llegada,43
0,Falsas,NOUN,protesta,42
0,Falsas,NOUN,abogado,42
0,Falsas,NOUN,foto,42
0,Falsas,NOUN,atención,42
0,Falsas,NOUN,competencia,42
0,Falsas,NOUN,comparecencia,42
0,Falsas,NOUN,desahucio,42
0,Falsas,NOUN,contacto,41
0,Falsas,NOUN,capital,41
0,Falsas,NOUN,manera,41
0,Falsas,NOUN,base,41
0,Falsas,NOUN,pago,41
0,Falsas,NOUN,agresión,41
0,Falsas,NOUN,2025,41
0,Falsas,NOUN,trabajador,40
0,Falsas,NOUN,conflicto,40
0,Falsas,NOUN,español,40
0,Falsas,NOUN,octubre,40
0,Falsas,NOUN,mano,40
0,Falsas,NOUN,fraude,40
0,Falsas,NOUN,consecuencia,40
0,Falsas,NOUN,presupuesto,39
0,Falsas,NOUN,pleno,39
0,Falsas,NOUN,vida,39
0,Falsas,NOUN,plaza,39
0,Falsas,NOUN,precio,39
0,Falsas,NOUN,materia,39
0,Falsas,NOUN,asociación,39
0,Falsas,NOUN,casa,39
0,Falsas,NOUN,ataque,38
0,Falsas,NOUN,conversación,38
0,Falsas,NOUN,pesar,38
0,Falsas,NOUN,alarma,38
0,Falsas,NOUN,magistrado,38
0,Falsas,NOUN,tema,38
0,Falsas,NOUN,indulto,38
0,Falsas,NOUN,narrativa,38
0,Falsas,NOUN,vicepresidente,37
0,Falsas,NOUN,actuación,37
0,Falsas,NOUN,puerta,37
0,Falsas,NOUN,audio,37
0,Falsas,NOUN,asilo,37
0,Falsas,NOUN,acceso,37
0,Falsas,NOUN,carta,37
0,Falsas,NOUN,intento,37
0,Falsas,NOUN,expediente,37
0,Falsas,NOUN,representante,37
0,Falsas,NOUN,modelo,37
0,Falsas,NOUN,solo,37
0,Falsas,NOUN,plataforma,36
0,Falsas,NOUN,movimiento,36
0,Falsas,NOUN,idea,36
0,Falsas,NOUN,crítica,36
0,Falsas,NOUN,reglamento,36
0,Falsas,NOUN,poder,36
0,Falsas,NOUN,estudio,36
0,Falsas,NOUN,encuentro,36
0,Falsas,NOUN,financiación,36
0,Falsas,NOUN,tanto,36
0,Falsas,NOUN,obstante,36
0,Falsas,NOUN,lado,36
0,Falsas,NOUN,primaria,35
0,Falsas,NOUN,titular,35
0,Falsas,NOUN,2018,35
0,Falsas,NOUN,residencia,35
0,Falsas,NOUN,fiscal,35
0,Falsas,NOUN,intención,35
0,Falsas,NOUN,partir,35
0,Falsas,NOUN,noticia,35
0,Falsas,NOUN,febrero,35
0,Falsas,NOUN,sector,35
0,Falsas,NOUN,duda,35
0,Falsas,NOUN,viernes,35
0,Falsas,NOUN,sede,35
0,Falsas,NOUN,gasto,35
0,Falsas,NOUN,salida,35
0,Falsas,NOUN,trámite,35
0,Falsas,NOUN,orden,35
0,Falsas,NOUN,efecto,35
0,Falsas,NOUN,aprobación,35
0,Falsas,NOUN,militar,35
0,Falsas,NOUN,permiso,34
0,Falsas,NOUN,bandera,34
0,Falsas,NOUN,ministerio,34
0,Falsas,NOUN,tensión,34
0,Falsas,NOUN,ayuntamiento,34
0,Falsas,NOUN,agenda,34
0,Falsas,NOUN,evento,34
0,Falsas,NOUN,baja,34
0,Falsas,NOUN,municipio,34
0,Falsas,NOUN,resolución,34
0,Falsas,NOUN,aumento,34
0,Falsas,NOUN,ingreso,34
0,Falsas,NOUN,retorno,34
0,Falsas,NOUN,edificio,34
0,Falsas,NOUN,fuego,34
0,Falsas,NOUN,órgano,33
0,Falsas,NOUN,noviembre,33
0,Falsas,NOUN,2019,33
0,Falsas,NOUN,sábado,33
0,Falsas,NOUN,gente,33
0,Falsas,NOUN,valor,33
0,Falsas,NOUN,presencia,33
0,Falsas,NOUN,democracia,33
0,Falsas,NOUN,intervención,33
0,Falsas,NOUN,región,32
0,Falsas,NOUN,opinión,32
0,Falsas,NOUN,dictador,32
0,Falsas,NOUN,colaboración,32
0,Falsas,NOUN,preso,32
0,Falsas,NOUN,ocasión,32
0,Falsas,NOUN,compromiso,32
0,Falsas,NOUN,error,32
0,Falsas,NOUN,operación,32
0,Falsas,NOUN,cabo,32
0,Falsas,NOUN,bloque,31
0,Falsas,NOUN,empresario,31
0,Falsas,NOUN,concejal,31
0,Falsas,NOUN,comisario,31
0,Falsas,NOUN,historia,31
0,Falsas,NOUN,criterio,31
0,Falsas,NOUN,abstención,31
0,Falsas,NOUN,victoria,31
0,Falsas,NOUN,cosa,31
0,Falsas,NOUN,fotografía,31
0,Falsas,NOUN,x,31
0,Falsas,NOUN,rechazo,30
0,Falsas,NOUN,jueza,30
0,Falsas,NOUN,educación,30
0,Falsas,NOUN,garantía,30
0,Falsas,NOUN,muerte,30
0,Falsas,NOUN,inicio,30
0,Falsas,NOUN,domingo,30
0,Falsas,NOUN,hijo,30
0,Falsas,NOUN,cárcel,30
0,Falsas,NOUN,consenso,30
0,Falsas,NOUN,pregunta,30
0,Falsas,NOUN,sindicato,30
0,Falsas,NOUN,bien,30
0,Falsas,NOUN,rueda,29
0,Falsas,NOUN,carga,29
0,Falsas,NOUN,futuro,29
0,Falsas,NOUN,dimisión,29
0,Falsas,NOUN,realidad,29
0,Falsas,NOUN,escándalo,29
0,Falsas,NOUN,confianza,29
0,Falsas,NOUN,cartel,29
0,Falsas,NOUN,soberanía,29
0,Falsas,NOUN,participación,29
0,Falsas,NOUN,puerto,29
0,Falsas,NOUN,teléfono,29
0,Falsas,NOUN,prevención,29
0,Falsas,NOUN,mar,29
0,Falsas,NOUN,normativa,28
0,Falsas,NOUN,opción,28
0,Falsas,NOUN,presidencia,28
0,Falsas,NOUN,necesidad,28
0,Falsas,NOUN,mundo,28
0,Falsas,NOUN,comunicado,28
0,Falsas,NOUN,principio,28
0,Falsas,NOUN,cámara,28
0,Falsas,NOUN,obra,28
0,Falsas,NOUN,invasión,28
0,Falsas,NOUN,ámbito,28
0,Falsas,NOUN,avance,28
0,Falsas,NOUN,tarjeta,28
0,Falsas,NOUN,escenario,28
0,Falsas,NOUN,aplicación,28
0,Falsas,NOUN,aborto,28
0,Falsas,NOUN,dispositivo,28
0,Falsas,NOUN,devolución,27
0,Falsas,NOUN,lucha,27
0,Falsas,NOUN,compra,27
0,Falsas,NOUN,alcaldesa,27
0,Falsas,NOUN,marco,27
0,Falsas,NOUN,disposición,27
0,Falsas,NOUN,enmienda,27
0,Falsas,NOUN,elemento,27
0,Falsas,NOUN,diario,27
0,Falsas,NOUN,2020,27
0,Falsas,NOUN,malversación,27
0,Falsas,NOUN,político,27
0,Falsas,NOUN,perfil,27
0,Falsas,NOUN,razón,27
0,Falsas,NOUN,torno,27
0,Falsas,NOUN,gafa,27
0,Falsas,NOUN,dictadura,26
0,Falsas,NOUN,padre,26
0,Falsas,NOUN,amenaza,26
0,Falsas,NOUN,población,26
0,Falsas,NOUN,espionaje,26
0,Falsas,NOUN,autonomía,26
0,Falsas,NOUN,ciudadanía,26
0,Falsas,NOUN,pena,26
0,Falsas,NOUN,movilización,26
0,Falsas,NOUN,mandato,26
0,Falsas,NOUN,mercado,26
0,Falsas,NOUN,ausencia,26
0,Falsas,NOUN,marroquí,26
0,Falsas,NOUN,inmueble,26
0,Falsas,NOUN,ciberdelincuent,26
0,Falsas,NOUN,figura,25
0,Falsas,NOUN,conspiración,25
0,Falsas,NOUN,renta,25
0,Falsas,NOUN,legislación,25
0,Falsas,NOUN,general,25
0,Falsas,NOUN,decena,25
0,Falsas,NOUN,luz,25
0,Falsas,NOUN,venta,25
0,Falsas,NOUN,anuncio,25
0,Falsas,NOUN,emergencia,25
0,Falsas,NOUN,propiedad,25
0,Falsas,NOUN,terreno,25
0,Falsas,NOUN,comicio,24
0,Falsas,NOUN,independentismo,24
0,Falsas,NOUN,noche,24
0,Falsas,NOUN,economía,24
0,Falsas,NOUN,explicación,24
0,Falsas,NOUN,obligación,24
0,Falsas,NOUN,grabación,24
0,Falsas,NOUN,edad,24
0,Falsas,NOUN,gracias,24
0,Falsas,NOUN,franquismo,24
0,Falsas,NOUN,acta,24
0,Falsas,NOUN,requisito,24
0,Falsas,NOUN,fenómeno,24
0,Falsas,NOUN,verano,24
0,Falsas,NOUN,impacto,24
0,Falsas,NOUN,agencia,24
0,Falsas,NOUN,reloj,24
0,Falsas,NOUN,concreto,24
0,Falsas,NOUN,2021,24
0,Falsas,NOUN,mapa,24
0,Falsas,NOUN,playa,24
0,Falsas,NOUN,querella,23
0,Falsas,NOUN,sentido,23
0,Falsas,NOUN,independentista,23
0,Falsas,NOUN,área,23
0,Falsas,NOUN,subida,23
0,Falsas,NOUN,género,23
0,Falsas,NOUN,concentración,23
0,Falsas,NOUN,suspensión,23
0,Falsas,NOUN,exministro,23
0,Falsas,NOUN,odio,23
0,Falsas,NOUN,ahorro,23
0,Falsas,NOUN,juzgado,23
0,Falsas,NOUN,coste,23
0,Falsas,NOUN,integridad,23
0,Falsas,NOUN,expulsión,23
0,Falsas,NOUN,profesor,23
0,Falsas,NOUN,exhumación,23
0,Falsas,NOUN,beneficio,23
0,Falsas,NOUN,instalación,23
0,Falsas,NOUN,nombramiento,22
0,Falsas,NOUN,justicia,22
0,Falsas,NOUN,solución,22
0,Falsas,NOUN,postura,22
0,Falsas,NOUN,feminismo,22
0,Falsas,NOUN,detalle,22
0,Falsas,NOUN,instrucción,22
0,Falsas,NOUN,coronavirus,22
0,Falsas,NOUN,modificación,22
0,Falsas,NOUN,veto,22
0,Falsas,NOUN,finales,22
0,Falsas,NOUN,alternativa,22
0,Falsas,NOUN,visita,22
0,Falsas,NOUN,aire,22
0,Falsas,NOUN,art,22
0,Falsas,NOUN,enfermedad,22
0,Falsas,NOUN,absentismo,22
0,Falsas,NOUN,memoria,21
0,Falsas,NOUN,motivo,21
0,Falsas,NOUN,colectivo,21
0,Falsas,NOUN,hospital,21
0,Falsas,NOUN,amigo,21
0,Falsas,NOUN,letrado,21
0,Falsas,NOUN,procés,21
0,Falsas,NOUN,empleo,21
0,Falsas,NOUN,sondeo,21
0,Falsas,NOUN,renovación,21
0,Falsas,NOUN,arma,21
0,Falsas,NOUN,cita,21
0,Falsas,NOUN,mascarilla,21
0,Falsas,NOUN,tratamiento,21
0,Falsas,NOUN,límite,21
0,Falsas,NOUN,disputa,21
0,Falsas,NOUN,evidencia,21
0,Falsas,NOUN,excepción,21
0,Falsas,NOUN,nota,21
0,Falsas,NOUN,nieto,21
0,Falsas,NOUN,animal,21
0,Falsas,NOUN,total,21
0,Falsas,NOUN,consulta,21
0,Falsas,NOUN,patrimonio,21
0,Falsas,NOUN,oficina,21
0,Falsas,NOUN,técnica,21
0,Falsas,NOUN,consejero,20
0,Falsas,NOUN,expresión,20
0,Falsas,NOUN,conservador,20
0,Falsas,NOUN,diciembre,20
0,Falsas,NOUN,igualdad,20
0,Falsas,NOUN,referéndum,20
0,Falsas,NOUN,viaje,20
0,Falsas,NOUN,carácter,20
0,Falsas,NOUN,cruce,20
0,Falsas,NOUN,mecanismo,20
0,Falsas,NOUN,construcción,20
0,Falsas,NOUN,cabeza,20
0,Falsas,NOUN,voz,20
0,Falsas,NOUN,entorno,20
0,Falsas,NOUN,recuperación,20
0,Falsas,NOUN,calidad,20
0,Falsas,NOUN,traslado,20
0,Falsas,NOUN,fortuna,20
0,Falsas,NOUN,búsqueda,20
0,Falsas,NOUN,crimen,20
0,Falsas,NOUN,eurodiputado,20
0,Falsas,NOUN,marca,20
0,Falsas,NOUN,investigador,20
0,Falsas,NOUN,apuesta,20
0,Falsas,NOUN,extranjero,20
0,Falsas,NOUN,gato,20
0,Falsas,NOUN,trama,19
0,Falsas,NOUN,representación,19
0,Falsas,NOUN,documentación,19
0,Falsas,NOUN,raíz,19
0,Falsas,NOUN,voluntad,19
0,Falsas,NOUN,votante,19
0,Falsas,NOUN,margen,19
0,Falsas,NOUN,retirada,19
0,Falsas,NOUN,liderazgo,19
0,Falsas,NOUN,transferencia,19
0,Falsas,NOUN,director,19
0,Falsas,NOUN,senador,19
0,Falsas,NOUN,rebaja,19
0,Falsas,NOUN,periodo,19
0,Falsas,NOUN,recorte,19
0,Falsas,NOUN,convocatoria,19
0,Falsas,NOUN,vigor,19
0,Falsas,NOUN,oportunidad,19
0,Falsas,NOUN,creación,19
0,Falsas,NOUN,sanidad,19
0,Falsas,NOUN,asistencia,19
0,Falsas,NOUN,enlace,19
0,Falsas,NOUN,alerta,19
0,Falsas,NOUN,inundación,19
0,Falsas,NOUN,extinción,19
0,Falsas,NOUN,verdad,18
0,Falsas,NOUN,manifestante,18
0,Falsas,NOUN,vuelta,18
0,Falsas,NOUN,caída,18
0,Falsas,NOUN,cuerpo,18
0,Falsas,NOUN,congreso,18
0,Falsas,NOUN,testigo,18
0,Falsas,NOUN,parlamentario,18
0,Falsas,NOUN,toma,18
0,Falsas,NOUN,sueldo,18
0,Falsas,NOUN,concepto,18
0,Falsas,NOUN,prórroga,18
0,Falsas,NOUN,salud,18
0,Falsas,NOUN,homenaje,18
0,Falsas,NOUN,foco,18
0,Falsas,NOUN,década,18
0,Falsas,NOUN,nación,18
0,Falsas,NOUN,administración,18
0,Falsas,NOUN,partida,18
0,Falsas,NOUN,bloqueo,18
0,Falsas,NOUN,valla,18
0,Falsas,NOUN,vecino,18
0,Falsas,NOUN,regularización,18
0,Falsas,NOUN,autorización,18
0,Falsas,NOUN,canal,18
0,Falsas,NOUN,efectivo,18
0,Falsas,NOUN,sarna,18
0,Falsas,NOUN,monte,18
0,Falsas,NOUN,fase,17
0,Falsas,NOUN,alianza,17
0,Falsas,NOUN,ola,17
0,Falsas,NOUN,calor,17
0,Falsas,NOUN,escrito,17
0,Falsas,NOUN,escuela,17
0,Falsas,NOUN,compañero,17
0,Falsas,NOUN,carrera,17
0,Falsas,NOUN,fila,17
0,Falsas,NOUN,jornada,17
0,Falsas,NOUN,enfrentamiento,17
0,Falsas,NOUN,archivo,17
0,Falsas,NOUN,mitin,17
0,Falsas,NOUN,indicio,17
0,Falsas,NOUN,actor,17
0,Falsas,NOUN,título,17
0,Falsas,NOUN,localidad,17
0,Falsas,NOUN,reserva,17
0,Falsas,NOUN,curso,17
0,Falsas,NOUN,irregularidad,17
0,Falsas,NOUN,2015,17
0,Falsas,NOUN,etapa,17
0,Falsas,NOUN,batalla,17
0,Falsas,NOUN,alusión,17
0,Falsas,NOUN,lema,17
0,Falsas,NOUN,subvención,17
0,Falsas,NOUN,cúpula,17
0,Falsas,NOUN,tarde,17
0,Falsas,NOUN,televisión,17
0,Falsas,NOUN,análisis,17
0,Falsas,NOUN,propietario,17
0,Falsas,NOUN,llama,17
0,Falsas,NOUN,incremento,17
0,Falsas,NOUN,kilómetro,17
0,Falsas,NOUN,captura,17
0,Falsas,NOUN,campamento,17
0,Falsas,NOUN,camión,17
0,Falsas,NOUN,escena,17
0,Falsas,NOUN,superficie,17
0,Falsas,NOUN,concebido,17
0,Falsas,NOUN,tramitación,16
0,Falsas,NOUN,fracaso,16
0,Falsas,NOUN,móvil,16
0,Falsas,NOUN,correo,16
0,Falsas,NOUN,transparencia,16
0,Falsas,NOUN,caja,16
0,Falsas,NOUN,régimen,16
0,Falsas,NOUN,multa,16
0,Falsas,NOUN,activista,16
0,Falsas,NOUN,recomendación,16
0,Falsas,NOUN,proposición,16
0,Falsas,NOUN,versión,16
0,Falsas,NOUN,existencia,16
0,Falsas,NOUN,fallo,16
0,Falsas,NOUN,camino,16
0,Falsas,NOUN,cierre,16
0,Falsas,NOUN,salario,16
0,Falsas,NOUN,monarca,16
0,Falsas,NOUN,monarquía,16
0,Falsas,NOUN,estudiante,16
0,Falsas,NOUN,carretera,16
0,Falsas,NOUN,urna,16
0,Falsas,NOUN,regla,16
0,Falsas,NOUN,labor,16
0,Falsas,NOUN,concesión,16
0,Falsas,NOUN,mitad,16
0,Falsas,NOUN,suelo,16
0,Falsas,NOUN,urgencia,16
0,Falsas,NOUN,identidad,16
0,Falsas,NOUN,sitio,16
0,Falsas,NOUN,tecnología,16
0,Falsas,NOUN,antecedente,16
0,Falsas,NOUN,selección,16
0,Falsas,NOUN,oferta,15
0,Falsas,NOUN,independencia,15
0,Falsas,NOUN,ejercicio,15
0,Falsas,NOUN,mentira,15
0,Falsas,NOUN,consistorio,15
0,Falsas,NOUN,compañía,15
0,Falsas,NOUN,2017,15
0,Falsas,NOUN,hogar,15
0,Falsas,NOUN,metro,15
0,Falsas,NOUN,alcaldía,15
0,Falsas,NOUN,código,15
0,Falsas,NOUN,argumento,15
0,Falsas,NOUN,serie,15
0,Falsas,NOUN,vínculo,15
0,Falsas,NOUN,ático,15
0,Falsas,NOUN,ropa,15
0,Falsas,NOUN,pieza,15
0,Falsas,NOUN,militancia,15
0,Falsas,NOUN,tesis,15
0,Falsas,NOUN,banco,15
0,Falsas,NOUN,delegación,15
0,Falsas,NOUN,deuda,15
0,Falsas,NOUN,hemiciclo,15
0,Falsas,NOUN,difusión,15
0,Falsas,NOUN,negativa,15
0,Falsas,NOUN,hermano,15
0,Falsas,NOUN,actualidad,15
0,Falsas,NOUN,secretaria,15
0,Falsas,NOUN,rescate,15
0,Falsas,NOUN,paquete,15
0,Falsas,NOUN,perro,15
0,Falsas,NOUN,porcentaje,15
0,Falsas,NOUN,colegio,15
0,Falsas,NOUN,terrorismo,15
0,Falsas,NOUN,producto,15
0,Falsas,NOUN,herramienta,15
0,Falsas,NOUN,estafador,15
0,Falsas,NOUN,migrante,15
0,Falsas,NOUN,bacteria,15
0,Falsas,NOUN,estabilidad,14
0,Falsas,NOUN,reto,14
0,Falsas,NOUN,prevaricación,14
0,Falsas,NOUN,respeto,14
0,Falsas,NOUN,teoría,14
0,Falsas,NOUN,2016,14
0,Falsas,NOUN,cooperación,14
0,Falsas,NOUN,esfuerzo,14
0,Falsas,NOUN,convivencia,14
0,Falsas,NOUN,tráfico,14
0,Falsas,NOUN,discrepancia,14
0,Falsas,NOUN,ruptura,14
0,Falsas,NOUN,departamento,14
0,Falsas,NOUN,largo,14
0,Falsas,NOUN,reparto,14
0,Falsas,NOUN,indignación,14
0,Falsas,NOUN,suma,14
0,Falsas,NOUN,cuanto,14
0,Falsas,NOUN,árbol,14
0,Falsas,NOUN,golpe,14
0,Falsas,NOUN,desarrollo,14
0,Falsas,NOUN,cuantía,14
0,Falsas,NOUN,testimonio,14
0,Falsas,NOUN,detención,14
0,Falsas,NOUN,embarazo,14
0,Falsas,NOUN,desaparición,14
0,Falsas,NOUN,estación,14
0,Falsas,NOUN,entrega,14
0,Falsas,NOUN,médico,14
0,Falsas,NOUN,iglesia,14
0,Falsas,NOUN,solicitante,14
0,Falsas,NOUN,tuberculosis,14
0,Falsas,NOUN,práctica,14
0,Falsas,NOUN,domicilio,14
0,Falsas,NOUN,profesional,14
0,Falsas,NOUN,alimento,14
0,Falsas,NOUN,trimestre,14
0,Falsas,NOUN,inglés,14
0,Falsas,NOUN,posts,14
0,Falsas,NOUN,guardia,13
0,Falsas,NOUN,división,13
0,Falsas,NOUN,vista,13
0,Falsas,NOUN,provincia,13
0,Falsas,NOUN,sanción,13
0,Falsas,NOUN,peligro,13
0,Falsas,NOUN,abuso,13
0,Falsas,NOUN,material,13
0,Falsas,NOUN,fiesta,13
0,Falsas,NOUN,secreto,13
0,Falsas,NOUN,aniversario,13
0,Falsas,NOUN,pueblo,13
0,Falsas,NOUN,militante,13
0,Falsas,NOUN,llamada,13
0,Falsas,NOUN,atentado,13
0,Falsas,NOUN,campo,13
0,Falsas,NOUN,republicano,13
0,Falsas,NOUN,legalidad,13
0,Falsas,NOUN,aliado,13
0,Falsas,NOUN,pareja,13
0,Falsas,NOUN,disturbio,13
0,Falsas,NOUN,piso,13
0,Falsas,NOUN,objeto,13
0,Falsas,NOUN,patrón,13
0,Falsas,NOUN,destino,13
0,Falsas,NOUN,normalidad,13
0,Falsas,NOUN,hectárea,13
0,Falsas,NOUN,cantidad,13
0,Falsas,NOUN,reivindicación,13
0,Falsas,NOUN,donación,13
0,Falsas,NOUN,tasa,13
0,Falsas,NOUN,traspaso,13
0,Falsas,NOUN,piel,13
0,Falsas,NOUN,despliegue,13
0,Falsas,NOUN,matrícula,13
0,Falsas,NOUN,portal,13
0,Falsas,NOUN,clip,13
0,Falsas,NOUN,derogación,12
0,Falsas,NOUN,delegado,12
0,Falsas,NOUN,paciente,12
0,Falsas,NOUN,insulto,12
0,Falsas,NOUN,directora,12
0,Falsas,NOUN,totalidad,12
0,Falsas,NOUN,autodeterminación,12
0,Falsas,NOUN,despacho,12
0,Falsas,NOUN,expresidenta,12
0,Falsas,NOUN,refugiado,12
0,Falsas,NOUN,autor,12
0,Falsas,NOUN,ambiente,12
0,Falsas,NOUN,distancia,12
0,Falsas,NOUN,emérito,12
0,Falsas,NOUN,costa,12
0,Falsas,NOUN,éxito,12
0,Falsas,NOUN,niña,12
0,Falsas,NOUN,incapacidad,12
0,Falsas,NOUN,preocupación,12
0,Falsas,NOUN,respaldo,12
0,Falsas,NOUN,consejera,12
0,Falsas,NOUN,estructura,12
0,Falsas,NOUN,silencio,12
0,Falsas,NOUN,perspectiva,12
0,Falsas,NOUN,censo,12
0,Falsas,NOUN,consejo,12
0,Falsas,NOUN,coordinador,12
0,Falsas,NOUN,firma,12
0,Falsas,NOUN,renuncia,12
0,Falsas,NOUN,símbolo,12
0,Falsas,NOUN,exigencia,12
0,Falsas,NOUN,gesto,12
0,Falsas,NOUN,media,12
0,Falsas,NOUN,gravedad,12
0,Falsas,NOUN,empleado,12
0,Falsas,NOUN,prohibición,12
0,Falsas,NOUN,protocolo,12
0,Falsas,NOUN,circunstancia,12
0,Falsas,NOUN,fórmula,12
0,Falsas,NOUN,tarea,12
0,Falsas,NOUN,hotel,12
0,Falsas,NOUN,tal,12
0,Falsas,NOUN,término,12
0,Falsas,NOUN,pérdida,12
0,Falsas,NOUN,pasaporte,12
0,Falsas,NOUN,turismo,12
0,Falsas,NOUN,evaluación,12
0,Falsas,NOUN,rifirrafe,12
0,Falsas,NOUN,columna,12
0,Falsas,NOUN,alojamiento,12
0,Falsas,NOUN,tienda,12
0,Falsas,NOUN,gasolina,12
0,Falsas,NOUN,padrón,12
0,Falsas,NOUN,jugador,12
0,Falsas,NOUN,discapacidad,11
0,Falsas,NOUN,premio,11
0,Falsas,NOUN,mañana,11
0,Falsas,NOUN,manos,11
0,Falsas,NOUN,celebración,11
0,Falsas,NOUN,bonificación,11
0,Falsas,NOUN,acoso,11
0,Falsas,NOUN,apertura,11
0,Falsas,NOUN,asesinato,11
0,Falsas,NOUN,valoración,11
0,Falsas,NOUN,presentación,11
0,Falsas,NOUN,banquillo,11
0,Falsas,NOUN,indemnización,11
0,Falsas,NOUN,barón,11
0,Falsas,NOUN,aeropuerto,11
0,Falsas,NOUN,prioridad,11
0,Falsas,NOUN,estatuto,11
0,Falsas,NOUN,honor,11
0,Falsas,NOUN,expresident,11
0,Falsas,NOUN,daño,11
0,Falsas,NOUN,reconstrucción,11
0,Falsas,NOUN,céntimo,11
0,Falsas,NOUN,fichaje,11
0,Falsas,NOUN,préstamo,11
0,Falsas,NOUN,auto,11
0,Falsas,NOUN,restricción,11
0,Falsas,NOUN,conjunto,11
0,Falsas,NOUN,catalán,11
0,Falsas,NOUN,edición,11
0,Falsas,NOUN,experiencia,11
0,Falsas,NOUN,turno,11
0,Falsas,NOUN,derrota,11
0,Falsas,NOUN,grado,11
0,Falsas,NOUN,máster,11
0,Falsas,NOUN,confluencia,11
0,Falsas,NOUN,inhabilitación,11
0,Falsas,NOUN,barrio,11
0,Falsas,NOUN,isla,11
0,Falsas,NOUN,2014,11
0,Falsas,NOUN,aspecto,11
0,Falsas,NOUN,importancia,11
0,Falsas,NOUN,herencia,11
0,Falsas,NOUN,regreso,11
0,Falsas,NOUN,residente,11
0,Falsas,NOUN,prestación,11
0,Falsas,NOUN,cuota,11
0,Falsas,NOUN,modo,11
0,Falsas,NOUN,parque,11
0,Falsas,NOUN,titularidad,11
0,Falsas,NOUN,gas,11
0,Falsas,NOUN,capacidad,11
0,Falsas,NOUN,apartado,11
0,Falsas,NOUN,oleada,11
0,Falsas,NOUN,placa,11
0,Falsas,NOUN,colapso,11
0,Falsas,NOUN,supuesto,11
0,Falsas,NOUN,suceso,11
0,Falsas,NOUN,post,11
0,Falsas,NOUN,descuento,11
0,Falsas,NOUN,experta,11
0,Falsas,NOUN,cónyuge,11
0,Falsas,NOUN,pisa,11
0,Falsas,NOUN,escombro,11
0,Falsas,NOUN,tuit,10
0,Falsas,NOUN,inmigración,10
0,Falsas,NOUN,estimación,10
0,Falsas,NOUN,beca,10
0,Falsas,NOUN,niño,10
0,Falsas,NOUN,edil,10
0,Falsas,NOUN,medalla,10
0,Falsas,NOUN,libro,10
0,Falsas,NOUN,asamblea,10
0,Falsas,NOUN,incidente,10
0,Falsas,NOUN,ofensiva,10
0,Falsas,NOUN,aval,10
0,Falsas,NOUN,protagonista,10
0,Falsas,NOUN,interior,10
0,Falsas,NOUN,dependencia,10
0,Falsas,NOUN,bebé,10
0,Falsas,NOUN,conocimiento,10
0,Falsas,NOUN,conclusión,10
0,Falsas,NOUN,hija,10
0,Falsas,NOUN,centenar,10
0,Falsas,NOUN,circuito,10
0,Falsas,NOUN,funcionario,10
0,Falsas,NOUN,cheque,10
0,Falsas,NOUN,comité,10
0,Falsas,NOUN,desobediencia,10
0,Falsas,NOUN,cloaca,10
0,Falsas,NOUN,mando,10
0,Falsas,NOUN,monumento,10
0,Falsas,NOUN,ampliación,10
0,Falsas,NOUN,robo,10
0,Falsas,NOUN,auge,10
0,Falsas,NOUN,balance,10
0,Falsas,NOUN,montaje,10
0,Falsas,NOUN,madre,10
0,Falsas,NOUN,espera,10
0,Falsas,NOUN,triunfo,10
0,Falsas,NOUN,huelga,10
0,Falsas,NOUN,guiño,10
0,Falsas,NOUN,inflación,10
0,Falsas,NOUN,cesión,10
0,Falsas,NOUN,magnitud,10
0,Falsas,NOUN,terrorista,10
0,Falsas,NOUN,mafia,10
0,Falsas,NOUN,jubilación,10
0,Falsas,NOUN,cliente,10
0,Falsas,NOUN,negocio,10
0,Falsas,NOUN,desplazamiento,10
0,Falsas,NOUN,empadronamiento,10
0,Falsas,NOUN,rumbo,10
0,Falsas,NOUN,asalto,10
0,Falsas,NOUN,récord,10
0,Falsas,NOUN,cobertura,10
0,Falsas,NOUN,soldado,10
0,Falsas,NOUN,rastro,10
0,Falsas,NOUN,característica,10
0,Falsas,NOUN,norte,10
0,Falsas,NOUN,factor,10
0,Falsas,NOUN,constancia,10
0,Falsas,NOUN,visualización,10
0,Falsas,NOUN,invasor,10
0,Falsas,NOUN,ubicación,10
0,Falsas,NOUN,cápita,10
0,Falsas,NOUN,pantalla,10
0,Falsas,NOUN,riada,10
0,Falsas,NOUN,bombero,10
0,Falsas,NOUN,gestación,10
0,Falsas,NOUN,adelanto,9
0,Falsas,NOUN,patronal,9
0,Falsas,NOUN,pasado,9
0,Falsas,NOUN,distinción,9
0,Falsas,NOUN,comida,9
0,Falsas,NOUN,cese,9
0,Falsas,NOUN,factura,9
0,Falsas,NOUN,cumplimiento,9
0,Falsas,NOUN,confinamiento,9
0,Falsas,NOUN,2008,9
0,Falsas,NOUN,malestar,9
0,Falsas,NOUN,violación,9
0,Falsas,NOUN,irrupción,9
0,Falsas,NOUN,historial,9
0,Falsas,NOUN,hoja,9
0,Falsas,NOUN,energía,9
0,Falsas,NOUN,influencia,9
0,Falsas,NOUN,actitud,9
0,Falsas,NOUN,exvicepresidente,9
0,Falsas,NOUN,sedición,9
0,Falsas,NOUN,aviso,9
0,Falsas,NOUN,reducción,9
0,Falsas,NOUN,2013,9
0,Falsas,NOUN,vacuna,9
0,Falsas,NOUN,gabinete,9
0,Falsas,NOUN,mantenimiento,9
0,Falsas,NOUN,núcleo,9
0,Falsas,NOUN,amnistía,9
0,Falsas,NOUN,diseño,9
0,Falsas,NOUN,vigilancia,9
0,Falsas,NOUN,revelación,9
0,Falsas,NOUN,afiliado,9
0,Falsas,NOUN,marido,9
0,Falsas,NOUN,condenado,9
0,Falsas,NOUN,falsedad,9
0,Falsas,NOUN,distribución,9
0,Falsas,NOUN,repetición,9
0,Falsas,NOUN,clima,9
0,Falsas,NOUN,incertidumbre,9
0,Falsas,NOUN,rebelión,9
0,Falsas,NOUN,aportación,9
0,Falsas,NOUN,contagio,9
0,Falsas,NOUN,especulación,9
0,Falsas,NOUN,examen,9
0,Falsas,NOUN,fundador,9
0,Falsas,NOUN,banca,9
0,Falsas,NOUN,precedente,9
0,Falsas,NOUN,abogada,9
0,Falsas,NOUN,ojo,9
0,Falsas,NOUN,represión,9
0,Falsas,NOUN,sombra,9
0,Falsas,NOUN,baño,9
0,Falsas,NOUN,cruz,9
0,Falsas,NOUN,limpieza,9
0,Falsas,NOUN,tribuna,9
0,Falsas,NOUN,cartera,9
0,Falsas,NOUN,juego,9
0,Falsas,NOUN,tierra,9
0,Falsas,NOUN,temperatura,9
0,Falsas,NOUN,público,9
0,Falsas,NOUN,evolución,9
0,Falsas,NOUN,extensión,9
0,Falsas,NOUN,vocal,9
0,Falsas,NOUN,extremo,9
0,Falsas,NOUN,nacimiento,9
0,Falsas,NOUN,pancarta,9
0,Falsas,NOUN,sección,9
0,Falsas,NOUN,helicóptero,9
0,Falsas,NOUN,corporación,9
0,Falsas,NOUN,asistente,9
0,Falsas,NOUN,funcionamiento,9
0,Falsas,NOUN,circula,9
0,Falsas,NOUN,cuchillo,9
0,Falsas,NOUN,ceutí,9
0,Falsas,NOUN,repatriación,9
0,Falsas,NOUN,viudo,9
0,Falsas,NOUN,ciencia,9
0,Falsas,NOUN,gaviota,9
0,Falsas,NOUN,piedra,9
0,Falsas,NOUN,portada,9
0,Falsas,NOUN,nube,9
0,Falsas,NOUN,exvicepresidenta,8
0,Falsas,NOUN,conferencia,8
0,Falsas,NOUN,mito,8
0,Falsas,NOUN,confrontación,8
0,Falsas,NOUN,demanda,8
0,Falsas,NOUN,plano,8
0,Falsas,NOUN,concejala,8
0,Falsas,NOUN,comentario,8
0,Falsas,NOUN,lazo,8
0,Falsas,NOUN,excomisario,8
0,Falsas,NOUN,profesora,8
0,Falsas,NOUN,reproche,8
0,Falsas,NOUN,coordinación,8
0,Falsas,NOUN,real,8
0,Falsas,NOUN,rectificación,8
0,Falsas,NOUN,peso,8
0,Falsas,NOUN,integrante,8
0,Falsas,NOUN,conseller,8
0,Falsas,NOUN,cordón,8
0,Falsas,NOUN,sed,8
0,Falsas,NOUN,tortura,8
0,Falsas,NOUN,panorama,8
0,Falsas,NOUN,operativo,8
0,Falsas,NOUN,reflexión,8
0,Falsas,NOUN,imputación,8
0,Falsas,NOUN,disco,8
0,Falsas,NOUN,gráfico,8
0,Falsas,NOUN,asesor,8
0,Falsas,NOUN,bajada,8
0,Falsas,NOUN,deber,8
0,Falsas,NOUN,cotización,8
0,Falsas,NOUN,naranja,8
0,Falsas,NOUN,tren,8
0,Falsas,NOUN,manifiesto,8
0,Falsas,NOUN,matrimonio,8
0,Falsas,NOUN,vicesecretaria,8
0,Falsas,NOUN,cumbre,8
0,Falsas,NOUN,república,8
0,Falsas,NOUN,desgaste,8
0,Falsas,NOUN,cobro,8
0,Falsas,NOUN,expectativa,8
0,Falsas,NOUN,escala,8
0,Falsas,NOUN,ruta,8
0,Falsas,NOUN,minoría,8
0,Falsas,NOUN,desigualdad,8
0,Falsas,NOUN,descendiente,8
0,Falsas,NOUN,legado,8
0,Falsas,NOUN,ejecución,8
0,Falsas,NOUN,propaganda,8
0,Falsas,NOUN,finca,8
0,Falsas,NOUN,promoción,8
0,Falsas,NOUN,audiencia,8
0,Falsas,NOUN,extesorero,8
0,Falsas,NOUN,crecimiento,8
0,Falsas,NOUN,dosis,8
0,Falsas,NOUN,familiar,8
0,Falsas,NOUN,sigla,8
0,Falsas,NOUN,diligencia,8
0,Falsas,NOUN,paro,8
0,Falsas,NOUN,2010,8
0,Falsas,NOUN,método,8
0,Falsas,NOUN,fútbol,8
0,Falsas,NOUN,grito,8
0,Falsas,NOUN,ponencia,8
0,Falsas,NOUN,relato,8
0,Falsas,NOUN,visto,8
0,Falsas,NOUN,acogida,8
0,Falsas,NOUN,licencia,8
0,Falsas,NOUN,calentamiento,8
0,Falsas,NOUN,rendimiento,8
0,Falsas,NOUN,credibilidad,8
0,Falsas,NOUN,vuelo,8
0,Falsas,NOUN,directo,8
0,Falsas,NOUN,cuarto,8
0,Falsas,NOUN,detenido,8
0,Falsas,NOUN,palo,8
0,Falsas,NOUN,segundo,8
0,Falsas,NOUN,muestra,8
0,Falsas,NOUN,arrendamiento,8
0,Falsas,NOUN,avión,8
0,Falsas,NOUN,enemigo,8
0,Falsas,NOUN,multitud,8
0,Falsas,NOUN,recinto,8
0,Falsas,NOUN,inquilino,8
0,Falsas,NOUN,din-don,8
0,Falsas,NOUN,cronología,8
0,Falsas,NOUN,creencia,8
0,Falsas,NOUN,fotograma,8
0,Falsas,NOUN,webs,8
0,Falsas,NOUN,machet,8
0,Falsas,NOUN,sonido,8
0,Falsas,NOUN,infección,8
0,Falsas,NOUN,viajero,8
0,Falsas,NOUN,futbolista,8
0,Falsas,NOUN,solidaridad,7
0,Falsas,NOUN,eje,7
0,Falsas,NOUN,regulación,7
0,Falsas,NOUN,electorado,7
0,Falsas,NOUN,propósito,7
0,Falsas,NOUN,basura,7
0,Falsas,NOUN,vicesecretario,7
0,Falsas,NOUN,gobernabilidad,7
0,Falsas,NOUN,continuidad,7
0,Falsas,NOUN,oro,7
0,Falsas,NOUN,destrucción,7
0,Falsas,NOUN,cómplice,7
0,Falsas,NOUN,trayectoria,7
0,Falsas,NOUN,posesión,7
0,Falsas,NOUN,vacunación,7
0,Falsas,NOUN,alegación,7
0,Falsas,NOUN,confirmación,7
0,Falsas,NOUN,volcán,7
0,Falsas,NOUN,principios,7
0,Falsas,NOUN,permanencia,7
0,Falsas,NOUN,previsión,7
0,Falsas,NOUN,conciliación,7
0,Falsas,NOUN,2011,7
0,Falsas,NOUN,nacionalista,7
0,Falsas,NOUN,llamamiento,7
0,Falsas,NOUN,techo,7
0,Falsas,NOUN,habitante,7
0,Falsas,NOUN,exministra,7
0,Falsas,NOUN,privatización,7
0,Falsas,NOUN,inmunidad,7
0,Falsas,NOUN,borrador,7
0,Falsas,NOUN,siquiera,7
0,Falsas,NOUN,giro,7
0,Falsas,NOUN,hermana,7
0,Falsas,NOUN,anticrisis,7
0,Falsas,NOUN,implicación,7
0,Falsas,NOUN,local,7
0,Falsas,NOUN,tono,7
0,Falsas,NOUN,turista,7
0,Falsas,NOUN,pie,7
0,Falsas,NOUN,cohecho,7
0,Falsas,NOUN,elector,7
0,Falsas,NOUN,ideología,7
0,Falsas,NOUN,fundación,7
0,Falsas,NOUN,tan,7
0,Falsas,NOUN,bipartidismo,7
0,Falsas,NOUN,interpretación,7
0,Falsas,NOUN,estatus,7
0,Falsas,NOUN,herida,7
0,Falsas,NOUN,fiscalidad,7
0,Falsas,NOUN,franquista,7
0,Falsas,NOUN,tragedia,7
0,Falsas,NOUN,reclamación,7
0,Falsas,NOUN,escudo,7
0,Falsas,NOUN,adversario,7
0,Falsas,NOUN,matiz,7
0,Falsas,NOUN,naturaleza,7
0,Falsas,NOUN,frase,7
0,Falsas,NOUN,altura,7
0,Falsas,NOUN,exsecretario,7
0,Falsas,NOUN,colaborador,7
0,Falsas,NOUN,común,7
0,Falsas,NOUN,teniente,7
0,Falsas,NOUN,incumplimiento,7
0,Falsas,NOUN,estatua,7
0,Falsas,NOUN,planta,7
0,Falsas,NOUN,migración,7
0,Falsas,NOUN,anciano,7
0,Falsas,NOUN,acontecimiento,7
0,Falsas,NOUN,masa,7
0,Falsas,NOUN,trato,7
0,Falsas,NOUN,rival,7
0,Falsas,NOUN,carne,7
0,Falsas,NOUN,dueño,7
0,Falsas,NOUN,personal,7
0,Falsas,NOUN,ronda,7
0,Falsas,NOUN,discriminación,7
0,Falsas,NOUN,veracidad,7
0,Falsas,NOUN,ventaja,7
0,Falsas,NOUN,tratado,7
0,Falsas,NOUN,lujo,7
0,Falsas,NOUN,cementerio,7
0,Falsas,NOUN,dólares,7
0,Falsas,NOUN,manipulación,7
0,Falsas,NOUN,cálculo,7
0,Falsas,NOUN,juventud,7
0,Falsas,NOUN,ente,7
0,Falsas,NOUN,fianza,7
0,Falsas,NOUN,aclaración,7
0,Falsas,NOUN,infraestructura,7
0,Falsas,NOUN,bicicleta,7
0,Falsas,NOUN,dominio,7
0,Falsas,NOUN,seísmo,7
0,Falsas,NOUN,cántico,7
0,Falsas,NOUN,verificador,7
0,Falsas,NOUN,indicador,7
0,Falsas,NOUN,carpa,7
0,Falsas,NOUN,directiva,7
0,Falsas,NOUN,establecimiento,7
0,Falsas,NOUN,piloto,7
0,Falsas,NOUN,ejemplar,7
0,Falsas,NOUN,alud,7
0,Falsas,NOUN,sismo,7
0,Falsas,NOUN,rescatista,7
0,Falsas,NOUN,colonia,7
0,Falsas,NOUN,impétigo,7
0,Falsas,NOUN,circulación,7
0,Falsas,NOUN,altercado,7
0,Falsas,NOUN,mutualista,7
0,Falsas,NOUN,celeb-baiting,7
0,Falsas,NOUN,maternidad,6
0,Falsas,NOUN,retraso,6
0,Falsas,NOUN,silla,6
0,Falsas,NOUN,mirada,6
0,Falsas,NOUN,persecución,6
0,Falsas,NOUN,precampaña,6
0,Falsas,NOUN,lanzamiento,6
0,Falsas,NOUN,privilegio,6
0,Falsas,NOUN,regeneración,6
0,Falsas,NOUN,lección,6
0,Falsas,NOUN,esposa,6
0,Falsas,NOUN,senadora,6
0,Falsas,NOUN,calendario,6
0,Falsas,NOUN,visibilidad,6
0,Falsas,NOUN,transporte,6
0,Falsas,NOUN,argumentario,6
0,Falsas,NOUN,2009,6
0,Falsas,NOUN,autobús,6
0,Falsas,NOUN,receta,6
0,Falsas,NOUN,junta,6
0,Falsas,NOUN,ascenso,6
0,Falsas,NOUN,periódico,6
0,Falsas,NOUN,paz,6
0,Falsas,NOUN,aspirante,6
0,Falsas,NOUN,castigo,6
0,Falsas,NOUN,mandatario,6
0,Falsas,NOUN,cadena,6
0,Falsas,NOUN,incógnita,6
0,Falsas,NOUN,período,6
0,Falsas,NOUN,exasesora,6
0,Falsas,NOUN,ciclo,6
0,Falsas,NOUN,encuestado,6
0,Falsas,NOUN,exlíder,6
0,Falsas,NOUN,tesorero,6
0,Falsas,NOUN,ajuste,6
0,Falsas,NOUN,breve,6
0,Falsas,NOUN,obstáculo,6
0,Falsas,NOUN,acercamiento,6
0,Falsas,NOUN,exconseller,6
0,Falsas,NOUN,cohesión,6
0,Falsas,NOUN,pelea,6
0,Falsas,NOUN,miedo,6
0,Falsas,NOUN,puente,6
0,Falsas,NOUN,comienzo,6
0,Falsas,NOUN,1995,6
0,Falsas,NOUN,repercusión,6
0,Falsas,NOUN,choque,6
0,Falsas,NOUN,traición,6
0,Falsas,NOUN,euro,6
0,Falsas,NOUN,exdiputada,6
0,Falsas,NOUN,inviolabilidad,6
0,Falsas,NOUN,alcance,6
0,Falsas,NOUN,rector,6
0,Falsas,NOUN,época,6
0,Falsas,NOUN,milagro,6
0,Falsas,NOUN,rico,6
0,Falsas,NOUN,paga,6
0,Falsas,NOUN,apartamento,6
0,Falsas,NOUN,embajador,6
0,Falsas,NOUN,granja,6
0,Falsas,NOUN,protagonismo,6
0,Falsas,NOUN,cuadro,6
0,Falsas,NOUN,envío,6
0,Falsas,NOUN,clase,6
0,Falsas,NOUN,unanimidad,6
0,Falsas,NOUN,observatorio,6
0,Falsas,NOUN,episodio,6
0,Falsas,NOUN,expectación,6
0,Falsas,NOUN,epicentro,6
0,Falsas,NOUN,reino,6
0,Falsas,NOUN,importe,6
0,Falsas,NOUN,exjefe,6
0,Falsas,NOUN,interrupción,6
0,Falsas,NOUN,catedrático,6
0,Falsas,NOUN,déficit,6
0,Falsas,NOUN,equilibrio,6
0,Falsas,NOUN,beneficiario,6
0,Falsas,NOUN,revista,6
0,Falsas,NOUN,desfile,6
0,Falsas,NOUN,implantación,6
0,Falsas,NOUN,sufragio,6
0,Falsas,NOUN,neutralidad,6
0,Falsas,NOUN,exportavoz,6
0,Falsas,NOUN,sur,6
0,Falsas,NOUN,asentamiento,6
0,Falsas,NOUN,brote,6
0,Falsas,NOUN,disparo,6
0,Falsas,NOUN,combustible,6
0,Falsas,NOUN,implementación,6
0,Falsas,NOUN,enfoque,6
0,Falsas,NOUN,exacto,6
0,Falsas,NOUN,humanidad,6
0,Falsas,NOUN,consentimiento,6
0,Falsas,NOUN,desconfianza,6
0,Falsas,NOUN,nulidad,6
0,Falsas,NOUN,sala,6
0,Falsas,NOUN,comercio,6
0,Falsas,NOUN,refuerzo,6
0,Falsas,NOUN,señor,6
0,Falsas,NOUN,2007,6
0,Falsas,NOUN,lesión,6
0,Falsas,NOUN,catástrofe,6
0,Falsas,NOUN,reacción,6
0,Falsas,NOUN,casero,6
0,Falsas,NOUN,rama,6
0,Falsas,NOUN,busca,6
0,Falsas,NOUN,exilio,6
0,Falsas,NOUN,piscina,6
0,Falsas,NOUN,1985,6
0,Falsas,NOUN,duración,6
0,Falsas,NOUN,expropiación,6
0,Falsas,NOUN,rasta,6
0,Falsas,NOUN,campana,6
0,Falsas,NOUN,carburante,6
0,Falsas,NOUN,litro,6
0,Falsas,NOUN,pimienta,6
0,Falsas,NOUN,spray,6
0,Falsas,NOUN,1994,6
0,Falsas,NOUN,interacción,6
0,Falsas,NOUN,fact-checkers,6
0,Falsas,NOUN,idioma,6
0,Falsas,NOUN,astroturfing,6
0,Falsas,NOUN,payaso,6
0,Falsas,NOUN,usufructo,6
0,Falsas,NOUN,comuna,6
0,Falsas,NOUN,marroquíes,6
0,Falsas,NOUN,camiseta,6
0,Falsas,NOUN,glaciar,6
0,Falsas,NOUN,paloma,6
0,Falsas,NOUN,quema,6
0,Falsas,NOUN,gol,6
0,Falsas,NOUN,pista,5
0,Falsas,NOUN,ejecutiva,5
0,Falsas,NOUN,universidad,5
0,Falsas,NOUN,investigadora,5
0,Falsas,NOUN,designación,5
0,Falsas,NOUN,madrugada,5
0,Falsas,NOUN,vulnerabilidad,5
0,Falsas,NOUN,senda,5
0,Falsas,NOUN,corrección,5
0,Falsas,NOUN,generación,5
0,Falsas,NOUN,caza,5
0,Falsas,NOUN,industria,5
0,Falsas,NOUN,exdiputado,5
0,Falsas,NOUN,corriente,5
0,Falsas,NOUN,cuartel,5
0,Falsas,NOUN,tormenta,5
0,Falsas,NOUN,puta,5
0,Falsas,NOUN,exjuez,5
0,Falsas,NOUN,conducta,5
0,Falsas,NOUN,apunte,5
0,Falsas,NOUN,cultura,5
0,Falsas,NOUN,crítico,5
0,Falsas,NOUN,magistrada,5
0,Falsas,NOUN,batacazo,5
0,Falsas,NOUN,pensionista,5
0,Falsas,NOUN,preacuerdo,5
0,Falsas,NOUN,moratoria,5
0,Falsas,NOUN,emisión,5
0,Falsas,NOUN,reprobación,5
0,Falsas,NOUN,afectado,5
0,Falsas,NOUN,eco,5
0,Falsas,NOUN,vicepresidencia,5
0,Falsas,NOUN,apariencia,5
0,Falsas,NOUN,controversia,5
0,Falsas,NOUN,chantaje,5
0,Falsas,NOUN,foro,5
0,Falsas,NOUN,exclusiva,5
0,Falsas,NOUN,abono,5
0,Falsas,NOUN,regadío,5
0,Falsas,NOUN,exdirector,5
0,Falsas,NOUN,adjudicación,5
0,Falsas,NOUN,deliberación,5
0,Falsas,NOUN,queja,5
0,Falsas,NOUN,recepción,5
0,Falsas,NOUN,paseo,5
0,Falsas,NOUN,moderación,5
0,Falsas,NOUN,gestora,5
0,Falsas,NOUN,movilidad,5
0,Falsas,NOUN,sospecha,5
0,Falsas,NOUN,inclusión,5
0,Falsas,NOUN,disculpa,5
0,Falsas,NOUN,anulación,5
0,Falsas,NOUN,bar,5
0,Falsas,NOUN,hipoteca,5
0,Falsas,NOUN,blanqueo,5
0,Falsas,NOUN,película,5
0,Falsas,NOUN,imposición,5
0,Falsas,NOUN,fallecimiento,5
0,Falsas,NOUN,borde,5
0,Falsas,NOUN,desempleo,5
0,Falsas,NOUN,absolución,5
0,Falsas,NOUN,sorpresa,5
0,Falsas,NOUN,superávit,5
0,Falsas,NOUN,pulso,5
0,Falsas,NOUN,2005,5
0,Falsas,NOUN,provocación,5
0,Falsas,NOUN,cena,5
0,Falsas,NOUN,demócrata,5
0,Falsas,NOUN,coordinadora,5
0,Falsas,NOUN,impunidad,5
0,Falsas,NOUN,sujeto,5
0,Falsas,NOUN,espectáculo,5
0,Falsas,NOUN,tauromaquia,5
0,Falsas,NOUN,activo,5
0,Falsas,NOUN,relator,5
0,Falsas,NOUN,conforme,5
0,Falsas,NOUN,bienestar,5
0,Falsas,NOUN,científico,5
0,Falsas,NOUN,procesamiento,5
0,Falsas,NOUN,habitación,5
0,Falsas,NOUN,contratación,5
0,Falsas,NOUN,historiador,5
0,Falsas,NOUN,instancia,5
0,Falsas,NOUN,acusado,5
0,Falsas,NOUN,misiva,5
0,Falsas,NOUN,optimismo,5
0,Falsas,NOUN,reconocimiento,5
0,Falsas,NOUN,accidente,5
0,Falsas,NOUN,confesión,5
0,Falsas,NOUN,logro,5
0,Falsas,NOUN,pobreza,5
0,Falsas,NOUN,apología,5
0,Falsas,NOUN,sostenibilidad,5
0,Falsas,NOUN,espíritu,5
0,Falsas,NOUN,participante,5
0,Falsas,NOUN,notificación,5
0,Falsas,NOUN,homicidio,5
0,Falsas,NOUN,órden,5
0,Falsas,NOUN,ocupación,5
0,Falsas,NOUN,capitán,5
0,Falsas,NOUN,confidencialidad,5
0,Falsas,NOUN,vísperas,5
0,Falsas,NOUN,impulso,5
0,Falsas,NOUN,redacción,5
0,Falsas,NOUN,derechos,5
0,Falsas,NOUN,humanos,5
0,Falsas,NOUN,mínimo,5
0,Falsas,NOUN,lealtad,5
0,Falsas,NOUN,arremete,5
0,Falsas,NOUN,tarifa,5
0,Falsas,NOUN,perjuicio,5
0,Falsas,NOUN,visión,5
0,Falsas,NOUN,emoción,5
0,Falsas,NOUN,gracia,5
0,Falsas,NOUN,peaje,5
0,Falsas,NOUN,puesta,5
0,Falsas,NOUN,abdicación,5
0,Falsas,NOUN,despido,5
0,Falsas,NOUN,seno,5
0,Falsas,NOUN,complejo,5
0,Falsas,NOUN,continuación,5
0,Falsas,NOUN,entendimiento,5
0,Falsas,NOUN,adquisición,5
0,Falsas,NOUN,sesgo,5
0,Falsas,NOUN,seguimiento,5
0,Falsas,NOUN,profesión,5
0,Falsas,NOUN,temporada,5
0,Falsas,NOUN,charla,5
0,Falsas,NOUN,paralización,5
0,Falsas,NOUN,desafío,5
0,Falsas,NOUN,siglo,5
0,Falsas,NOUN,embajada,5
0,Falsas,NOUN,gira,5
0,Falsas,NOUN,casco,5
0,Falsas,NOUN,inscripción,5
0,Falsas,NOUN,crédito,5
0,Falsas,NOUN,corte,5
0,Falsas,NOUN,mejora,5
0,Falsas,NOUN,autónomo,5
0,Falsas,NOUN,vacación,5
0,Falsas,NOUN,concejalía,5
0,Falsas,NOUN,personalidad,5
0,Falsas,NOUN,inconstitucionalidad,5
0,Falsas,NOUN,discusión,5
0,Falsas,NOUN,musulmán,5
0,Falsas,NOUN,2030,5
0,Falsas,NOUN,enclave,5
0,Falsas,NOUN,también,5
0,Falsas,NOUN,blanco,5
0,Falsas,NOUN,confusión,5
0,Falsas,NOUN,analista,5
0,Falsas,NOUN,desastre,5
0,Falsas,NOUN,engaño,5
0,Falsas,NOUN,ingeniería,5
0,Falsas,NOUN,dimensión,5
0,Falsas,NOUN,coreografía,5
0,Falsas,NOUN,bot,5
0,Falsas,NOUN,trampa,5
0,Falsas,NOUN,retransmisión,5
0,Falsas,NOUN,comparación,5
0,Falsas,NOUN,modus,5
0,Falsas,NOUN,dígito,5
0,Falsas,NOUN,similitud,5
0,Falsas,NOUN,causante,5
0,Falsas,NOUN,ivermectina,5
0,Falsas,NOUN,parcela,5
0,Falsas,NOUN,avalancha,5
0,Falsas,NOUN,propagación,5
0,Falsas,NOUN,aseguradora,5
0,Falsas,NOUN,rata,5
0,Falsas,NOUN,intensidad,5
0,Falsas,NOUN,otra,5
0,Falsas,NOUN,hidroavión,5
0,Falsas,NOUN,combustión,5
0,Falsas,NOUN,argentino,5
0,Falsas,NOUN,reparación,4
0,Falsas,NOUN,vivero,4
0,Falsas,NOUN,gerente,4
0,Falsas,NOUN,directivo,4
0,Falsas,NOUN,liberación,4
0,Falsas,NOUN,cs,4
0,Falsas,NOUN,tela,4
0,Falsas,NOUN,condecoración,4
0,Falsas,NOUN,muro,4
0,Falsas,NOUN,amiga,4
0,Falsas,NOUN,élite,4
0,Falsas,NOUN,guía,4
0,Falsas,NOUN,comportamiento,4
0,Falsas,NOUN,cola,4
0,Falsas,NOUN,hambre,4
0,Falsas,NOUN,convicción,4
0,Falsas,NOUN,federación,4
0,Falsas,NOUN,parada,4
0,Falsas,NOUN,adulto,4
0,Falsas,NOUN,intromisión,4
0,Falsas,NOUN,maniobra,4
0,Falsas,NOUN,personaje,4
0,Falsas,NOUN,torturador,4
0,Falsas,NOUN,contaminación,4
0,Falsas,NOUN,pecho,4
0,Falsas,NOUN,promotor,4
0,Falsas,NOUN,abandono,4
0,Falsas,NOUN,hoy,4
0,Falsas,NOUN,consumo,4
0,Falsas,NOUN,defensor,4
0,Falsas,NOUN,producción,4
0,Falsas,NOUN,trabajadora,4
0,Falsas,NOUN,dictamen,4
0,Falsas,NOUN,sustitución,4
0,Falsas,NOUN,rango,4
0,Falsas,NOUN,categoría,4
0,Falsas,NOUN,sucesor,4
0,Falsas,NOUN,andalucismo,4
0,Falsas,NOUN,paradoja,4
0,Falsas,NOUN,asesora,4
0,Falsas,NOUN,fruto,4
0,Falsas,NOUN,entredicho,4
0,Falsas,NOUN,ética,4
0,Falsas,NOUN,paraíso,4
0,Falsas,NOUN,fantasma,4
0,Falsas,NOUN,mención,4
0,Falsas,NOUN,reina,4
0,Falsas,NOUN,completo,4
0,Falsas,NOUN,biografía,4
0,Falsas,NOUN,fe,4
0,Falsas,NOUN,estrella,4
0,Falsas,NOUN,advertencia,4
0,Falsas,NOUN,incidencia,4
0,Falsas,NOUN,limitación,4
0,Falsas,NOUN,finalidad,4
0,Falsas,NOUN,bronca,4
0,Falsas,NOUN,reactivación,4
0,Falsas,NOUN,cláusula,4
0,Falsas,NOUN,b,4
0,Falsas,NOUN,dedo,4
0,Falsas,NOUN,panteón,4
0,Falsas,NOUN,satisfacción,4
0,Falsas,NOUN,sensibilidad,4
0,Falsas,NOUN,barómetro,4
0,Falsas,NOUN,fragmentación,4
0,Falsas,NOUN,ambición,4
0,Falsas,NOUN,transfuguismo,4
0,Falsas,NOUN,prostitución,4
0,Falsas,NOUN,novedad,4
0,Falsas,NOUN,referente,4
0,Falsas,NOUN,cooperador,4
0,Falsas,NOUN,seguidor,4
0,Falsas,NOUN,exalcalde,4
0,Falsas,NOUN,dureza,4
0,Falsas,NOUN,estancia,4
0,Falsas,NOUN,lengua,4
0,Falsas,NOUN,integración,4
0,Falsas,NOUN,cuidado,4
0,Falsas,NOUN,canción,4
0,Falsas,NOUN,reportaje,4
0,Falsas,NOUN,independiente,4
0,Falsas,NOUN,elefante,4
0,Falsas,NOUN,ordenador,4
0,Falsas,NOUN,populismo,4
0,Falsas,NOUN,consejería,4
0,Falsas,NOUN,ponente,4
0,Falsas,NOUN,listado,4
0,Falsas,NOUN,depósito,4
0,Falsas,NOUN,parto,4
0,Falsas,NOUN,transición,4
0,Falsas,NOUN,documental,4
0,Falsas,NOUN,congelación,4
0,Falsas,NOUN,generosidad,4
0,Falsas,NOUN,exaltación,4
0,Falsas,NOUN,solar,4
0,Falsas,NOUN,fleco,4
0,Falsas,NOUN,gana,4
0,Falsas,NOUN,despoblación,4
0,Falsas,NOUN,actualización,4
0,Falsas,NOUN,ala,4
0,Falsas,NOUN,embriaguez,4
0,Falsas,NOUN,regalo,4
0,Falsas,NOUN,calumnia,4
0,Falsas,NOUN,exclusión,4
0,Falsas,NOUN,sangre,4
0,Falsas,NOUN,paciencia,4
0,Falsas,NOUN,recaudación,4
0,Falsas,NOUN,eliminación,4
0,Falsas,NOUN,extremis,4
0,Falsas,NOUN,huida,4
0,Falsas,NOUN,coacción,4
0,Falsas,NOUN,pretensión,4
0,Falsas,NOUN,barrera,4
0,Falsas,NOUN,promesa,4
0,Falsas,NOUN,color,4
0,Falsas,NOUN,inversor,4
0,Falsas,NOUN,parlamento,4
0,Falsas,NOUN,1978,4
0,Falsas,NOUN,disfraz,4
0,Falsas,NOUN,recorrido,4
0,Falsas,NOUN,madrileña,4
0,Falsas,NOUN,autogobierno,4
0,Falsas,NOUN,machismo,4
0,Falsas,NOUN,deducción,4
0,Falsas,NOUN,festival,4
0,Falsas,NOUN,deterioro,4
0,Falsas,NOUN,escucha,4
0,Falsas,NOUN,banda,4
0,Falsas,NOUN,agresor,4
0,Falsas,NOUN,bolsillo,4
0,Falsas,NOUN,basílica,4
0,Falsas,NOUN,señora,4
0,Falsas,NOUN,pugna,4
0,Falsas,NOUN,caos,4
0,Falsas,NOUN,inspección,4
0,Falsas,NOUN,espalda,4
0,Falsas,NOUN,destitución,4
0,Falsas,NOUN,cercanía,4
0,Falsas,NOUN,particular,4
0,Falsas,NOUN,adolescente,4
0,Falsas,NOUN,cáncer,4
0,Falsas,NOUN,higiene,4
0,Falsas,NOUN,revés,4
0,Falsas,NOUN,delegada,4
0,Falsas,NOUN,intercambio,4
0,Falsas,NOUN,menú,4
0,Falsas,NOUN,heredero,4
0,Falsas,NOUN,culpa,4
0,Falsas,NOUN,doctora,4
0,Falsas,NOUN,temor,4
0,Falsas,NOUN,fachada,4
0,Falsas,NOUN,eslogan,4
0,Falsas,NOUN,horizonte,4
0,Falsas,NOUN,metodología,4
0,Falsas,NOUN,volumen,4
0,Falsas,NOUN,escalada,4
0,Falsas,NOUN,almacén,4
0,Falsas,NOUN,vinculación,4
0,Falsas,NOUN,mural,4
0,Falsas,NOUN,filtración,4
0,Falsas,NOUN,muerto,4
0,Falsas,NOUN,par,4
0,Falsas,NOUN,complicidad,4
0,Falsas,NOUN,suerte,4
0,Falsas,NOUN,retribución,4
0,Falsas,NOUN,coronel,4
0,Falsas,NOUN,aparición,4
0,Falsas,NOUN,inauguración,4
0,Falsas,NOUN,derrumbe,4
0,Falsas,NOUN,medicamento,4
0,Falsas,NOUN,tercio,4
0,Falsas,NOUN,signo,4
0,Falsas,NOUN,legitimidad,4
0,Falsas,NOUN,localización,4
0,Falsas,NOUN,quincena,4
0,Falsas,NOUN,variante,4
0,Falsas,NOUN,recusación,4
0,Falsas,NOUN,andaluza,4
0,Falsas,NOUN,precisión,4
0,Falsas,NOUN,infancia,4
0,Falsas,NOUN,señal,4
0,Falsas,NOUN,tamaño,4
0,Falsas,NOUN,mediados,4
0,Falsas,NOUN,deporte,4
0,Falsas,NOUN,desorden,4
0,Falsas,NOUN,reciprocidad,4
0,Falsas,NOUN,dignidad,4
0,Falsas,NOUN,homólogo,4
0,Falsas,NOUN,amparo,4
0,Falsas,NOUN,consellera,4
0,Falsas,NOUN,mena,4
0,Falsas,NOUN,typosquatting,4
0,Falsas,NOUN,ciberseguridad,4
0,Falsas,NOUN,clic,4
0,Falsas,NOUN,tenedor,4
0,Falsas,NOUN,flauta,4
0,Falsas,NOUN,detección,4
0,Falsas,NOUN,camarógrafo,4
0,Falsas,NOUN,secuencia,4
0,Falsas,NOUN,mutua,4
0,Falsas,NOUN,anciana,4
0,Falsas,NOUN,taller,4
0,Falsas,NOUN,mentiroso,4
0,Falsas,NOUN,algoritmo,4
0,Falsas,NOUN,veces,4
0,Falsas,NOUN,probabilidad,4
0,Falsas,NOUN,consulado,4
0,Falsas,NOUN,expansión,4
0,Falsas,NOUN,drón,4
0,Falsas,NOUN,triaje,4
0,Falsas,NOUN,escollera,4
0,Falsas,NOUN,instituto,4
0,Falsas,NOUN,progenitor,4
0,Falsas,NOUN,testamento,4
0,Falsas,NOUN,pistola,4
0,Falsas,NOUN,perdigón,4
0,Falsas,NOUN,erupción,4
0,Falsas,NOUN,nado,4
0,Falsas,NOUN,híbrido,4
0,Falsas,NOUN,dedicación,4
0,Falsas,NOUN,personalización,4
0,Falsas,NOUN,flujo,4
0,Falsas,NOUN,río,4
0,Falsas,NOUN,contenedor,4
0,Falsas,NOUN,oftalmólogo,4
0,Falsas,NOUN,excursión,4
0,Falsas,NOUN,zapato,4
0,Falsas,NOUN,botella,4
0,Falsas,NOUN,víver,4
0,Falsas,NOUN,túnel,4
0,Falsas,NOUN,balón,4
0,Falsas,NOUN,portería,4
0,Falsas,NOUN,gravamen,4
0,Falsas,NOUN,relleno,4
0,Falsas,NOUN,firmante,4
0,Falsas,NOUN,bruta,4
0,Falsas,NOUN,excargo,3
0,Falsas,NOUN,expolio,3
0,Falsas,NOUN,contrario,3
0,Falsas,NOUN,hincapié,3
0,Falsas,NOUN,empate,3
0,Falsas,NOUN,amaño,3
0,Falsas,NOUN,cabecilla,3
0,Falsas,NOUN,alumno,3
0,Falsas,NOUN,conmemoración,3
0,Falsas,NOUN,ventana,3
0,Falsas,NOUN,disolución,3
0,Falsas,NOUN,vigencia,3
0,Falsas,NOUN,separación,3
0,Falsas,NOUN,excandidato,3
0,Falsas,NOUN,claridad,3
0,Falsas,NOUN,hipocresía,3
0,Falsas,NOUN,vacunado,3
0,Falsas,NOUN,pauta,3
0,Falsas,NOUN,antecesora,3
0,Falsas,NOUN,medianoche,3
0,Falsas,NOUN,firmeza,3
0,Falsas,NOUN,sacrificio,3
0,Falsas,NOUN,pintada,3
0,Falsas,NOUN,desafección,3
0,Falsas,NOUN,pluralismo,3
0,Falsas,NOUN,decencia,3
0,Falsas,NOUN,nómina,3
0,Falsas,NOUN,negociador,3
0,Falsas,NOUN,mediodía,3
0,Falsas,NOUN,exceso,3
0,Falsas,NOUN,exsocio,3
0,Falsas,NOUN,competición,3
0,Falsas,NOUN,obligatoria,3
0,Falsas,NOUN,acreditación,3
0,Falsas,NOUN,abuelo,3
0,Falsas,NOUN,quiniela,3
0,Falsas,NOUN,denunciante,3
0,Falsas,NOUN,lenguaje,3
0,Falsas,NOUN,impulsor,3
0,Falsas,NOUN,agrupación,3
0,Falsas,NOUN,transformación,3
0,Falsas,NOUN,intimidad,3
0,Falsas,NOUN,privacidad,3
0,Falsas,NOUN,excarcelación,3
0,Falsas,NOUN,salto,3
0,Falsas,NOUN,jugada,3
0,Falsas,NOUN,comparecient,3
0,Falsas,NOUN,síntoma,3
0,Falsas,NOUN,1976,3
0,Falsas,NOUN,jurista,3
0,Falsas,NOUN,privado,3
0,Falsas,NOUN,desencuentro,3
0,Falsas,NOUN,unión,3
0,Falsas,NOUN,incompatibilidad,3
0,Falsas,NOUN,consumidor,3
0,Falsas,NOUN,alteración,3
0,Falsas,NOUN,constitucionalista,3
0,Falsas,NOUN,himno,3
0,Falsas,NOUN,usurpación,3
0,Falsas,NOUN,modernización,3
0,Falsas,NOUN,subsidio,3
0,Falsas,NOUN,maltratador,3
0,Falsas,NOUN,planeta,3
0,Falsas,NOUN,interrogatorio,3
0,Falsas,NOUN,exposición,3
0,Falsas,NOUN,sequía,3
0,Falsas,NOUN,rendición,3
0,Falsas,NOUN,contribuyente,3
0,Falsas,NOUN,contradicción,3
0,Falsas,NOUN,exdirigente,3
0,Falsas,NOUN,regidor,3
0,Falsas,NOUN,eficiencia,3
0,Falsas,NOUN,suministro,3
0,Falsas,NOUN,ordenanza,3
0,Falsas,NOUN,paridad,3
0,Falsas,NOUN,taxi,3
0,Falsas,NOUN,rojo,3
0,Falsas,NOUN,riqueza,3
0,Falsas,NOUN,cama,3
0,Falsas,NOUN,plurinacionalidad,3
0,Falsas,NOUN,llave,3
0,Falsas,NOUN,reinado,3
0,Falsas,NOUN,amistad,3
0,Falsas,NOUN,detective,3
0,Falsas,NOUN,sentimiento,3
0,Falsas,NOUN,crispación,3
0,Falsas,NOUN,electricidad,3
0,Falsas,NOUN,papeleta,3
0,Falsas,NOUN,alimentación,3
0,Falsas,NOUN,sanitario,3
0,Falsas,NOUN,relevancia,3
0,Falsas,NOUN,afín,3
0,Falsas,NOUN,pretexto,3
0,Falsas,NOUN,adopción,3
0,Falsas,NOUN,conservación,3
0,Falsas,NOUN,club,3
0,Falsas,NOUN,proveedor,3
0,Falsas,NOUN,ultraderechista,3
0,Falsas,NOUN,enseñanza,3
0,Falsas,NOUN,trono,3
0,Falsas,NOUN,hito,3
0,Falsas,NOUN,eléctrica,3
0,Falsas,NOUN,vencedor,3
0,Falsas,NOUN,frecuencia,3
0,Falsas,NOUN,internet,3
0,Falsas,NOUN,nicho,3
0,Falsas,NOUN,cancelación,3
0,Falsas,NOUN,arco,3
0,Falsas,NOUN,homófobo,3
0,Falsas,NOUN,revisión,3
0,Falsas,NOUN,jubilado,3
0,Falsas,NOUN,diplomacia,3
0,Falsas,NOUN,cisma,3
0,Falsas,NOUN,calado,3
0,Falsas,NOUN,rastreo,3
0,Falsas,NOUN,fusión,3
0,Falsas,NOUN,anteproyecto,3
0,Falsas,NOUN,tránsfuga,3
0,Falsas,NOUN,coherencia,3
0,Falsas,NOUN,urbanización,3
0,Falsas,NOUN,presunción,3
0,Falsas,NOUN,conductor,3
0,Falsas,NOUN,concurso,3
0,Falsas,NOUN,criptomoneda,3
0,Falsas,NOUN,precursor,3
0,Falsas,NOUN,laboratorio,3
0,Falsas,NOUN,aforo,3
0,Falsas,NOUN,papa,3
0,Falsas,NOUN,letrero,3
0,Falsas,NOUN,descenso,3
0,Falsas,NOUN,andaluz,3
0,Falsas,NOUN,brazo,3
0,Falsas,NOUN,señalamiento,3
0,Falsas,NOUN,homosexualidad,3
0,Falsas,NOUN,hueco,3
0,Falsas,NOUN,acuífero,3
0,Falsas,NOUN,vulneración,3
0,Falsas,NOUN,honradez,3
0,Falsas,NOUN,pata,3
0,Falsas,NOUN,hegemonía,3
0,Falsas,NOUN,simpatizante,3
0,Falsas,NOUN,pastilla,3
0,Falsas,NOUN,manta,3
0,Falsas,NOUN,fuera,3
0,Falsas,NOUN,certeza,3
0,Falsas,NOUN,arranque,3
0,Falsas,NOUN,injuria,3
0,Falsas,NOUN,esquema,3
0,Falsas,NOUN,empatía,3
0,Falsas,NOUN,nada,3
0,Falsas,NOUN,comisionista,3
0,Falsas,NOUN,aplauso,3
0,Falsas,NOUN,logo,3
0,Falsas,NOUN,reelección,3
0,Falsas,NOUN,tumba,3
0,Falsas,NOUN,legislador,3
0,Falsas,NOUN,socialdemocracia,3
0,Falsas,NOUN,inseguridad,3
0,Falsas,NOUN,aristócrata,3
0,Falsas,NOUN,1979,3
0,Falsas,NOUN,ideológico,3
0,Falsas,NOUN,recuerdo,3
0,Falsas,NOUN,mierda,3
0,Falsas,NOUN,mochila,3
0,Falsas,NOUN,diagnóstico,3
0,Falsas,NOUN,fascista,3
0,Falsas,NOUN,ánimo,3
0,Falsas,NOUN,maquinaria,3
0,Falsas,NOUN,paralelo,3
0,Falsas,NOUN,consigna,3
0,Falsas,NOUN,catálogo,3
0,Falsas,NOUN,asignación,3
0,Falsas,NOUN,oficio,3
0,Falsas,NOUN,1993,3
0,Falsas,NOUN,test,3
0,Falsas,NOUN,separatismo,3
0,Falsas,NOUN,relevo,3
0,Falsas,NOUN,buque,3
0,Falsas,NOUN,especulador,3
0,Falsas,NOUN,formato,3
0,Falsas,NOUN,billete,3
0,Falsas,NOUN,bienvenida,3
0,Falsas,NOUN,geometría,3
0,Falsas,NOUN,podcast,3
0,Falsas,NOUN,fractura,3
0,Falsas,NOUN,exdelegado,3
0,Falsas,NOUN,2003,3
0,Falsas,NOUN,etarra,3
0,Falsas,NOUN,imparcialidad,3
0,Falsas,NOUN,vestigio,3
0,Falsas,NOUN,bala,3
0,Falsas,NOUN,antecesor,3
0,Falsas,NOUN,proporción,3
0,Falsas,NOUN,carencia,3
0,Falsas,NOUN,negacionismo,3
0,Falsas,NOUN,autocrítica,3
0,Falsas,NOUN,culpable,3
0,Falsas,NOUN,pyme,3
0,Falsas,NOUN,misa,3
0,Falsas,NOUN,cable,3
0,Falsas,NOUN,sustituto,3
0,Falsas,NOUN,rumor,3
0,Falsas,NOUN,nepotismo,3
0,Falsas,NOUN,rigor,3
0,Falsas,NOUN,deficiencia,3
0,Falsas,NOUN,calificación,3
0,Falsas,NOUN,azotea,3
0,Falsas,NOUN,desacuerdo,3
0,Falsas,NOUN,baile,3
0,Falsas,NOUN,consultora,3
0,Falsas,NOUN,consideración,3
0,Falsas,NOUN,millonario,3
0,Falsas,NOUN,modalidad,3
0,Falsas,NOUN,listo,3
0,Falsas,NOUN,conquista,3
0,Falsas,NOUN,distrito,3
0,Falsas,NOUN,despropósito,3
0,Falsas,NOUN,adiós,3
0,Falsas,NOUN,golf,3
0,Falsas,NOUN,ejército,3
0,Falsas,NOUN,combinación,3
0,Falsas,NOUN,1980,3
0,Falsas,NOUN,patria,3
0,Falsas,NOUN,acelerador,3
0,Falsas,NOUN,valentía,3
0,Falsas,NOUN,mira,3
0,Falsas,NOUN,peritaje,3
0,Falsas,NOUN,embajadora,3
0,Falsas,NOUN,desvío,3
0,Falsas,NOUN,registrador,3
0,Falsas,NOUN,inspector,3
0,Falsas,NOUN,imposibilidad,3
0,Falsas,NOUN,incentivo,3
0,Falsas,NOUN,bolsa,3
0,Falsas,NOUN,deseo,3
0,Falsas,NOUN,soporte,3
0,Falsas,NOUN,extorsión,3
0,Falsas,NOUN,determinación,3
0,Falsas,NOUN,rapidez,3
0,Falsas,NOUN,rienda,3
0,Falsas,NOUN,dificultad,3
0,Falsas,NOUN,trayecto,3
0,Falsas,NOUN,transacción,3
0,Falsas,NOUN,refrendo,3
0,Falsas,NOUN,internamiento,3
0,Falsas,NOUN,perdón,3
0,Falsas,NOUN,horario,3
0,Falsas,NOUN,esquina,3
0,Falsas,NOUN,divulgación,3
0,Falsas,NOUN,continente,3
0,Falsas,NOUN,ratificación,3
0,Falsas,NOUN,réplica,3
0,Falsas,NOUN,autoría,3
0,Falsas,NOUN,justificante,3
0,Falsas,NOUN,tendencia,3
0,Falsas,NOUN,sol,3
0,Falsas,NOUN,exterior,3
0,Falsas,NOUN,ciberdelincuente,3
0,Falsas,NOUN,fraudulenta,3
0,Falsas,NOUN,2028,3
0,Falsas,NOUN,este,3
0,Falsas,NOUN,utilidad,3
0,Falsas,NOUN,detalla,3
0,Falsas,NOUN,resumen,3
0,Falsas,NOUN,organizador,3
0,Falsas,NOUN,relojería,3
0,Falsas,NOUN,atestiguan,3
0,Falsas,NOUN,alta,3
0,Falsas,NOUN,1964,3
0,Falsas,NOUN,ecosistema,3
0,Falsas,NOUN,fiabilidad,3
0,Falsas,NOUN,doctor,3
0,Falsas,NOUN,delincuente,3
0,Falsas,NOUN,leopardo,3
0,Falsas,NOUN,bocadillo,3
0,Falsas,NOUN,traducción,3
0,Falsas,NOUN,herido,3
0,Falsas,NOUN,península,3
0,Falsas,NOUN,árabe,3
0,Falsas,NOUN,injerencia,3
0,Falsas,NOUN,comprobación,3
0,Falsas,NOUN,conexión,3
0,Falsas,NOUN,vuestro,3
0,Falsas,NOUN,mensajería,3
0,Falsas,NOUN,filtro,3
0,Falsas,NOUN,tubería,3
0,Falsas,NOUN,desagüe,3
0,Falsas,NOUN,andén,3
0,Falsas,NOUN,individuo,3
0,Falsas,NOUN,capa,3
0,Falsas,NOUN,receptor,3
0,Falsas,NOUN,excónyug,3
0,Falsas,NOUN,admisión,3
0,Falsas,NOUN,perímetro,3
0,Falsas,NOUN,eficacia,3
0,Falsas,NOUN,comprensión,3
0,Falsas,NOUN,matemática,3
0,Falsas,NOUN,farmacia,3
0,Falsas,NOUN,halal,3
0,Falsas,NOUN,vishing,3
0,Falsas,NOUN,fragmento,3
0,Falsas,NOUN,descripción,3
0,Falsas,NOUN,rotonda,3
0,Falsas,NOUN,gendarmería,3
0,Falsas,NOUN,chaleco,3
0,Falsas,NOUN,uniforme,3
0,Falsas,NOUN,franja,3
0,Falsas,NOUN,exención,3
0,Falsas,NOUN,francés,3
0,Falsas,NOUN,cargador,3
0,Falsas,NOUN,estadística,3
0,Falsas,NOUN,onda,3
0,Falsas,NOUN,lago,3
0,Falsas,NOUN,desprendimiento,3
0,Falsas,NOUN,reunificación,3
0,Falsas,NOUN,españolidad,3
0,Falsas,NOUN,alrededor,3
0,Falsas,NOUN,estadio,3
0,Falsas,NOUN,arcén,3
0,Falsas,NOUN,chollo,3
0,Falsas,NOUN,autenticidad,3
0,Falsas,NOUN,descolonización,3
0,Falsas,NOUN,roca,3
0,Falsas,NOUN,marisco,3
0,Falsas,NOUN,peñón,3
0,Falsas,NOUN,cubierta,3
0,Falsas,NOUN,satélite,3
0,Falsas,NOUN,jurisdicción,3
0,Falsas,NOUN,vegetación,3
0,Falsas,NOUN,mutualidad,3
0,Falsas,NOUN,pelota,3
0,Falsas,NOUN,esférico,3
0,Falsas,NOUN,semifinal,3
0,Falsas,NOUN,kilometraje,3
0,Falsas,NOUN,convenio,3
0,Falsas,NOUN,tejido,3
0,Falsas,NOUN,recovery,3
0,Falsas,NOUN,iluminación,3
0,Falsas,NOUN,litigio,3
0,Falsas,NOUN,non,3
0,Falsas,NOUN,asimilación,3
0,Falsas,NOUN,dorsal,3
0,Falsas,NOUN,cebo,3
0,Falsas,NOUN,patógeno,3
0,Falsas,NOUN,molusco,3
0,Falsas,NOUN,nacionalización,3
0,Falsas,NOUN,niqab,3
0,Falsas,NOUN,paternidad,2
0,Falsas,NOUN,hipótesis,2
0,Falsas,NOUN,prerrogativa,2
0,Falsas,NOUN,vicepresident,2
0,Falsas,NOUN,inventario,2
0,Falsas,NOUN,desprecio,2
0,Falsas,NOUN,corona,2
0,Falsas,NOUN,tradición,2
0,Falsas,NOUN,filial,2
0,Falsas,NOUN,26-m,2
0,Falsas,NOUN,proclamación,2
0,Falsas,NOUN,motor,2
0,Falsas,NOUN,bujía,2
0,Falsas,NOUN,nevera,2
0,Falsas,NOUN,balcón,2
0,Falsas,NOUN,expolicía,2
0,Falsas,NOUN,callejero,2
0,Falsas,NOUN,patriotismo,2
0,Falsas,NOUN,colega,2
0,Falsas,NOUN,apelación,2
0,Falsas,NOUN,madurez,2
0,Falsas,NOUN,contención,2
0,Falsas,NOUN,exsecretaria,2
0,Falsas,NOUN,héroe,2
0,Falsas,NOUN,autora,2
0,Falsas,NOUN,novio,2
0,Falsas,NOUN,judicatura,2
0,Falsas,NOUN,macrocausa,2
0,Falsas,NOUN,equiparación,2
0,Falsas,NOUN,paisano,2
0,Falsas,NOUN,invitado,2
0,Falsas,NOUN,extradición,2
0,Falsas,NOUN,talento,2
0,Falsas,NOUN,28a.,2
0,Falsas,NOUN,proporcionalidad,2
0,Falsas,NOUN,pintura,2
0,Falsas,NOUN,austeridad,2
0,Falsas,NOUN,cometido,2
0,Falsas,NOUN,ritmo,2
0,Falsas,NOUN,asiento,2
0,Falsas,NOUN,baza,2
0,Falsas,NOUN,15-m,2
0,Falsas,NOUN,recesión,2
0,Falsas,NOUN,afán,2
0,Falsas,NOUN,demora,2
0,Falsas,NOUN,entramado,2
0,Falsas,NOUN,defensora,2
0,Falsas,NOUN,judicialización,2
0,Falsas,NOUN,rebrot,2
0,Falsas,NOUN,centenario,2
0,Falsas,NOUN,detractor,2
0,Falsas,NOUN,black,2
0,Falsas,NOUN,yegua,2
0,Falsas,NOUN,bastión,2
0,Falsas,NOUN,progresista,2
0,Falsas,NOUN,exponente,2
0,Falsas,NOUN,exlehendakari,2
0,Falsas,NOUN,chat,2
0,Falsas,NOUN,crónica,2
0,Falsas,NOUN,exconsellera,2
0,Falsas,NOUN,supresión,2
0,Falsas,NOUN,escritor,2
0,Falsas,NOUN,concreción,2
0,Falsas,NOUN,soborno,2
0,Falsas,NOUN,levantamiento,2
0,Falsas,NOUN,sumario,2
0,Falsas,NOUN,animadversión,2
0,Falsas,NOUN,contabilidad,2
0,Falsas,NOUN,altos,2
0,Falsas,NOUN,princesa,2
0,Falsas,NOUN,convocante,2
0,Falsas,NOUN,financiamiento,2
0,Falsas,NOUN,ocultación,2
0,Falsas,NOUN,temeridad,2
0,Falsas,NOUN,europea,2
0,Falsas,NOUN,exconsejero,2
0,Falsas,NOUN,descomposición,2
0,Falsas,NOUN,consorte,2
0,Falsas,NOUN,cuñado,2
0,Falsas,NOUN,contrarreloj,2
0,Falsas,NOUN,radicalización,2
0,Falsas,NOUN,ilusión,2
0,Falsas,NOUN,improvisación,2
0,Falsas,NOUN,exvicepresident,2
0,Falsas,NOUN,batería,2
0,Falsas,NOUN,bronco,2
0,Falsas,NOUN,configuración,2
0,Falsas,NOUN,comienzos,2
0,Falsas,NOUN,becario,2
0,Falsas,NOUN,interlocución,2
0,Falsas,NOUN,tanda,2
0,Falsas,NOUN,careo,2
0,Falsas,NOUN,salvo,2
0,Falsas,NOUN,bastón,2
0,Falsas,NOUN,vicio,2
0,Falsas,NOUN,terraza,2
0,Falsas,NOUN,europeísmo,2
0,Falsas,NOUN,insolvencia,2
0,Falsas,NOUN,fuga,2
0,Falsas,NOUN,funeral,2
0,Falsas,NOUN,observador,2
0,Falsas,NOUN,lluvia,2
0,Falsas,NOUN,gusto,2
0,Falsas,NOUN,tertuliano,2
0,Falsas,NOUN,sueño,2
0,Falsas,NOUN,arraigo,2
0,Falsas,NOUN,centroderecha,2
0,Falsas,NOUN,eurodiputada,2
0,Falsas,NOUN,comunista,2
0,Falsas,NOUN,desconocimiento,2
0,Falsas,NOUN,gripe,2
0,Falsas,NOUN,tregua,2
0,Falsas,NOUN,azote,2
0,Falsas,NOUN,tala,2
0,Falsas,NOUN,íntegro,2
0,Falsas,NOUN,estudie,2
0,Falsas,NOUN,rastreador,2
0,Falsas,NOUN,caudal,2
0,Falsas,NOUN,omisión,2
0,Falsas,NOUN,rumorología,2
0,Falsas,NOUN,23j,2
0,Falsas,NOUN,precandidatura,2
0,Falsas,NOUN,exseleccionador,2
0,Falsas,NOUN,2000,2
0,Falsas,NOUN,incompetencia,2
0,Falsas,NOUN,20-n,2
0,Falsas,NOUN,enfermo,2
0,Falsas,NOUN,chica,2
0,Falsas,NOUN,xenofobia,2
0,Falsas,NOUN,inmatriculación,2
0,Falsas,NOUN,enseña,2
0,Falsas,NOUN,profundidad,2
0,Falsas,NOUN,rotativo,2
0,Falsas,NOUN,proyección,2
0,Falsas,NOUN,toda,2
0,Falsas,NOUN,exmiembro,2
0,Falsas,NOUN,valenciano,2
0,Falsas,NOUN,arrimada,2
0,Falsas,NOUN,contundencia,2
0,Falsas,NOUN,constructor,2
0,Falsas,NOUN,software,2
0,Falsas,NOUN,pasividad,2
0,Falsas,NOUN,reportero,2
0,Falsas,NOUN,virtud,2
0,Falsas,NOUN,baloncesto,2
0,Falsas,NOUN,sugerencia,2
0,Falsas,NOUN,músculo,2
0,Falsas,NOUN,opositor,2
0,Falsas,NOUN,célula,2
0,Falsas,NOUN,pensamiento,2
0,Falsas,NOUN,reticencia,2
0,Falsas,NOUN,encubrimiento,2
0,Falsas,NOUN,ensayo,2
0,Falsas,NOUN,años,2
0,Falsas,NOUN,archipiélago,2
0,Falsas,NOUN,teatro,2
0,Falsas,NOUN,coloquio,2
0,Falsas,NOUN,alejamiento,2
0,Falsas,NOUN,dinastía,2
0,Falsas,NOUN,enaltecimiento,2
0,Falsas,NOUN,concierto,2
0,Falsas,NOUN,recital,2
0,Falsas,NOUN,dossier,2
0,Falsas,NOUN,supuesta,2
0,Falsas,NOUN,ladrillo,2
0,Falsas,NOUN,revulsivo,2
0,Falsas,NOUN,alivio,2
0,Falsas,NOUN,nazismo,2
0,Falsas,NOUN,taberna,2
0,Falsas,NOUN,exabrupto,2
0,Falsas,NOUN,reingreso,2
0,Falsas,NOUN,docente,2
0,Falsas,NOUN,maestro,2
0,Falsas,NOUN,obsesión,2
0,Falsas,NOUN,amante,2
0,Falsas,NOUN,negro,2
0,Falsas,NOUN,alumbrado,2
0,Falsas,NOUN,exprés,2
0,Falsas,NOUN,sobreexplotación,2
0,Falsas,NOUN,obligatoriedad,2
0,Falsas,NOUN,toque,2
0,Falsas,NOUN,cumplimento,2
0,Falsas,NOUN,idoneidad,2
0,Falsas,NOUN,mandataria,2
0,Falsas,NOUN,maltrato,2
0,Falsas,NOUN,obelisco,2
0,Falsas,NOUN,golpista,2
0,Falsas,NOUN,inmersión,2
0,Falsas,NOUN,instrumento,2
0,Falsas,NOUN,reversión,2
0,Falsas,NOUN,adelante,2
0,Falsas,NOUN,introducción,2
0,Falsas,NOUN,contestación,2
0,Falsas,NOUN,treintena,2
0,Falsas,NOUN,cuánto,2
0,Falsas,NOUN,supervivencia,2
0,Falsas,NOUN,debilidad,2
0,Falsas,NOUN,fortaleza,2
0,Falsas,NOUN,estreno,2
0,Falsas,NOUN,radio,2
0,Falsas,NOUN,sufrimiento,2
0,Falsas,NOUN,discreción,2
0,Falsas,NOUN,secretismo,2
0,Falsas,NOUN,marcaje,2
0,Falsas,NOUN,fijación,2
0,Falsas,NOUN,vuelco,2
0,Falsas,NOUN,remodelación,2
0,Falsas,NOUN,presente,2
0,Falsas,NOUN,precariedad,2
0,Falsas,NOUN,música,2
0,Falsas,NOUN,programación,2
0,Falsas,NOUN,cargo-,2
0,Falsas,NOUN,utilización,2
0,Falsas,NOUN,anticipo,2
0,Falsas,NOUN,facha,2
0,Falsas,NOUN,ficha,2
0,Falsas,NOUN,espanto,2
0,Falsas,NOUN,naviero,2
0,Falsas,NOUN,inocencia,2
0,Falsas,NOUN,índice,2
0,Falsas,NOUN,experimento,2
0,Falsas,NOUN,resurrección,2
0,Falsas,NOUN,tío,2
0,Falsas,NOUN,azul,2
0,Falsas,NOUN,pinchazo,2
0,Falsas,NOUN,bróker,2
0,Falsas,NOUN,hospitalización,2
0,Falsas,NOUN,14f,2
0,Falsas,NOUN,interlocutor,2
0,Falsas,NOUN,mutuo,2
0,Falsas,NOUN,desgracia,2
0,Falsas,NOUN,ocupante,2
0,Falsas,NOUN,barra,2
0,Falsas,NOUN,sobresueldo,2
0,Falsas,NOUN,exconsejera,2
0,Falsas,NOUN,perito,2
0,Falsas,NOUN,luna,2
0,Falsas,NOUN,miel,2
0,Falsas,NOUN,boicot,2
0,Falsas,NOUN,1968,2
0,Falsas,NOUN,encaje,2
0,Falsas,NOUN,polo,2
0,Falsas,NOUN,cultivo,2
0,Falsas,NOUN,drama,2
0,Falsas,NOUN,chabola,2
0,Falsas,NOUN,socia,2
0,Falsas,NOUN,conmoción,2
0,Falsas,NOUN,constructora,2
0,Falsas,NOUN,vacío,2
0,Falsas,NOUN,eutanasia,2
0,Falsas,NOUN,veintena,2
0,Falsas,NOUN,apartarl,2
0,Falsas,NOUN,traba,2
0,Falsas,NOUN,reinserción,2
0,Falsas,NOUN,máximo,2
0,Falsas,NOUN,lacra,2
0,Falsas,NOUN,revalorización,2
0,Falsas,NOUN,ajena,2
0,Falsas,NOUN,vis,2
0,Falsas,NOUN,vocación,2
0,Falsas,NOUN,planteamiento,2
0,Falsas,NOUN,cerebro,2
0,Falsas,NOUN,suicidio,2
0,Falsas,NOUN,facturación,2
0,Falsas,NOUN,exalcaldesa,2
0,Falsas,NOUN,popularidad,2
0,Falsas,NOUN,trasvase,2
0,Falsas,NOUN,ceremonia,2
0,Falsas,NOUN,parado,2
0,Falsas,NOUN,negación,2
0,Falsas,NOUN,autopista,2
0,Falsas,NOUN,hombro,2
0,Falsas,NOUN,dado,2
0,Falsas,NOUN,cabida,2
0,Falsas,NOUN,seña,2
0,Falsas,NOUN,1975,2
0,Falsas,NOUN,vergüenza,2
0,Falsas,NOUN,conformación,2
0,Falsas,NOUN,trabaje,2
0,Falsas,NOUN,busto,2
0,Falsas,NOUN,escultura,2
0,Falsas,NOUN,moto,2
0,Falsas,NOUN,destacamento,2
0,Falsas,NOUN,virus,2
0,Falsas,NOUN,elaboración,2
0,Falsas,NOUN,ilegalización,2
0,Falsas,NOUN,telediario,2
0,Falsas,NOUN,trata,2
0,Falsas,NOUN,comunicador,2
0,Falsas,NOUN,cabecera,2
0,Falsas,NOUN,alza,2
0,Falsas,NOUN,puntuación,2
0,Falsas,NOUN,pistoletazo,2
0,Falsas,NOUN,afinidad,2
0,Falsas,NOUN,descalificación,2
0,Falsas,NOUN,requerimiento,2
0,Falsas,NOUN,componente,2
0,Falsas,NOUN,falso,2
0,Falsas,NOUN,sobreprecio,2
0,Falsas,NOUN,calma,2
0,Falsas,NOUN,procedencia,2
0,Falsas,NOUN,recurrente,2
0,Falsas,NOUN,k,2
0,Falsas,NOUN,supremacista,2
0,Falsas,NOUN,rotundidad,2
0,Falsas,NOUN,acampado,2
0,Falsas,NOUN,disconformidad,2
0,Falsas,NOUN,mediador,2
0,Falsas,NOUN,deslocalización,2
0,Falsas,NOUN,persistencia,2
0,Falsas,NOUN,tramo,2
0,Falsas,NOUN,composición,2
0,Falsas,NOUN,huérfano,2
0,Falsas,NOUN,disciplina,2
0,Falsas,NOUN,decoro,2
0,Falsas,NOUN,paréntesis,2
0,Falsas,NOUN,sálvese,2
0,Falsas,NOUN,devuelto,2
0,Falsas,NOUN,reencuentro,2
0,Falsas,NOUN,manto,2
0,Falsas,NOUN,petróleo,2
0,Falsas,NOUN,ganancia,2
0,Falsas,NOUN,saldo,2
0,Falsas,NOUN,estricto,2
0,Falsas,NOUN,2004,2
0,Falsas,NOUN,apropiación,2
0,Falsas,NOUN,sabiendas,2
0,Falsas,NOUN,sello,2
0,Falsas,NOUN,ruido,2
0,Falsas,NOUN,corredor,2
0,Falsas,NOUN,comedor,2
0,Falsas,NOUN,expiatorio,2
0,Falsas,NOUN,esencia,2
0,Falsas,NOUN,moderado,2
0,Falsas,NOUN,religión,2
0,Falsas,NOUN,orientación,2
0,Falsas,NOUN,legítima,2
0,Falsas,NOUN,sintonía,2
0,Falsas,NOUN,asignatura,2
0,Falsas,NOUN,partícipe,2
0,Falsas,NOUN,ofrecimiento,2
0,Falsas,NOUN,parálisis,2
0,Falsas,NOUN,sumisión,2
0,Falsas,NOUN,restauración,2
0,Falsas,NOUN,up,2
0,Falsas,NOUN,portazo,2
0,Falsas,NOUN,fotoperiodista,2
0,Falsas,NOUN,mancha,2
0,Falsas,NOUN,honestidad,2
0,Falsas,NOUN,supervisión,2
0,Falsas,NOUN,arropa,2
0,Falsas,NOUN,visitante,2
0,Falsas,NOUN,multinacional,2
0,Falsas,NOUN,fosa,2
0,Falsas,NOUN,preparación,2
0,Falsas,NOUN,1999,2
0,Falsas,NOUN,finanza,2
0,Falsas,NOUN,espinosa,2
0,Falsas,NOUN,vicealcaldesa,2
0,Falsas,NOUN,vandalismo,2
0,Falsas,NOUN,coincidencia,2
0,Falsas,NOUN,esclavo,2
0,Falsas,NOUN,recluso,2
0,Falsas,NOUN,moda,2
0,Falsas,NOUN,arquitecto,2
0,Falsas,NOUN,chalé,2
0,Falsas,NOUN,vecina,2
0,Falsas,NOUN,2006,2
0,Falsas,NOUN,fabricación,2
0,Falsas,NOUN,emigrante,2
0,Falsas,NOUN,letra,2
0,Falsas,NOUN,justificación,2
0,Falsas,NOUN,infracción,2
0,Falsas,NOUN,jurado,2
0,Falsas,NOUN,separatista,2
0,Falsas,NOUN,pastora,2
0,Falsas,NOUN,ejecutivo,2
0,Falsas,NOUN,disidencia,2
0,Falsas,NOUN,cúmulo,2
0,Falsas,NOUN,roce,2
0,Falsas,NOUN,ejemplaridad,2
0,Falsas,NOUN,derribo,2
0,Falsas,NOUN,fusilamiento,2
0,Falsas,NOUN,aterrizaje,2
0,Falsas,NOUN,licenciatura,2
0,Falsas,NOUN,escupitajo,2
0,Falsas,NOUN,narco,2
0,Falsas,NOUN,falsificación,2
0,Falsas,NOUN,incorporación,2
0,Falsas,NOUN,ranking,2
0,Falsas,NOUN,era,2
0,Falsas,NOUN,acusa,2
0,Falsas,NOUN,cinturón,2
0,Falsas,NOUN,agravante,2
0,Falsas,NOUN,clan,2
0,Falsas,NOUN,tándem,2
0,Falsas,NOUN,separado,2
0,Falsas,NOUN,instigador,2
0,Falsas,NOUN,lógica,2
0,Falsas,NOUN,luminaria,2
0,Falsas,NOUN,procuradora,2
0,Falsas,NOUN,despedida,2
0,Falsas,NOUN,identificación,2
0,Falsas,NOUN,testaferro,2
0,Falsas,NOUN,comodín,2
0,Falsas,NOUN,bomba,2
0,Falsas,NOUN,taxista,2
0,Falsas,NOUN,bajeza,2
0,Falsas,NOUN,chiringuito,2
0,Falsas,NOUN,especialista,2
0,Falsas,NOUN,desplome,2
0,Falsas,NOUN,ladrón,2
0,Falsas,NOUN,tonelada,2
0,Falsas,NOUN,tablero,2
0,Falsas,NOUN,consultor,2
0,Falsas,NOUN,copago,2
0,Falsas,NOUN,muralla,2
0,Falsas,NOUN,presentador,2
0,Falsas,NOUN,flexibilidad,2
0,Falsas,NOUN,trepador,2
0,Falsas,NOUN,administrador,2
0,Falsas,NOUN,mercantil,2
0,Falsas,NOUN,oasis,2
0,Falsas,NOUN,presa,2
0,Falsas,NOUN,represalia,2
0,Falsas,NOUN,cielo,2
0,Falsas,NOUN,francotirador,2
0,Falsas,NOUN,vaca,2
0,Falsas,NOUN,hilo,2
0,Falsas,NOUN,recta,2
0,Falsas,NOUN,fiscalía,2
0,Falsas,NOUN,tran,2
0,Falsas,NOUN,desahogo,2
0,Falsas,NOUN,1972,2
0,Falsas,NOUN,inmediato,2
0,Falsas,NOUN,biblioteca,2
0,Falsas,NOUN,sobreseimiento,2
0,Falsas,NOUN,2002,2
0,Falsas,NOUN,criminalización,2
0,Falsas,NOUN,racismo,2
0,Falsas,NOUN,tranquilidad,2
0,Falsas,NOUN,orilla,2
0,Falsas,NOUN,salvavidas,2
0,Falsas,NOUN,liquidación,2
0,Falsas,NOUN,brigada,2
0,Falsas,NOUN,parámetro,2
0,Falsas,NOUN,primo,2
0,Falsas,NOUN,remuneración,2
0,Falsas,NOUN,compañera,2
0,Falsas,NOUN,politólogo,2
0,Falsas,NOUN,bebida,2
0,Falsas,NOUN,nieve,2
0,Falsas,NOUN,1992,2
0,Falsas,NOUN,coma,2
0,Falsas,NOUN,comandante,2
0,Falsas,NOUN,potestad,2
0,Falsas,NOUN,revuelo,2
0,Falsas,NOUN,cobarde,2
0,Falsas,NOUN,extracción,2
0,Falsas,NOUN,ocurrencia,2
0,Falsas,NOUN,digitalización,2
0,Falsas,NOUN,conectividad,2
0,Falsas,NOUN,docena,2
0,Falsas,NOUN,degradación,2
0,Falsas,NOUN,tiburón,2
0,Falsas,NOUN,losa,2
0,Falsas,NOUN,cortesía,2
0,Falsas,NOUN,afuera,2
0,Falsas,NOUN,resistencia,2
0,Falsas,NOUN,deshumanización,2
0,Falsas,NOUN,hipotética,2
0,Falsas,NOUN,falacia,2
0,Falsas,NOUN,navegador,2
0,Falsas,NOUN,buscador,2
0,Falsas,NOUN,velocidad,2
0,Falsas,NOUN,exdirectora,2
0,Falsas,NOUN,disponibilidad,2
0,Falsas,NOUN,x.,2
0,Falsas,NOUN,encargado,2
0,Falsas,NOUN,1954,2
0,Falsas,NOUN,compensación,2
0,Falsas,NOUN,forcejeo,2
0,Falsas,NOUN,turba,2
0,Falsas,NOUN,bote,2
0,Falsas,NOUN,informador,2
0,Falsas,NOUN,relojero,2
0,Falsas,NOUN,sonería,2
0,Falsas,NOUN,desalojo,2
0,Falsas,NOUN,hidrocarburo,2
0,Falsas,NOUN,subrogación,2
0,Falsas,NOUN,desventaja,2
0,Falsas,NOUN,afiliación,2
0,Falsas,NOUN,ser,2
0,Falsas,NOUN,entrenamiento,2
0,Falsas,NOUN,percepción,2
0,Falsas,NOUN,trol,2
0,Falsas,NOUN,streamer,2
0,Falsas,NOUN,jubilada,2
0,Falsas,NOUN,funcionaria,2
0,Falsas,NOUN,cátedra,2
0,Falsas,NOUN,atribución,2
0,Falsas,NOUN,cónsul,2
0,Falsas,NOUN,antepasado,2
0,Falsas,NOUN,pedrada,2
0,Falsas,NOUN,vox,2
0,Falsas,NOUN,proyectil,2
0,Falsas,NOUN,rédito,2
0,Falsas,NOUN,recibo,2
0,Falsas,NOUN,césped,2
0,Falsas,NOUN,reseña,2
0,Falsas,NOUN,sensación,2
0,Falsas,NOUN,variación,2
0,Falsas,NOUN,reenvío,2
0,Falsas,NOUN,identificador,2
0,Falsas,NOUN,atacante,2
0,Falsas,NOUN,remitente,2
0,Falsas,NOUN,vertido,2
0,Falsas,NOUN,muelle,2
0,Falsas,NOUN,misión,2
0,Falsas,NOUN,plantilla,2
0,Falsas,NOUN,wifi,2
0,Falsas,NOUN,dosier,2
0,Falsas,NOUN,humano,2
0,Falsas,NOUN,detector,2
0,Falsas,NOUN,curiosidad,2
0,Falsas,NOUN,seminario,2
0,Falsas,NOUN,suplantación,2
0,Falsas,NOUN,logotipo,2
0,Falsas,NOUN,acumulación,2
0,Falsas,NOUN,divorcios,2
0,Falsas,NOUN,excónyuge,2
0,Falsas,NOUN,pico,2
0,Falsas,NOUN,sucesión,2
0,Falsas,NOUN,evalúa,2
0,Falsas,NOUN,muestreo,2
0,Falsas,NOUN,alumnado,2
0,Falsas,NOUN,encapuchado,2
0,Falsas,NOUN,infestación,2
0,Falsas,NOUN,ácaro,2
0,Falsas,NOUN,huevo,2
0,Falsas,NOUN,picor,2
0,Falsas,NOUN,prenda,2
0,Falsas,NOUN,fármaco,2
0,Falsas,NOUN,crema,2
0,Falsas,NOUN,cuello,2
0,Falsas,NOUN,stock,2
0,Falsas,NOUN,geolocalización,2
0,Falsas,NOUN,especie,2
0,Falsas,NOUN,anexo,2
0,Falsas,NOUN,caller,2
0,Falsas,NOUN,magrebí,2
0,Falsas,NOUN,chico,2
0,Falsas,NOUN,aduana,2
0,Falsas,NOUN,meteorología,2
0,Falsas,NOUN,casilla,2
0,Falsas,NOUN,seguro,2
0,Falsas,NOUN,titulación,2
0,Falsas,NOUN,colación,2
0,Falsas,NOUN,humo,2
0,Falsas,NOUN,munición,2
0,Falsas,NOUN,emisor,2
0,Falsas,NOUN,hacinamiento,2
0,Falsas,NOUN,europeo,2
0,Falsas,NOUN,teléfonos,2
0,Falsas,NOUN,móviles,2
0,Falsas,NOUN,1988,2
0,Falsas,NOUN,femenina,2
0,Falsas,NOUN,socio-territoriales,2
0,Falsas,NOUN,estampación,2
0,Falsas,NOUN,lodo,2
0,Falsas,NOUN,devastador,2
0,Falsas,NOUN,deslizamiento,2
0,Falsas,NOUN,valle,2
0,Falsas,NOUN,hielo,2
0,Falsas,NOUN,manual,2
0,Falsas,NOUN,conducción,2
0,Falsas,NOUN,automático,2
0,Falsas,NOUN,tutela,2
0,Falsas,NOUN,contingente,2
0,Falsas,NOUN,extranjería,2
0,Falsas,NOUN,dana,2
0,Falsas,NOUN,cadáver,2
0,Falsas,NOUN,estereotipo,2
0,Falsas,NOUN,mascota,2
0,Falsas,NOUN,reservista,2
0,Falsas,NOUN,latino,2
0,Falsas,NOUN,runner,2
0,Falsas,NOUN,gobernadora,2
0,Falsas,NOUN,feto,2
0,Falsas,NOUN,doblete,2
0,Falsas,NOUN,afectación,2
0,Falsas,NOUN,temblor,2
0,Falsas,NOUN,pakistaní,2
0,Falsas,NOUN,patio,2
0,Falsas,NOUN,subsahariano,2
0,Falsas,NOUN,emplazamiento,2
0,Falsas,NOUN,rostro,2
0,Falsas,NOUN,creador,2
0,Falsas,NOUN,tod,2
0,Falsas,NOUN,eclipsa,2
0,Falsas,NOUN,ceguera,2
0,Falsas,NOUN,autóctono,2
0,Falsas,NOUN,facilidad,2
0,Falsas,NOUN,contagiosa,2
0,Falsas,NOUN,click,2
0,Falsas,NOUN,huracán,2
0,Falsas,NOUN,viralización,2
0,Falsas,NOUN,phishing,2
0,Falsas,NOUN,italiano,2
0,Falsas,NOUN,invierte,2
0,Falsas,NOUN,marítimo,2
0,Falsas,NOUN,compraventa,2
0,Falsas,NOUN,avituallamiento,2
0,Falsas,NOUN,muchedumbre,2
0,Falsas,NOUN,incautación,2
0,Falsas,NOUN,chocolate,2
0,Falsas,NOUN,espigón,2
0,Falsas,NOUN,gasolinera,2
0,Falsas,NOUN,selfi,2
0,Falsas,NOUN,lancha,2
0,Falsas,NOUN,flotador,2
0,Falsas,NOUN,fotógrafo,2
0,Falsas,NOUN,explosivo,2
0,Falsas,NOUN,supermercado,2
0,Falsas,NOUN,tejado,2
0,Falsas,NOUN,expedición,2
0,Falsas,NOUN,renovabl,2
0,Falsas,NOUN,fotovoltaica,2
0,Falsas,NOUN,fundamento,2
0,Falsas,NOUN,intencionalidad,2
0,Falsas,NOUN,etiqueta,2
0,Falsas,NOUN,c,2
0,Falsas,NOUN,aficionado,2
0,Falsas,NOUN,mem,2
0,Falsas,NOUN,humor,2
0,Falsas,NOUN,chip,2
0,Falsas,NOUN,sensor,2
0,Falsas,NOUN,vestuario,2
0,Falsas,NOUN,antidopaje,2
0,Falsas,NOUN,previo,2
0,Falsas,NOUN,hidrógeno,2
0,Falsas,NOUN,peniques,2
0,Falsas,NOUN,eléctrico,2
0,Falsas,NOUN,británico,2
0,Falsas,NOUN,mercancía,2
0,Falsas,NOUN,glaciación,2
0,Falsas,NOUN,pelín,2
0,Falsas,NOUN,panel,2
0,Falsas,NOUN,contingencia,2
0,Falsas,NOUN,ascendencia,2
0,Falsas,NOUN,meme,2
0,Falsas,NOUN,págs,2
0,Falsas,NOUN,cómputo,2
0,Falsas,NOUN,troposfera,2
0,Falsas,NOUN,escape,2
0,Falsas,NOUN,sorteo,2
0,Falsas,NOUN,cifrado,2
0,Falsas,NOUN,microorganismo,2
0,Falsas,NOUN,maltés,2
0,Falsas,NOUN,naturalización,2
0,Falsas,NOUN,comercialización,2
0,Falsas,NOUN,medallista,1
0,Falsas,NOUN,pilar,1
0,Falsas,NOUN,estorbo,1
0,Falsas,NOUN,talante,1
0,Falsas,NOUN,civiles,1
0,Falsas,NOUN,musa,1
0,Falsas,NOUN,naturalidad,1
0,Falsas,NOUN,ficción,1
0,Falsas,NOUN,reduccionismo,1
0,Falsas,NOUN,joya,1
0,Falsas,NOUN,oligarquía,1
0,Falsas,NOUN,desde,1
0,Falsas,NOUN,calvario,1
0,Falsas,NOUN,agradecimiento,1
0,Falsas,NOUN,transfobia,1
0,Falsas,NOUN,trilero,1
0,Falsas,NOUN,aula,1
0,Falsas,NOUN,arrepentimiento,1
0,Falsas,NOUN,agujero,1
0,Falsas,NOUN,transmitírselo,1
0,Falsas,NOUN,olvidado,1
0,Falsas,NOUN,congresista,1
0,Falsas,NOUN,izado,1
0,Falsas,NOUN,infierno,1
0,Falsas,NOUN,exconserje,1
0,Falsas,NOUN,revocación,1
0,Falsas,NOUN,1951,1
0,Falsas,NOUN,pensionazo,1
0,Falsas,NOUN,mamarracho,1
0,Falsas,NOUN,cacerolada,1
0,Falsas,NOUN,excapo,1
0,Falsas,NOUN,exdirectivo,1
0,Falsas,NOUN,patinet,1
0,Falsas,NOUN,plata,1
0,Falsas,NOUN,mortalidad,1
0,Falsas,NOUN,bronce,1
0,Falsas,NOUN,papeles,1
0,Falsas,NOUN,provocador,1
0,Falsas,NOUN,aberración,1
0,Falsas,NOUN,lehendakari,1
0,Falsas,NOUN,exmonarca,1
0,Falsas,NOUN,desfranquistización,1
0,Falsas,NOUN,desmitificación,1
0,Falsas,NOUN,autopropaganda,1
0,Falsas,NOUN,venganza,1
0,Falsas,NOUN,preaviso,1
0,Falsas,NOUN,cinismo,1
0,Falsas,NOUN,retoque,1
0,Falsas,NOUN,paradigma,1
0,Falsas,NOUN,interferencia,1
0,Falsas,NOUN,exculpación,1
0,Falsas,NOUN,cualitativo,1
0,Falsas,NOUN,extraño,1
0,Falsas,NOUN,selfie,1
0,Falsas,NOUN,orquesta,1
0,Falsas,NOUN,plana,1
0,Falsas,NOUN,meta,1
0,Falsas,NOUN,felicita,1
0,Falsas,NOUN,responsablidad,1
0,Falsas,NOUN,festín,1
0,Falsas,NOUN,callarno,1
0,Falsas,NOUN,magrebíes,1
0,Falsas,NOUN,ojeada,1
0,Falsas,NOUN,chicle,1
0,Falsas,NOUN,ujier,1
0,Falsas,NOUN,instancias,1
0,Falsas,NOUN,mínima,1
0,Falsas,NOUN,caballo,1
0,Falsas,NOUN,rasgo,1
0,Falsas,NOUN,palacio,1
0,Falsas,NOUN,errata,1
0,Falsas,NOUN,corresponsabilidad,1
0,Falsas,NOUN,adaptación,1
0,Falsas,NOUN,desconexión,1
0,Falsas,NOUN,moneda,1
0,Falsas,NOUN,informático,1
0,Falsas,NOUN,contradictoria,1
0,Falsas,NOUN,startups,1
0,Falsas,NOUN,misil,1
0,Falsas,NOUN,financiero,1
0,Falsas,NOUN,broche,1
0,Falsas,NOUN,cantautor,1
0,Falsas,NOUN,necesitamo,1
0,Falsas,NOUN,perpetración,1
0,Falsas,NOUN,imputado,1
0,Falsas,NOUN,sedoac,1
0,Falsas,NOUN,fortín,1
0,Falsas,NOUN,recibimiento,1
0,Falsas,NOUN,injusto,1
0,Falsas,NOUN,rechace,1
0,Falsas,NOUN,desjudicialización,1
0,Falsas,NOUN,columnista,1
0,Falsas,NOUN,balanza,1
0,Falsas,NOUN,favorito,1
0,Falsas,NOUN,amarillo,1
0,Falsas,NOUN,brecha,1
0,Falsas,NOUN,mollete,1
0,Falsas,NOUN,resurgimiento,1
0,Falsas,NOUN,profilaxis,1
0,Falsas,NOUN,twitter,1
0,Falsas,NOUN,rodillo,1
0,Falsas,NOUN,bombardeo,1
0,Falsas,NOUN,contraprestación,1
0,Falsas,NOUN,capricho,1
0,Falsas,NOUN,boda,1
0,Falsas,NOUN,12j,1
0,Falsas,NOUN,bloguero,1
0,Falsas,NOUN,tiro,1
0,Falsas,NOUN,culata,1
0,Falsas,NOUN,saharaui,1
0,Falsas,NOUN,bagaje,1
0,Falsas,NOUN,capitalidad,1
0,Falsas,NOUN,convencimiento,1
0,Falsas,NOUN,pública,1
0,Falsas,NOUN,reaparición,1
0,Falsas,NOUN,critica,1
0,Falsas,NOUN,amnistiado,1
0,Falsas,NOUN,defraudador,1
0,Falsas,NOUN,conflictividad,1
0,Falsas,NOUN,heredera,1
0,Falsas,NOUN,28m.,1
0,Falsas,NOUN,desnortamiento,1
0,Falsas,NOUN,sensatez,1
0,Falsas,NOUN,gurú,1
0,Falsas,NOUN,reestructuración,1
0,Falsas,NOUN,enchufe,1
0,Falsas,NOUN,tinta,1
0,Falsas,NOUN,orgánica,1
0,Falsas,NOUN,desescalada,1
0,Falsas,NOUN,turco,1
0,Falsas,NOUN,carlista,1
0,Falsas,NOUN,asimetría,1
0,Falsas,NOUN,cuatripartito,1
0,Falsas,NOUN,i-e,1
0,Falsas,NOUN,espejo,1
0,Falsas,NOUN,regente,1
0,Falsas,NOUN,bandazo,1
0,Falsas,NOUN,derechista,1
0,Falsas,NOUN,esperado,1
0,Falsas,NOUN,equo-a,1
0,Falsas,NOUN,recelo,1
0,Falsas,NOUN,maletín,1
0,Falsas,NOUN,duquesa,1
0,Falsas,NOUN,nieta,1
0,Falsas,NOUN,esto,1
0,Falsas,NOUN,1982,1
0,Falsas,NOUN,cesta,1
0,Falsas,NOUN,diversidad,1
0,Falsas,NOUN,patriota,1
0,Falsas,NOUN,habitantesequo,1
0,Falsas,NOUN,ostracismo,1
0,Falsas,NOUN,18.00,1
0,Falsas,NOUN,cuita,1
0,Falsas,NOUN,elite,1
0,Falsas,NOUN,etnia,1
0,Falsas,NOUN,haberlo,1
0,Falsas,NOUN,inestabilidad,1
0,Falsas,NOUN,autogolpe,1
0,Falsas,NOUN,retroceso,1
0,Falsas,NOUN,corsé,1
0,Falsas,NOUN,organicidad,1
0,Falsas,NOUN,imperfecta,1
0,Falsas,NOUN,convencerl,1
0,Falsas,NOUN,retire,1
0,Falsas,NOUN,dardo,1
0,Falsas,NOUN,descarga,1
0,Falsas,NOUN,fusilería,1
0,Falsas,NOUN,realización,1
0,Falsas,NOUN,hijoputa,1
0,Falsas,NOUN,niñato,1
0,Falsas,NOUN,caladero,1
0,Falsas,NOUN,insomn,1
0,Falsas,NOUN,tostón,1
0,Falsas,NOUN,soporífero,1
0,Falsas,NOUN,ben-hur,1
0,Falsas,NOUN,pila,1
0,Falsas,NOUN,recogida,1
0,Falsas,NOUN,entreguismo,1
0,Falsas,NOUN,altavoz,1
0,Falsas,NOUN,bisnieto,1
0,Falsas,NOUN,flor,1
0,Falsas,NOUN,ramo,1
0,Falsas,NOUN,triunfalista,1
0,Falsas,NOUN,cantonalismo,1
0,Falsas,NOUN,impago,1
0,Falsas,NOUN,pasaje,1
0,Falsas,NOUN,currículo,1
0,Falsas,NOUN,laguna,1
0,Falsas,NOUN,grúas,1
0,Falsas,NOUN,1918,1
0,Falsas,NOUN,simulación,1
0,Falsas,NOUN,excusa,1
0,Falsas,NOUN,inmovilista,1
0,Falsas,NOUN,reacia,1
0,Falsas,NOUN,ideario,1
0,Falsas,NOUN,1936,1
0,Falsas,NOUN,perdiz,1
0,Falsas,NOUN,tontería,1
0,Falsas,NOUN,subcomisión,1
0,Falsas,NOUN,formulación,1
0,Falsas,NOUN,vodevil,1
0,Falsas,NOUN,adjetivo,1
0,Falsas,NOUN,duelo,1
0,Falsas,NOUN,navideño,1
0,Falsas,NOUN,maldición,1
0,Falsas,NOUN,abolición,1
0,Falsas,NOUN,linchamiento,1
0,Falsas,NOUN,traerlo,1
0,Falsas,NOUN,reputación,1
0,Falsas,NOUN,@ccifuent,1
0,Falsas,NOUN,alegría,1
0,Falsas,NOUN,sucia,1
0,Falsas,NOUN,otureña,1
0,Falsas,NOUN,orgullo,1
0,Falsas,NOUN,mobiliario,1
0,Falsas,NOUN,1977,1
0,Falsas,NOUN,alcaldable,1
0,Falsas,NOUN,xenófoba,1
0,Falsas,NOUN,adenda,1
0,Falsas,NOUN,merma,1
0,Falsas,NOUN,aforamiento,1
0,Falsas,NOUN,reedición,1
0,Falsas,NOUN,lagravedad,1
0,Falsas,NOUN,vieja,1
0,Falsas,NOUN,radioterapia,1
0,Falsas,NOUN,hormonal,1
0,Falsas,NOUN,expolítico,1
0,Falsas,NOUN,plagio,1
0,Falsas,NOUN,autocar,1
0,Falsas,NOUN,deriva,1
0,Falsas,NOUN,show,1
0,Falsas,NOUN,sorpasso,1
0,Falsas,NOUN,libretita,1
0,Falsas,NOUN,tatuaje,1
0,Falsas,NOUN,icono,1
0,Falsas,NOUN,pierna,1
0,Falsas,NOUN,eaj-pnv-ciudadano,1
0,Falsas,NOUN,22:10,1
0,Falsas,NOUN,adoctrinamiento,1
0,Falsas,NOUN,multimillonario,1
0,Falsas,NOUN,mordida,1
0,Falsas,NOUN,pizza,1
0,Falsas,NOUN,alineación,1
0,Falsas,NOUN,lideresa,1
0,Falsas,NOUN,humildad,1
0,Falsas,NOUN,potencialidad,1
0,Falsas,NOUN,encrucijada,1
0,Falsas,NOUN,reinvención,1
0,Falsas,NOUN,costumbre,1
0,Falsas,NOUN,inflexión,1
0,Falsas,NOUN,suplicatorio,1
0,Falsas,NOUN,carné,1
0,Falsas,NOUN,tabúes,1
0,Falsas,NOUN,felón,1
0,Falsas,NOUN,honorabilidad,1
0,Falsas,NOUN,insinúa,1
0,Falsas,NOUN,ventilador,1
0,Falsas,NOUN,inmundicia,1
0,Falsas,NOUN,exclusividad,1
0,Falsas,NOUN,vip,1
0,Falsas,NOUN,rol,1
0,Falsas,NOUN,inhumación,1
0,Falsas,NOUN,extenuación,1
0,Falsas,NOUN,desmantelamiento,1
0,Falsas,NOUN,clausurada,1
0,Falsas,NOUN,soledad,1
0,Falsas,NOUN,extesorera,1
0,Falsas,NOUN,camisa,1
0,Falsas,NOUN,proetarra,1
0,Falsas,NOUN,batasuno,1
0,Falsas,NOUN,catedral,1
0,Falsas,NOUN,big,1
0,Falsas,NOUN,alfombra,1
0,Falsas,NOUN,pondría,1
0,Falsas,NOUN,merece,1
0,Falsas,NOUN,alma,1
0,Falsas,NOUN,traidor,1
0,Falsas,NOUN,puntal,1
0,Falsas,NOUN,aspiración,1
0,Falsas,NOUN,pin,1
0,Falsas,NOUN,extremista,1
0,Falsas,NOUN,agilización,1
0,Falsas,NOUN,vilo,1
0,Falsas,NOUN,circuscripción,1
0,Falsas,NOUN,1879,1
0,Falsas,NOUN,depuración,1
0,Falsas,NOUN,2001,1
0,Falsas,NOUN,folletín,1
0,Falsas,NOUN,jaque,1
0,Falsas,NOUN,concesionaria,1
0,Falsas,NOUN,permuta,1
0,Falsas,NOUN,alambre,1
0,Falsas,NOUN,diplomático,1
0,Falsas,NOUN,ilegal,1
0,Falsas,NOUN,agricultura,1
0,Falsas,NOUN,balonmano,1
0,Falsas,NOUN,1970,1
0,Falsas,NOUN,politización,1
0,Falsas,NOUN,obvia,1
0,Falsas,NOUN,felicidad,1
0,Falsas,NOUN,agroindustria,1
0,Falsas,NOUN,exesposa,1
0,Falsas,NOUN,monstruo,1
0,Falsas,NOUN,populista,1
0,Falsas,NOUN,c's,1
0,Falsas,NOUN,comparten'objetivo,1
0,Falsas,NOUN,avatar,1
0,Falsas,NOUN,sexo,1
0,Falsas,NOUN,otoño,1
0,Falsas,NOUN,parón,1
0,Falsas,NOUN,factoría,1
0,Falsas,NOUN,ilegitimidad,1
0,Falsas,NOUN,letrada,1
0,Falsas,NOUN,espectador,1
0,Falsas,NOUN,alocución,1
0,Falsas,NOUN,navidad,1
0,Falsas,NOUN,cadera,1
0,Falsas,NOUN,obsequio,1
0,Falsas,NOUN,difamación,1
0,Falsas,NOUN,incomunicación,1
0,Falsas,NOUN,hospitalizado,1
0,Falsas,NOUN,negligencia,1
0,Falsas,NOUN,remolque,1
0,Falsas,NOUN,xenófobo,1
0,Falsas,NOUN,paradero,1
0,Falsas,NOUN,trienio,1
0,Falsas,NOUN,estratega,1
0,Falsas,NOUN,emisora,1
0,Falsas,NOUN,desafortunada,1
0,Falsas,NOUN,rivalidad,1
0,Falsas,NOUN,gala,1
0,Falsas,NOUN,auditorio,1
0,Falsas,NOUN,descentralización,1
0,Falsas,NOUN,agravio,1
0,Falsas,NOUN,connivencia,1
0,Falsas,NOUN,transcurso,1
0,Falsas,NOUN,ex,1
0,Falsas,NOUN,carmenista,1
0,Falsas,NOUN,clínica,1
0,Falsas,NOUN,alegato,1
0,Falsas,NOUN,tacha,1
0,Falsas,NOUN,ultraje,1
0,Falsas,NOUN,infanta,1
0,Falsas,NOUN,alcaldesas,1
0,Falsas,NOUN,reverso,1
0,Falsas,NOUN,furor,1
0,Falsas,NOUN,desembarco,1
0,Falsas,NOUN,hucha,1
0,Falsas,NOUN,arribista,1
0,Falsas,NOUN,natalidad,1
0,Falsas,NOUN,prostíbulo,1
0,Falsas,NOUN,alterne,1
0,Falsas,NOUN,trust,1
0,Falsas,NOUN,prime,1
0,Falsas,NOUN,anarquismo,1
0,Falsas,NOUN,aeródromo,1
0,Falsas,NOUN,apuro,1
0,Falsas,NOUN,luto,1
0,Falsas,NOUN,promotora,1
0,Falsas,NOUN,lobby,1
0,Falsas,NOUN,socorrista,1
0,Falsas,NOUN,continua,1
0,Falsas,NOUN,descendencia,1
0,Falsas,NOUN,encontrase,1
0,Falsas,NOUN,oído,1
0,Falsas,NOUN,1986,1
0,Falsas,NOUN,macroestafa,1
0,Falsas,NOUN,rentabilidad,1
0,Falsas,NOUN,probeta,1
0,Falsas,NOUN,hundimiento,1
0,Falsas,NOUN,fascismo,1
0,Falsas,NOUN,mullida,1
0,Falsas,NOUN,foralidad,1
0,Falsas,NOUN,teledetección,1
0,Falsas,NOUN,comarca,1
0,Falsas,NOUN,vientre,1
0,Falsas,NOUN,explotación,1
0,Falsas,NOUN,10-n.,1
0,Falsas,NOUN,cimiento,1
0,Falsas,NOUN,hostelería,1
0,Falsas,NOUN,flirteo,1
0,Falsas,NOUN,precandidato,1
0,Falsas,NOUN,gallega,1
0,Falsas,NOUN,comunismo,1
0,Falsas,NOUN,marruecosgate,1
0,Falsas,NOUN,blindaje,1
0,Falsas,NOUN,anzuelo,1
0,Falsas,NOUN,fraganti,1
0,Falsas,NOUN,concertina,1
0,Falsas,NOUN,secesionismo,1
0,Falsas,NOUN,estrado,1
0,Falsas,NOUN,predisposición,1
0,Falsas,NOUN,corta,1
0,Falsas,NOUN,sensibilización,1
0,Falsas,NOUN,lanza,1
0,Falsas,NOUN,colectividad,1
0,Falsas,NOUN,connotación,1
0,Falsas,NOUN,madrileño,1
0,Falsas,NOUN,boom,1
0,Falsas,NOUN,lucro,1
0,Falsas,NOUN,príncipe,1
0,Falsas,NOUN,tributo,1
0,Falsas,NOUN,clasismo,1
0,Falsas,NOUN,atuendo,1
0,Falsas,NOUN,chaqueta,1
0,Falsas,NOUN,corbata,1
0,Falsas,NOUN,tajada,1
0,Falsas,NOUN,polvareda,1
0,Falsas,NOUN,editor,1
0,Falsas,NOUN,armario,1
0,Falsas,NOUN,látigo,1
0,Falsas,NOUN,pluma,1
0,Falsas,NOUN,homosexual,1
0,Falsas,NOUN,neonazi,1
0,Falsas,NOUN,adoración,1
0,Falsas,NOUN,aventura,1
0,Falsas,NOUN,fiasco,1
0,Falsas,NOUN,2d.,1
0,Falsas,NOUN,meteórico,1
0,Falsas,NOUN,pañuelo,1
0,Falsas,NOUN,mili,1
0,Falsas,NOUN,empeoramiento,1
0,Falsas,NOUN,refugio,1
0,Falsas,NOUN,temporero,1
0,Falsas,NOUN,bufete,1
0,Falsas,NOUN,ende,1
0,Falsas,NOUN,carrerilla,1
0,Falsas,NOUN,divergencia,1
0,Falsas,NOUN,macrosondeo,1
0,Falsas,NOUN,com,1
0,Falsas,NOUN,sultán,1
0,Falsas,NOUN,listeriosis,1
0,Falsas,NOUN,legitima,1
0,Falsas,NOUN,cajón,1
0,Falsas,NOUN,armonización,1
0,Falsas,NOUN,melón,1
0,Falsas,NOUN,ironía,1
0,Falsas,NOUN,seriedad,1
0,Falsas,NOUN,megavatio,1
0,Falsas,NOUN,salón,1
0,Falsas,NOUN,anti-crisis,1
0,Falsas,NOUN,intermediario,1
0,Falsas,NOUN,lifting,1
0,Falsas,NOUN,refundación,1
0,Falsas,NOUN,delirio,1
0,Falsas,NOUN,alarde,1
0,Falsas,NOUN,transposición,1
0,Falsas,NOUN,ignorancia,1
0,Falsas,NOUN,pantalón,1
0,Falsas,NOUN,sustancia,1
0,Falsas,NOUN,prescrita,1
0,Falsas,NOUN,puntilla,1
0,Falsas,NOUN,copartícip,1
0,Falsas,NOUN,okupación,1
0,Falsas,NOUN,salvapatria,1
0,Falsas,NOUN,salvador,1
0,Falsas,NOUN,video,1
0,Falsas,NOUN,antesala,1
0,Falsas,NOUN,garaje,1
0,Falsas,NOUN,pactismo,1
0,Falsas,NOUN,vete,1
0,Falsas,NOUN,zarandaja,1
0,Falsas,NOUN,adjudicatario,1
0,Falsas,NOUN,decepcionant,1
0,Falsas,NOUN,suplantador,1
0,Falsas,NOUN,ábalo,1
0,Falsas,NOUN,escolta,1
0,Falsas,NOUN,hermetismo,1
0,Falsas,NOUN,exportación,1
0,Falsas,NOUN,1987,1
0,Falsas,NOUN,repunte,1
0,Falsas,NOUN,encargo,1
0,Falsas,NOUN,parcialidad,1
0,Falsas,NOUN,enemistad,1
0,Falsas,NOUN,impropia,1
0,Falsas,NOUN,bando,1
0,Falsas,NOUN,estrofa,1
0,Falsas,NOUN,nostálgico,1
0,Falsas,NOUN,burla,1
0,Falsas,NOUN,2012,1
0,Falsas,NOUN,saca,1
0,Falsas,NOUN,vanguardista,1
0,Falsas,NOUN,lider,1
0,Falsas,NOUN,contador,1
0,Falsas,NOUN,1969,1
0,Falsas,NOUN,pesetas,1
0,Falsas,NOUN,trifachito,1
0,Falsas,NOUN,dependient,1
0,Falsas,NOUN,congelelación,1
0,Falsas,NOUN,procurador,1
0,Falsas,NOUN,prioritario,1
0,Falsas,NOUN,autovía,1
0,Falsas,NOUN,anfitrión,1
0,Falsas,NOUN,dialéctica,1
0,Falsas,NOUN,tapujo,1
0,Falsas,NOUN,exgerent,1
0,Falsas,NOUN,legitimación,1
0,Falsas,NOUN,gravísimo,1
0,Falsas,NOUN,rayo,1
0,Falsas,NOUN,dinámica,1
0,Falsas,NOUN,retrato,1
0,Falsas,NOUN,muñidor,1
0,Falsas,NOUN,entero,1
0,Falsas,NOUN,distensión,1
0,Falsas,NOUN,apartahotel,1
0,Falsas,NOUN,politóloga,1
0,Falsas,NOUN,sólido,1
0,Falsas,NOUN,gusano,1
0,Falsas,NOUN,manzana,1
0,Falsas,NOUN,conejo,1
0,Falsas,NOUN,motocicleta,1
0,Falsas,NOUN,arrastrar,1
0,Falsas,NOUN,impotencia,1
0,Falsas,NOUN,equidistancia,1
0,Falsas,NOUN,tabaco,1
0,Falsas,NOUN,alcohol,1
0,Falsas,NOUN,acomplejado,1
0,Falsas,NOUN,matonismo,1
0,Falsas,NOUN,chándal,1
0,Falsas,NOUN,pícaro,1
0,Falsas,NOUN,comience,1
0,Falsas,NOUN,catalanismo,1
0,Falsas,NOUN,oligarca,1
0,Falsas,NOUN,pinza,1
0,Falsas,NOUN,noventa,1
0,Falsas,NOUN,estela,1
0,Falsas,NOUN,integrador,1
0,Falsas,NOUN,aprobarlo,1
0,Falsas,NOUN,regata,1
0,Falsas,NOUN,regatista,1
0,Falsas,NOUN,cuestionamiento,1
0,Falsas,NOUN,dopaje,1
0,Falsas,NOUN,pausa,1
0,Falsas,NOUN,holocuento,1
0,Falsas,NOUN,reanudación,1
0,Falsas,NOUN,lugarteniente,1
0,Falsas,NOUN,sectarismo,1
0,Falsas,NOUN,fusil,1
0,Falsas,NOUN,puñado,1
0,Falsas,NOUN,aspaviento,1
0,Falsas,NOUN,fragata,1
0,Falsas,NOUN,patata,1
0,Falsas,NOUN,varapalo,1
0,Falsas,NOUN,montante,1
0,Falsas,NOUN,ultraactividad,1
0,Falsas,NOUN,activismo,1
0,Falsas,NOUN,problemática,1
0,Falsas,NOUN,ludopatía,1
0,Falsas,NOUN,hiperliderazgo,1
0,Falsas,NOUN,empresariado,1
0,Falsas,NOUN,clausura,1
0,Falsas,NOUN,complacencia,1
0,Falsas,NOUN,incomodidad,1
0,Falsas,NOUN,defecto,1
0,Falsas,NOUN,arrinconarl,1
0,Falsas,NOUN,ocultamiento,1
0,Falsas,NOUN,laborista,1
0,Falsas,NOUN,entereza,1
0,Falsas,NOUN,obvio,1
0,Falsas,NOUN,llamen,1
0,Falsas,NOUN,verde,1
0,Falsas,NOUN,positivo,1
0,Falsas,NOUN,verdugo,1
0,Falsas,NOUN,impún,1
0,Falsas,NOUN,informarno,1
0,Falsas,NOUN,presentadora,1
0,Falsas,NOUN,evacuación,1
0,Falsas,NOUN,fracasado,1
0,Falsas,NOUN,vestíbulo,1
0,Falsas,NOUN,constatación,1
0,Falsas,NOUN,consecución,1
0,Falsas,NOUN,antípoda,1
0,Falsas,NOUN,mirarno,1
0,Falsas,NOUN,ombligo,1
0,Falsas,NOUN,barril,1
0,Falsas,NOUN,bochorno,1
0,Falsas,NOUN,opacidad,1
0,Falsas,NOUN,pesadilla,1
0,Falsas,NOUN,haberl,1
0,Falsas,NOUN,cofundador,1
0,Falsas,NOUN,monólogo,1
0,Falsas,NOUN,firme,1
0,Falsas,NOUN,inelegibilidad,1
0,Falsas,NOUN,auditoría,1
0,Falsas,NOUN,coordine,1
0,Falsas,NOUN,conciencia,1
0,Falsas,NOUN,recado,1
0,Falsas,NOUN,pavoneo,1
0,Falsas,NOUN,némesis,1
0,Falsas,NOUN,pagafanta,1
0,Falsas,NOUN,comisaría,1
0,Falsas,NOUN,enjuiciamiento,1
0,Falsas,NOUN,masacre,1
0,Falsas,NOUN,justificarla,1
0,Falsas,NOUN,aquél,1
0,Falsas,NOUN,lote,1
0,Falsas,NOUN,ffp3,1
0,Falsas,NOUN,marea,1
0,Falsas,NOUN,regidora,1
0,Falsas,NOUN,ránking,1
0,Falsas,NOUN,urbanismo,1
0,Falsas,NOUN,atropello,1
0,Falsas,NOUN,objetividad,1
0,Falsas,NOUN,1953,1
0,Falsas,NOUN,sable,1
0,Falsas,NOUN,beneficiado,1
0,Falsas,NOUN,honesto,1
0,Falsas,NOUN,intelectual,1
0,Falsas,NOUN,exterminio,1
0,Falsas,NOUN,comisaria,1
0,Falsas,NOUN,desactivarlo,1
0,Falsas,NOUN,conmina,1
0,Falsas,NOUN,aluvión,1
0,Falsas,NOUN,nutrición,1
0,Falsas,NOUN,semestre,1
0,Falsas,NOUN,viraje,1
0,Falsas,NOUN,1934,1
0,Falsas,NOUN,idilio,1
0,Falsas,NOUN,alabanza,1
0,Falsas,NOUN,reconstitución,1
0,Falsas,NOUN,desconocida,1
0,Falsas,NOUN,prudencia,1
0,Falsas,NOUN,reparo,1
0,Falsas,NOUN,galería,1
0,Falsas,NOUN,electoralismo,1
0,Falsas,NOUN,cedérselo,1
0,Falsas,NOUN,borrón,1
0,Falsas,NOUN,retahíla,1
0,Falsas,NOUN,impulsora,1
0,Falsas,NOUN,antena,1
0,Falsas,NOUN,telefonía,1
0,Falsas,NOUN,xxi,1
0,Falsas,NOUN,garganta,1
0,Falsas,NOUN,match-ball,1
0,Falsas,NOUN,capitalización,1
0,Falsas,NOUN,enajenación,1
0,Falsas,NOUN,conselleria,1
0,Falsas,NOUN,alternancia,1
0,Falsas,NOUN,hipotecaria,1
0,Falsas,NOUN,referida,1
0,Falsas,NOUN,chapapote,1
0,Falsas,NOUN,grieta,1
0,Falsas,NOUN,pasión,1
0,Falsas,NOUN,plenario,1
0,Falsas,NOUN,esquirola,1
0,Falsas,NOUN,hierro,1
0,Falsas,NOUN,dejen,1
0,Falsas,NOUN,grosero,1
0,Falsas,NOUN,subiría,1
0,Falsas,NOUN,agresividad,1
0,Falsas,NOUN,nostalgia,1
0,Falsas,NOUN,falcon,1
0,Falsas,NOUN,constitutiva,1
0,Falsas,NOUN,ecuación,1
0,Falsas,NOUN,aplazamiento,1
0,Falsas,NOUN,redil,1
0,Falsas,NOUN,antiaborto,1
0,Falsas,NOUN,simbología,1
0,Falsas,NOUN,intimidación,1
0,Falsas,NOUN,polución,1
0,Falsas,NOUN,2011-2015,1
0,Falsas,NOUN,duque,1
0,Falsas,NOUN,memorial,1
0,Falsas,NOUN,gobernador,1
0,Falsas,NOUN,árbitro,1
0,Falsas,NOUN,admiradora,1
0,Falsas,NOUN,antidisturbio,1
0,Falsas,NOUN,violeta,1
0,Falsas,NOUN,fulminantemente,1
0,Falsas,NOUN,inmobiliaria,1
0,Falsas,NOUN,griterío,1
0,Falsas,NOUN,productor,1
0,Falsas,NOUN,11.30,1
0,Falsas,NOUN,alergia,1
0,Falsas,NOUN,itinerario,1
0,Falsas,NOUN,crímén,1
0,Falsas,NOUN,28-a,1
0,Falsas,NOUN,meritocracia,1
0,Falsas,NOUN,artífice,1
0,Falsas,NOUN,1999-2005,1
0,Falsas,NOUN,sobresalto,1
0,Falsas,NOUN,confort,1
0,Falsas,NOUN,mientra,1
0,Falsas,NOUN,semanal,1
0,Falsas,NOUN,perspicacia,1
0,Falsas,NOUN,llaga,1
0,Falsas,NOUN,tertulia,1
0,Falsas,NOUN,remate,1
0,Falsas,NOUN,alias,1
0,Falsas,NOUN,antidemocrática,1
0,Falsas,NOUN,quién,1
0,Falsas,NOUN,berrinch,1
0,Falsas,NOUN,tranquila,1
0,Falsas,NOUN,dispersión,1
0,Falsas,NOUN,invento,1
0,Falsas,NOUN,cautela,1
0,Falsas,NOUN,allegado,1
0,Falsas,NOUN,décima,1
0,Falsas,NOUN,ópera,1
0,Falsas,NOUN,técnico,1
0,Falsas,NOUN,delincuencia,1
0,Falsas,NOUN,oscuridad,1
0,Falsas,NOUN,tristeza,1
0,Falsas,NOUN,enterramiento,1
0,Falsas,NOUN,conteo,1
0,Falsas,NOUN,recuento,1
0,Falsas,NOUN,drogadicción,1
0,Falsas,NOUN,laintegración,1
0,Falsas,NOUN,diputación,1
0,Falsas,NOUN,destapa,1
0,Falsas,NOUN,1714,1
0,Falsas,NOUN,tropa,1
0,Falsas,NOUN,escenografía,1
0,Falsas,NOUN,atril,1
0,Falsas,NOUN,evasiva,1
0,Falsas,NOUN,moleste,1
0,Falsas,NOUN,interventor,1
0,Falsas,NOUN,ultracatólico,1
0,Falsas,NOUN,absurdo,1
0,Falsas,NOUN,tobillo,1
0,Falsas,NOUN,perpetua,1
0,Falsas,NOUN,condicionamiento,1
0,Falsas,NOUN,alertador,1
0,Falsas,NOUN,inmovilismo,1
0,Falsas,NOUN,concordia,1
0,Falsas,NOUN,secta,1
0,Falsas,NOUN,retiro,1
0,Falsas,NOUN,inmoralidad,1
0,Falsas,NOUN,mueble,1
0,Falsas,NOUN,oreja,1
0,Falsas,NOUN,redactor,1
0,Falsas,NOUN,andamio,1
0,Falsas,NOUN,proyector,1
0,Falsas,NOUN,rebeldía,1
0,Falsas,NOUN,huido,1
0,Falsas,NOUN,montería,1
0,Falsas,NOUN,rehala,1
0,Falsas,NOUN,distanciamiento,1
0,Falsas,NOUN,consolación,1
0,Falsas,NOUN,debacl,1
0,Falsas,NOUN,convención,1
0,Falsas,NOUN,fango,1
0,Falsas,NOUN,dispar,1
0,Falsas,NOUN,lío,1
0,Falsas,NOUN,covid,1
0,Falsas,NOUN,nómina,1
0,Falsas,NOUN,acreedor,1
0,Falsas,NOUN,salvación,1
0,Falsas,NOUN,frialdad,1
0,Falsas,NOUN,pozo,1
0,Falsas,NOUN,aclimatación,1
0,Falsas,NOUN,metros,1
0,Falsas,NOUN,cúbicos,1
0,Falsas,NOUN,marra,1
0,Falsas,NOUN,índole,1
0,Falsas,NOUN,aislamiento,1
0,Falsas,NOUN,militarismo,1
0,Falsas,NOUN,abstencionismo,1
0,Falsas,NOUN,militarización,1
0,Falsas,NOUN,filosofía,1
0,Falsas,NOUN,reelegida,1
0,Falsas,NOUN,macrobotellón,1
0,Falsas,NOUN,bono,1
0,Falsas,NOUN,proscripción,1
0,Falsas,NOUN,tutelada,1
0,Falsas,NOUN,bngdeg,1
0,Falsas,NOUN,emitido,1
0,Falsas,NOUN,narcotráficant,1
0,Falsas,NOUN,misterio,1
0,Falsas,NOUN,escote,1
0,Falsas,NOUN,aparato,1
0,Falsas,NOUN,corrupto,1
0,Falsas,NOUN,exjefa,1
0,Falsas,NOUN,primeros,1
0,Falsas,NOUN,lamento,1
0,Falsas,NOUN,cuatro,1
0,Falsas,NOUN,profundización,1
0,Falsas,NOUN,detonante,1
0,Falsas,NOUN,embarazada,1
0,Falsas,NOUN,manada,1
0,Falsas,NOUN,soplo,1
0,Falsas,NOUN,veta,1
0,Falsas,NOUN,fía,1
0,Falsas,NOUN,conseguidor,1
0,Falsas,NOUN,humorista,1
0,Falsas,NOUN,pagarés,1
0,Falsas,NOUN,posgrado,1
0,Falsas,NOUN,consellería,1
0,Falsas,NOUN,chapucero,1
0,Falsas,NOUN,sombrajo,1
0,Falsas,NOUN,incoherencia,1
0,Falsas,NOUN,trigo,1
0,Falsas,NOUN,ordenamiento,1
0,Falsas,NOUN,subasta,1
0,Falsas,NOUN,copie,1
0,Falsas,NOUN,votaremo,1
0,Falsas,NOUN,ultimátum,1
0,Falsas,NOUN,bestia,1
0,Falsas,NOUN,sex,1
0,Falsas,NOUN,al-saud,1
0,Falsas,NOUN,insistencia,1
0,Falsas,NOUN,discoteca,1
0,Falsas,NOUN,liberal,1
0,Falsas,NOUN,desquadra,1
0,Falsas,NOUN,pararlo,1
0,Falsas,NOUN,tenor,1
0,Falsas,NOUN,barro,1
0,Falsas,NOUN,solidaria,1
0,Falsas,NOUN,soñar,1
0,Falsas,NOUN,aporofobia,1
0,Falsas,NOUN,1868,1
0,Falsas,NOUN,adulterada,1
0,Falsas,NOUN,solvencia,1
0,Falsas,NOUN,fábrica,1
0,Falsas,NOUN,pellet,1
0,Falsas,NOUN,pesquisa,1
0,Falsas,NOUN,desayuno,1
0,Falsas,NOUN,tinte,1
0,Falsas,NOUN,son,1
0,Falsas,NOUN,asombro,1
0,Falsas,NOUN,panda,1
0,Falsas,NOUN,rapapolvo,1
0,Falsas,NOUN,postre,1
0,Falsas,NOUN,jamón,1
0,Falsas,NOUN,serrano,1
0,Falsas,NOUN,feria,1
0,Falsas,NOUN,rapiña,1
0,Falsas,NOUN,botín,1
0,Falsas,NOUN,sanchismo,1
0,Falsas,NOUN,aprieto,1
0,Falsas,NOUN,cupair,1
0,Falsas,NOUN,lustro,1
0,Falsas,NOUN,canario,1
0,Falsas,NOUN,opa,1
0,Falsas,NOUN,omnipresente,1
0,Falsas,NOUN,macroquerella,1
0,Falsas,NOUN,juán,1
0,Falsas,NOUN,elogio,1
0,Falsas,NOUN,precarización,1
0,Falsas,NOUN,peineta,1
0,Falsas,NOUN,espaldas,1
0,Falsas,NOUN,reconfiguración,1
0,Falsas,NOUN,contencioso,1
0,Falsas,NOUN,nº,1
0,Falsas,NOUN,pitufeo,1
0,Falsas,NOUN,exconcejal,1
0,Falsas,NOUN,anticapitalista,1
0,Falsas,NOUN,autodescarte,1
0,Falsas,NOUN,descontento,1
0,Falsas,NOUN,entrenador,1
0,Falsas,NOUN,picadura,1
0,Falsas,NOUN,exmarido,1
0,Falsas,NOUN,reo,1
0,Falsas,NOUN,expatriado,1
0,Falsas,NOUN,coartada,1
0,Falsas,NOUN,bochornoso,1
0,Falsas,NOUN,acaso,1
0,Falsas,NOUN,limitada,1
0,Falsas,NOUN,agotamiento,1
0,Falsas,NOUN,exhausto,1
0,Falsas,NOUN,desesperación,1
0,Falsas,NOUN,purga,1
0,Falsas,NOUN,olvido,1
0,Falsas,NOUN,tripulante,1
0,Falsas,NOUN,yate,1
0,Falsas,NOUN,quicio,1
0,Falsas,NOUN,10n,1
0,Falsas,NOUN,precontratación,1
0,Falsas,NOUN,tripartito,1
0,Falsas,NOUN,exgerente,1
0,Falsas,NOUN,investigada,1
0,Falsas,NOUN,rider,1
0,Falsas,NOUN,derrotismo,1
0,Falsas,NOUN,incomprensión,1
0,Falsas,NOUN,canciller,1
0,Falsas,NOUN,email,1
0,Falsas,NOUN,contabilización,1
0,Falsas,NOUN,cupo,1
0,Falsas,NOUN,deplora,1
0,Falsas,NOUN,circunvalación,1
0,Falsas,NOUN,exvicealcalde,1
0,Falsas,NOUN,contratista,1
0,Falsas,NOUN,bus,1
0,Falsas,NOUN,credencial,1
0,Falsas,NOUN,dicta,1
0,Falsas,NOUN,pase,1
0,Falsas,NOUN,barbarie,1
0,Falsas,NOUN,xix,1
0,Falsas,NOUN,flexiseguridad,1
0,Falsas,NOUN,espiarno,1
0,Falsas,NOUN,ucraniano,1
0,Falsas,NOUN,golfo,1
0,Falsas,NOUN,moritos,1
0,Falsas,NOUN,interculturalidad,1
0,Falsas,NOUN,multiculturalismo,1
0,Falsas,NOUN,incongruencia,1
0,Falsas,NOUN,anti-austeridad,1
0,Falsas,NOUN,admiración,1
0,Falsas,NOUN,proliferación,1
0,Falsas,NOUN,vaticinio,1
0,Falsas,NOUN,limpiadora,1
0,Falsas,NOUN,xxxiii,1
0,Falsas,NOUN,sindicalista,1
0,Falsas,NOUN,invernadero,1
0,Falsas,NOUN,nexo,1
0,Falsas,NOUN,mohicano,1
0,Falsas,NOUN,aznarato,1
0,Falsas,NOUN,hueso,1
0,Falsas,NOUN,colmillo,1
0,Falsas,NOUN,rehén,1
0,Falsas,NOUN,cordero,1
0,Falsas,NOUN,exculpa,1
0,Falsas,NOUN,desvincule,1
0,Falsas,NOUN,hermandad,1
0,Falsas,NOUN,consolidación,1
0,Falsas,NOUN,impeachment,1
0,Falsas,NOUN,nervio,1
0,Falsas,NOUN,puñalada,1
0,Falsas,NOUN,compromisario,1
0,Falsas,NOUN,indiferencia,1
0,Falsas,NOUN,exviceprsesidenta,1
0,Falsas,NOUN,procesión,1
0,Falsas,NOUN,dieta,1
0,Falsas,NOUN,manutención,1
0,Falsas,NOUN,personación,1
0,Falsas,NOUN,indagación,1
0,Falsas,NOUN,multilateralismo,1
0,Falsas,NOUN,2019-2020,1
0,Falsas,NOUN,pendiente,1
0,Falsas,NOUN,absoluto,1
0,Falsas,NOUN,castellano,1
0,Falsas,NOUN,corto,1
0,Falsas,NOUN,feo,1
0,Falsas,NOUN,cítrico,1
0,Falsas,NOUN,mal,1
0,Falsas,NOUN,énfasis,1
0,Falsas,NOUN,humillación,1
0,Falsas,NOUN,casualidad,1
0,Falsas,NOUN,ganador,1
0,Falsas,NOUN,bocanada,1
0,Falsas,NOUN,progre,1
0,Falsas,NOUN,comparándola,1
0,Falsas,NOUN,encabezase,1
0,Falsas,NOUN,desmovilización,1
0,Falsas,NOUN,antivacuna,1
0,Falsas,NOUN,ikurriña,1
0,Falsas,NOUN,txupinazo,1
0,Falsas,NOUN,extraordinaria,1
0,Falsas,NOUN,plato,1
0,Falsas,NOUN,aperitivo,1
0,Falsas,NOUN,unilateralidad,1
0,Falsas,NOUN,ciudades-bosque,1
0,Falsas,NOUN,pederastia,1
0,Falsas,NOUN,esqueleto,1
0,Falsas,NOUN,estrecha,1
0,Falsas,NOUN,arsenal,1
0,Falsas,NOUN,chamán,1
0,Falsas,NOUN,telepredicador,1
0,Falsas,NOUN,videoconferencia,1
0,Falsas,NOUN,catalana,1
0,Falsas,NOUN,anecdotario,1
0,Falsas,NOUN,anécdota,1
0,Falsas,NOUN,descubierto,1
0,Falsas,NOUN,evasión,1
0,Falsas,NOUN,basada,1
0,Falsas,NOUN,maquis,1
0,Falsas,NOUN,guerrilla,1
0,Falsas,NOUN,emboscada,1
0,Falsas,NOUN,delación,1
0,Falsas,NOUN,guerrillero,1
0,Falsas,NOUN,novela,1
0,Falsas,NOUN,trasiego,1
0,Falsas,NOUN,incierta,1
0,Falsas,NOUN,desierto,1
0,Falsas,NOUN,empuje,1
0,Falsas,NOUN,lentitud,1
0,Falsas,NOUN,inexistencia,1
0,Falsas,NOUN,guante,1
0,Falsas,NOUN,receptora,1
0,Falsas,NOUN,custodia,1
0,Falsas,NOUN,cuerda,1
0,Falsas,NOUN,pleito,1
0,Falsas,NOUN,mudanza,1
0,Falsas,NOUN,conclave,1
0,Falsas,NOUN,reclamo,1
0,Falsas,NOUN,fontanero,1
0,Falsas,NOUN,vigilante,1
0,Falsas,NOUN,21-d.,1
0,Falsas,NOUN,mosso,1
0,Falsas,NOUN,horas,1
0,Falsas,NOUN,trifulca,1
0,Falsas,NOUN,adjunta,1
0,Falsas,NOUN,crecida,1
0,Falsas,NOUN,desacreditación,1
0,Falsas,NOUN,franquicia,1
0,Falsas,NOUN,belén,1
0,Falsas,NOUN,ambiciosa,1
0,Falsas,NOUN,salvavida,1
0,Falsas,NOUN,segundón,1
0,Falsas,NOUN,exabogado,1
0,Falsas,NOUN,finiquito,1
0,Falsas,NOUN,rearme,1
0,Falsas,NOUN,aznarismo,1
0,Falsas,NOUN,top,1
0,Falsas,NOUN,mantero,1
0,Falsas,NOUN,latero,1
0,Falsas,NOUN,excarcelamiento,1
0,Falsas,NOUN,leucemia,1
0,Falsas,NOUN,inmunosupresión,1
0,Falsas,NOUN,facción,1
0,Falsas,NOUN,decálogo,1
0,Falsas,NOUN,horizontalidad,1
0,Falsas,NOUN,sí,1
0,Falsas,NOUN,feminista,1
0,Falsas,NOUN,constitucionalismo,1
0,Falsas,NOUN,partit,1
0,Falsas,NOUN,expolítica,1
0,Falsas,NOUN,inducción,1
0,Falsas,NOUN,mimbr,1
0,Falsas,NOUN,ristra,1
0,Falsas,NOUN,espaldarazo,1
0,Falsas,NOUN,escalonada,1
0,Falsas,NOUN,adepto,1
0,Falsas,NOUN,villa,1
0,Falsas,NOUN,tanque,1
0,Falsas,NOUN,mediación,1
0,Falsas,NOUN,trascendencia,1
0,Falsas,NOUN,cayuco,1
0,Falsas,NOUN,racionalización,1
0,Falsas,NOUN,yerno,1
0,Falsas,NOUN,copia,1
0,Falsas,NOUN,unifica,1
0,Falsas,NOUN,deslealtad,1
0,Falsas,NOUN,criminalizar,1
0,Falsas,NOUN,predecesor,1
0,Falsas,NOUN,noches,1
0,Falsas,NOUN,antídoto,1
0,Falsas,NOUN,trumpismo,1
0,Falsas,NOUN,economista,1
0,Falsas,NOUN,escollo,1
0,Falsas,NOUN,nordeste,1
0,Falsas,NOUN,secuestro,1
0,Falsas,NOUN,dictado,1
0,Falsas,NOUN,máquina,1
0,Falsas,NOUN,quitaniev,1
0,Falsas,NOUN,desguace,1
0,Falsas,NOUN,gallego,1
0,Falsas,NOUN,todas,1
0,Falsas,NOUN,deficitaria,1
0,Falsas,NOUN,predicamento,1
0,Falsas,NOUN,derechización,1
0,Falsas,NOUN,limbo,1
0,Falsas,NOUN,progreso,1
0,Falsas,NOUN,apellido,1
0,Falsas,NOUN,exparlamentario,1
0,Falsas,NOUN,reza,1
0,Falsas,NOUN,servidor,1
0,Falsas,NOUN,vergonzoso,1
0,Falsas,NOUN,1983,1
0,Falsas,NOUN,1997,1
0,Falsas,NOUN,matadero,1
0,Falsas,NOUN,zanjada,1
0,Falsas,NOUN,asesino,1
0,Falsas,NOUN,centralidad,1
0,Falsas,NOUN,feudo,1
0,Falsas,NOUN,instructor,1
0,Falsas,NOUN,prevaricador,1
0,Falsas,NOUN,aglomeración,1
0,Falsas,NOUN,visos,1
0,Falsas,NOUN,exmilitar,1
0,Falsas,NOUN,bancada,1
0,Falsas,NOUN,prepotencia,1
0,Falsas,NOUN,empleador,1
0,Falsas,NOUN,detrimento,1
0,Falsas,NOUN,prolongada,1
0,Falsas,NOUN,quiebra,1
0,Falsas,NOUN,correspondencia,1
0,Falsas,NOUN,libertario,1
0,Falsas,NOUN,sobrina,1
0,Falsas,NOUN,centro-izquierda,1
0,Falsas,NOUN,dolor,1
0,Falsas,NOUN,cofinanciación,1
0,Falsas,NOUN,invitación,1
0,Falsas,NOUN,neofascista,1
0,Falsas,NOUN,mantenido,1
0,Falsas,NOUN,demandante,1
0,Falsas,NOUN,radicalidad,1
0,Falsas,NOUN,amortiguador,1
0,Falsas,NOUN,corruptela,1
0,Falsas,NOUN,freno,1
0,Falsas,NOUN,1991,1
0,Falsas,NOUN,inscrito,1
0,Falsas,NOUN,disyuntiva,1
0,Falsas,NOUN,energética,1
0,Falsas,NOUN,competitividad,1
0,Falsas,NOUN,reapertura,1
0,Falsas,NOUN,alcazaba,1
0,Falsas,NOUN,partidario,1
0,Falsas,NOUN,micrófono,1
0,Falsas,NOUN,mimo,1
0,Falsas,NOUN,pronóstico,1
0,Falsas,NOUN,rincón,1
0,Falsas,NOUN,interinidad,1
0,Falsas,NOUN,radiotelevisión,1
0,Falsas,NOUN,28-f,1
0,Falsas,NOUN,navarro,1
0,Falsas,NOUN,exagente,1
0,Falsas,NOUN,defendía,1
0,Falsas,NOUN,semilibertad,1
0,Falsas,NOUN,sancionarlo,1
0,Falsas,NOUN,coto,1
0,Falsas,NOUN,socialismo,1
0,Falsas,NOUN,nacionalismo,1
0,Falsas,NOUN,nerviosismo,1
0,Falsas,NOUN,desequilibrio,1
0,Falsas,NOUN,€,1
0,Falsas,NOUN,tiquet,1
0,Falsas,NOUN,equivocación,1
0,Falsas,NOUN,postulado,1
0,Falsas,NOUN,significación,1
0,Falsas,NOUN,sepultura,1
0,Falsas,NOUN,carambola,1
0,Falsas,NOUN,anti-cloacas,1
0,Falsas,NOUN,carpetazo,1
0,Falsas,NOUN,subinspector,1
0,Falsas,NOUN,vecindad,1
0,Falsas,NOUN,laxitud,1
0,Falsas,NOUN,compadreo,1
0,Falsas,NOUN,encentro,1
0,Falsas,NOUN,atractivo,1
0,Falsas,NOUN,calibre,1
0,Falsas,NOUN,fracasada,1
0,Falsas,NOUN,bondades,1
0,Falsas,NOUN,gestor,1
0,Falsas,NOUN,conservadora,1
0,Falsas,NOUN,cacería,1
0,Falsas,NOUN,colaboradora,1
0,Falsas,NOUN,ajeno,1
0,Falsas,NOUN,pulserita,1
0,Falsas,NOUN,momia,1
0,Falsas,NOUN,restaurante,1
0,Falsas,NOUN,28a,1
0,Falsas,NOUN,toalla,1
0,Falsas,NOUN,contienda,1
0,Falsas,NOUN,mérito,1
0,Falsas,NOUN,encargada,1
0,Falsas,NOUN,partidista,1
0,Falsas,NOUN,9.30,1
0,Falsas,NOUN,limpio,1
0,Falsas,NOUN,absuelto,1
0,Falsas,NOUN,balazo,1
0,Falsas,NOUN,sobrino,1
0,Falsas,NOUN,ideólogo,1
0,Falsas,NOUN,triunfalismo,1
0,Falsas,NOUN,aguante,1
0,Falsas,NOUN,autodefensa,1
0,Falsas,NOUN,señalara,1
0,Falsas,NOUN,nulo,1
0,Falsas,NOUN,plante,1
0,Falsas,NOUN,homófoba,1
0,Falsas,NOUN,autoritaria,1
0,Falsas,NOUN,polémico,1
0,Falsas,NOUN,montaña,1
0,Falsas,NOUN,montañero,1
0,Falsas,NOUN,hostilidad,1
0,Falsas,NOUN,cosificación,1
0,Falsas,NOUN,5a.,1
0,Falsas,NOUN,minarle,1
0,Falsas,NOUN,uno,1
0,Falsas,NOUN,superviviencia,1
0,Falsas,NOUN,prescripción,1
0,Falsas,NOUN,fidelidad,1
0,Falsas,NOUN,1-o.,1
0,Falsas,NOUN,70,1
0,Falsas,NOUN,innovación,1
0,Falsas,NOUN,precaución,1
0,Falsas,NOUN,teclado,1
0,Falsas,NOUN,ejempllo.com,1
0,Falsas,NOUN,marcador,1
0,Falsas,NOUN,coraje,1
0,Falsas,NOUN,acorde,1
0,Falsas,NOUN,pared,1
0,Falsas,NOUN,tasación,1
0,Falsas,NOUN,asequibilidad,1
0,Falsas,NOUN,distingue,1
0,Falsas,NOUN,arrendador,1
0,Falsas,NOUN,recopilación,1
0,Falsas,NOUN,segmento,1
0,Falsas,NOUN,polígono,1
0,Falsas,NOUN,periferia,1
0,Falsas,NOUN,vinculándola,1
0,Falsas,NOUN,vandalización,1
0,Falsas,NOUN,subgobernadora,1
0,Falsas,NOUN,emancipación,1
0,Falsas,NOUN,estimada,1
0,Falsas,NOUN,triple,1
0,Falsas,NOUN,engañosa,1
0,Falsas,NOUN,responderl,1
0,Falsas,NOUN,dividendo,1
0,Falsas,NOUN,destinarla,1
0,Falsas,NOUN,justificado,1
0,Falsas,NOUN,expropiandi,1
0,Falsas,NOUN,justiprecio,1
0,Falsas,NOUN,neurona,1
0,Falsas,NOUN,paliza,1
0,Falsas,NOUN,gentuza,1
0,Falsas,NOUN,reasignación,1
0,Falsas,NOUN,productivo,1
0,Falsas,NOUN,inactividad,1
0,Falsas,NOUN,patología,1
0,Falsas,NOUN,constitucionalidad,1
0,Falsas,NOUN,aranés,1
0,Falsas,NOUN,expresentadora,1
0,Falsas,NOUN,vincule,1
0,Falsas,NOUN,selectividad,1
0,Falsas,NOUN,efeméride,1
0,Falsas,NOUN,evaluándola,1
0,Falsas,NOUN,periodismo,1
0,Falsas,NOUN,potencial,1
0,Falsas,NOUN,accesibilidad,1
0,Falsas,NOUN,farm,1
0,Falsas,NOUN,coautor,1
0,Falsas,NOUN,impresión,1
0,Falsas,NOUN,likes,1
0,Falsas,NOUN,lobo,1
0,Falsas,NOUN,engranaje,1
0,Falsas,NOUN,learning,1
0,Falsas,NOUN,aprendizaje,1
0,Falsas,NOUN,contesta,1
0,Falsas,NOUN,engagement,1
0,Falsas,NOUN,fact-checking,1
0,Falsas,NOUN,noticiero,1
0,Falsas,NOUN,exredactor,1
0,Falsas,NOUN,feminicidio,1
0,Falsas,NOUN,expareja,1
0,Falsas,NOUN,enriquecimiento,1
0,Falsas,NOUN,nodo,1
0,Falsas,NOUN,chanz,1
0,Falsas,NOUN,pesos,1
0,Falsas,NOUN,psicólogo,1
0,Falsas,NOUN,grano,1
0,Falsas,NOUN,conversión,1
0,Falsas,NOUN,11s,1
0,Falsas,NOUN,judío,1
0,Falsas,NOUN,aficionada,1
0,Falsas,NOUN,camuflaje,1
0,Falsas,NOUN,perroflauta,1
0,Falsas,NOUN,saltimbanqui,1
0,Falsas,NOUN,rectifica,1
0,Falsas,NOUN,codirección,1
0,Falsas,NOUN,guardador,1
0,Falsas,NOUN,doctrina,1
0,Falsas,NOUN,inductor,1
0,Falsas,NOUN,coopera,1
0,Falsas,NOUN,póster,1
0,Falsas,NOUN,indicación,1
0,Falsas,NOUN,inexactitud,1
0,Falsas,NOUN,pucherazo,1
0,Falsas,NOUN,aún,1
0,Falsas,NOUN,asigna,1
0,Falsas,NOUN,posterioridad,1
0,Falsas,NOUN,7:50,1
0,Falsas,NOUN,rechazado,1
0,Falsas,NOUN,saturación,1
0,Falsas,NOUN,empujón,1
0,Falsas,NOUN,cercano,1
0,Falsas,NOUN,pic.twitter.com/splmu4o7hs,1
0,Falsas,NOUN,investida,1
0,Falsas,NOUN,exactitud,1
0,Falsas,NOUN,fact-checks,1
0,Falsas,NOUN,encontronazo,1
0,Falsas,NOUN,narcotraficante,1
0,Falsas,NOUN,empobrecimiento,1
0,Falsas,NOUN,hachazo,1
0,Falsas,NOUN,define,1
0,Falsas,NOUN,pelotón,1
0,Falsas,NOUN,min,1
0,Falsas,NOUN,9:18,1
0,Falsas,NOUN,descanso,1
0,Falsas,NOUN,libranza,1
0,Falsas,NOUN,2:39,1
0,Falsas,NOUN,patrulla,1
0,Falsas,NOUN,0:24,1
0,Falsas,NOUN,mediático,1
0,Falsas,NOUN,ciénaga,1
0,Falsas,NOUN,sobrepuja,1
0,Falsas,NOUN,empadronada,1
0,Falsas,NOUN,filtrado,1
0,Falsas,NOUN,misma,1
0,Falsas,NOUN,cero,1
0,Falsas,NOUN,beta,1
0,Falsas,NOUN,amplificación,1
0,Falsas,NOUN,intervalo,1
0,Falsas,NOUN,ráfaga,1
0,Falsas,NOUN,centroid,1
0,Falsas,NOUN,clúster,1
0,Falsas,NOUN,artificialidad,1
0,Falsas,NOUN,omit,1
0,Falsas,NOUN,afición,1
0,Falsas,NOUN,bodrio,1
0,Falsas,NOUN,surtidor,1
0,Falsas,NOUN,diésel,1
0,Falsas,NOUN,transportista,1
0,Falsas,NOUN,gasóleo,1
0,Falsas,NOUN,instrumentalización,1
0,Falsas,NOUN,triaj,1
0,Falsas,NOUN,preferente,1
0,Falsas,NOUN,particularidad,1
0,Falsas,NOUN,realizarla,1
0,Falsas,NOUN,asco,1
0,Falsas,NOUN,usuaria,1
0,Falsas,NOUN,acometida,1
0,Falsas,NOUN,canalización,1
0,Falsas,NOUN,saneamiento,1
0,Falsas,NOUN,zanja,1
0,Falsas,NOUN,incompetente,1
0,Falsas,NOUN,felicitación,1
0,Falsas,NOUN,murmullo,1
0,Falsas,NOUN,2027,1
0,Falsas,NOUN,decreto-ley,1
0,Falsas,NOUN,asaltante,1
0,Falsas,NOUN,cinco,1
0,Falsas,NOUN,visionado,1
0,Falsas,NOUN,farola,1
0,Falsas,NOUN,wasap,1
0,Falsas,NOUN,reenvía,1
0,Falsas,NOUN,contraseña,1
0,Falsas,NOUN,animan,1
0,Falsas,NOUN,abra,1
0,Falsas,NOUN,contacta,1
0,Falsas,NOUN,sextorsión,1
0,Falsas,NOUN,hallazgo,1
0,Falsas,NOUN,monitorización,1
0,Falsas,NOUN,hackers,1
0,Falsas,NOUN,tipografía,1
0,Falsas,NOUN,filiación,1
0,Falsas,NOUN,parentesco,1
0,Falsas,NOUN,l,1
0,Falsas,NOUN,divorcio,1
0,Falsas,NOUN,providencia,1
0,Falsas,NOUN,descontrol,1
0,Falsas,NOUN,buceador,1
0,Falsas,NOUN,longitud,1
0,Falsas,NOUN,porqué,1
0,Falsas,NOUN,israelí,1
0,Falsas,NOUN,ingesa,1
0,Falsas,NOUN,enfermera,1
0,Falsas,NOUN,viuda,1
0,Falsas,NOUN,desheredación,1
0,Falsas,NOUN,concurrencia,1
0,Falsas,NOUN,vitalicio,1
0,Falsas,NOUN,indignidad,1
0,Falsas,NOUN,difunto,1
0,Falsas,NOUN,afectividad,1
0,Falsas,NOUN,habilidad,1
0,Falsas,NOUN,equidad,1
0,Falsas,NOUN,desempeño,1
0,Falsas,NOUN,tutor,1
0,Falsas,NOUN,prometedor,1
0,Falsas,NOUN,medición,1
0,Falsas,NOUN,rifle,1
0,Falsas,NOUN,ceip,1
0,Falsas,NOUN,permetrina,1
0,Falsas,NOUN,noreste,1
0,Falsas,NOUN,ifema,1
0,Falsas,NOUN,glorieta,1
0,Falsas,NOUN,fomento,1
0,Falsas,NOUN,arbolado,1
0,Falsas,NOUN,entregarlo,1
0,Falsas,NOUN,plantarlo,1
0,Falsas,NOUN,reforestación,1
0,Falsas,NOUN,autócrata,1
0,Falsas,NOUN,anotación,1
0,Falsas,NOUN,okey,1
0,Falsas,NOUN,bueno,1
0,Falsas,NOUN,operativa,1
0,Falsas,NOUN,7,1
0,Falsas,NOUN,irresponsabilidad,1
0,Falsas,NOUN,sospechosa,1
0,Falsas,NOUN,mencionada,1
0,Falsas,NOUN,trozo,1
0,Falsas,NOUN,remedio,1
0,Falsas,NOUN,mar-,1
0,Falsas,NOUN,tortilla,1
0,Falsas,NOUN,migratorio,1
0,Falsas,NOUN,colina,1
0,Falsas,NOUN,argelino,1
0,Falsas,NOUN,uniformado,1
0,Falsas,NOUN,vestimenta,1
0,Falsas,NOUN,impreso,1
0,Falsas,NOUN,refugiada,1
0,Falsas,NOUN,matriculación,1
0,Falsas,NOUN,secretaría,1
0,Falsas,NOUN,especialidad,1
0,Falsas,NOUN,1:08:13,1
0,Falsas,NOUN,goma,1
0,Falsas,NOUN,cartucho,1
0,Falsas,NOUN,fogueo,1
0,Falsas,NOUN,engañarla,1
0,Falsas,NOUN,convencerla,1
0,Falsas,NOUN,quisqui,1
0,Falsas,NOUN,gendarm,1
0,Falsas,NOUN,detectada,1
0,Falsas,NOUN,penetración,1
0,Falsas,NOUN,belga,1
0,Falsas,NOUN,billón,1
0,Falsas,NOUN,titulización,1
0,Falsas,NOUN,ahorrador,1
0,Falsas,NOUN,sea,1
0,Falsas,NOUN,financia,1
0,Falsas,NOUN,aerosol,1
0,Falsas,NOUN,bulera,1
0,Falsas,NOUN,sabéis,1
0,Falsas,NOUN,jurisprudencia,1
0,Falsas,NOUN,prohíbe,1
0,Falsas,NOUN,noción,1
0,Falsas,NOUN,matización,1
0,Falsas,NOUN,ilícita,1
0,Falsas,NOUN,conformidad,1
0,Falsas,NOUN,22:51,1
0,Falsas,NOUN,analfabeta,1
0,Falsas,NOUN,rodea,1
0,Falsas,NOUN,km,1
0,Falsas,NOUN,dirhams,1
0,Falsas,NOUN,conversor,1
0,Falsas,NOUN,catedrática,1
0,Falsas,NOUN,4,1
0,Falsas,NOUN,apagón,1
0,Falsas,NOUN,mentirosos,1
0,Falsas,NOUN,garante,1
0,Falsas,NOUN,inacción,1
0,Falsas,NOUN,arbitra,1
0,Falsas,NOUN,violador,1
0,Falsas,NOUN,menor,1
0,Falsas,NOUN,cemento,1
0,Falsas,NOUN,integrarlo,1
0,Falsas,NOUN,asignarl,1
0,Falsas,NOUN,ponerlo,1
0,Falsas,NOUN,mensualidad,1
0,Falsas,NOUN,soltero,1
0,Falsas,NOUN,ofensivo,1
0,Falsas,NOUN,posicionamiento,1
0,Falsas,NOUN,20:17,1
0,Falsas,NOUN,gigantesca,1
0,Falsas,NOUN,aldea,1
0,Falsas,NOUN,desaparecido,1
0,Falsas,NOUN,ladera,1
0,Falsas,NOUN,desbordamiento,1
0,Falsas,NOUN,carnet,1
0,Falsas,NOUN,serio,1
0,Falsas,NOUN,aptitud,1
0,Falsas,NOUN,obtién,1
0,Falsas,NOUN,transmisión,1
0,Falsas,NOUN,vías,1
0,Falsas,NOUN,fichero,1
0,Falsas,NOUN,65/2007,1
0,Falsas,NOUN,silueta,1
0,Falsas,NOUN,abarca,1
0,Falsas,NOUN,matriz,1
0,Falsas,NOUN,conveniencia,1
0,Falsas,NOUN,competent,1
0,Falsas,NOUN,emigración,1
0,Falsas,NOUN,observancia,1
0,Falsas,NOUN,inobservancia,1
0,Falsas,NOUN,nacional,1
0,Falsas,NOUN,extrajero,1
0,Falsas,NOUN,salvamento,1
0,Falsas,NOUN,ambulancia,1
0,Falsas,NOUN,progenitora,1
0,Falsas,NOUN,asesoramiento,1
0,Falsas,NOUN,favorecimiento,1
0,Falsas,NOUN,traficante,1
0,Falsas,NOUN,ave,1
0,Falsas,NOUN,tercermundista,1
0,Falsas,NOUN,caricatura,1
0,Falsas,NOUN,haitiano,1
0,Falsas,NOUN,definitiva,1
0,Falsas,NOUN,pagarla,1
0,Falsas,NOUN,invierno,1
0,Falsas,NOUN,boletín,1
0,Falsas,NOUN,broma,1
0,Falsas,NOUN,anomalía,1
0,Falsas,NOUN,útero,1
0,Falsas,NOUN,complejidad,1
0,Falsas,NOUN,megatemblor,1
0,Falsas,NOUN,profecía,1
0,Falsas,NOUN,enjambr,1
0,Falsas,NOUN,occidente,1
0,Falsas,NOUN,falla,1
0,Falsas,NOUN,subducción,1
0,Falsas,NOUN,colombiano,1
0,Falsas,NOUN,2:28,1
0,Falsas,NOUN,pidiéndolo,1
0,Falsas,NOUN,permite,1
0,Falsas,NOUN,retención,1
0,Falsas,NOUN,apátrida,1
0,Falsas,NOUN,apuñalado,1
0,Falsas,NOUN,sudamericano,1
0,Falsas,NOUN,comerciante,1
0,Falsas,NOUN,hurto,1
0,Falsas,NOUN,españolísima,1
0,Falsas,NOUN,restitución,1
0,Falsas,NOUN,lacayo,1
0,Falsas,NOUN,https://t.co/0sdi7i2iwj,1
0,Falsas,NOUN,suegro,1
0,Falsas,NOUN,subtítulo,1
0,Falsas,NOUN,certificado,1
0,Falsas,NOUN,@ayuntamientodeyeb,1
0,Falsas,NOUN,conocedora,1
0,Falsas,NOUN,flota,1
0,Falsas,NOUN,ridículo,1
0,Falsas,NOUN,traza,1
0,Falsas,NOUN,corteza,1
0,Falsas,NOUN,océano,1
0,Falsas,NOUN,narrador,1
0,Falsas,NOUN,gancho,1
0,Falsas,NOUN,ponerla,1
0,Falsas,NOUN,obsoleta,1
0,Falsas,NOUN,rato,1
0,Falsas,NOUN,ninguna,1
0,Falsas,NOUN,retinopatía,1
0,Falsas,NOUN,inclusividad,1
0,Falsas,NOUN,musical,1
0,Falsas,NOUN,tirada,1
0,Falsas,NOUN,salubridad,1
0,Falsas,NOUN,notificado,1
0,Falsas,NOUN,pulmón,1
0,Falsas,NOUN,toser,1
0,Falsas,NOUN,cuantificarlo,1
0,Falsas,NOUN,cabañas,1
0,Falsas,NOUN,afección,1
0,Falsas,NOUN,granito,1
0,Falsas,NOUN,vesícula,1
0,Falsas,NOUN,costra,1
0,Falsas,NOUN,medicina,1
0,Falsas,NOUN,quirúrjica,1
0,Falsas,NOUN,insalubridad,1
0,Falsas,NOUN,@once_oficial,1
0,Falsas,NOUN,sonificación,1
0,Falsas,NOUN,clarinete,1
0,Falsas,NOUN,audiodescripción,1
0,Falsas,NOUN,ceniza,1
0,Falsas,NOUN,inconsistencia,1
0,Falsas,NOUN,grúa,1
0,Falsas,NOUN,propicio,1
0,Falsas,NOUN,openai,1
0,Falsas,NOUN,compartirla,1
0,Falsas,NOUN,tsunamis,1
0,Falsas,NOUN,smishing,1
0,Falsas,NOUN,antelación,1
0,Falsas,NOUN,asegura,1
0,Falsas,NOUN,atmósfera,1
0,Falsas,NOUN,astrofísico,1
0,Falsas,NOUN,online,1
0,Falsas,NOUN,marcado,1
0,Falsas,NOUN,óptica,1
0,Falsas,NOUN,astronomía,1
0,Falsas,NOUN,oscurecimiento,1
0,Falsas,NOUN,visor,1
0,Falsas,NOUN,tripleta,1
0,Falsas,NOUN,eclips,1
0,Falsas,NOUN,arreglo,1
0,Falsas,NOUN,extracto,1
0,Falsas,NOUN,visado,1
0,Falsas,NOUN,denegación,1
0,Falsas,NOUN,confirm,1
0,Falsas,NOUN,huésped,1
0,Falsas,NOUN,infostealer,1
0,Falsas,NOUN,pic.twitter.com/o4qz0nmqbd,1
0,Falsas,NOUN,dotación,1
0,Falsas,NOUN,17:09,1
0,Falsas,NOUN,h.,1
0,Falsas,NOUN,escasez,1
0,Falsas,NOUN,éxodo,1
0,Falsas,NOUN,poeta,1
0,Falsas,NOUN,inmediación,1
0,Falsas,NOUN,digital,1
0,Falsas,NOUN,queso,1
0,Falsas,NOUN,envase,1
0,Falsas,NOUN,almacenamiento,1
0,Falsas,NOUN,responsabiliza,1
0,Falsas,NOUN,facilitarla,1
0,Falsas,NOUN,grifo,1
0,Falsas,NOUN,atracción,1
0,Falsas,NOUN,nefasta,1
0,Falsas,NOUN,imperialista,1
0,Falsas,NOUN,catalogación,1
0,Falsas,NOUN,definición,1
0,Falsas,NOUN,párrafo,1
0,Falsas,NOUN,morena,1
0,Falsas,NOUN,tiroteo,1
0,Falsas,NOUN,profeta,1
0,Falsas,NOUN,sureste,1
0,Falsas,NOUN,revisa,1
0,Falsas,NOUN,dibujo,1
0,Falsas,NOUN,raya,1
0,Falsas,NOUN,raza,1
0,Falsas,NOUN,mármol,1
0,Falsas,NOUN,ok,1
0,Falsas,NOUN,chancla,1
0,Falsas,NOUN,repositorio,1
0,Falsas,NOUN,patada,1
0,Falsas,NOUN,vela,1
0,Falsas,NOUN,opina,1
0,Falsas,NOUN,cao,1
0,Falsas,NOUN,comiéndosela,1
0,Falsas,NOUN,envenenamiento,1
0,Falsas,NOUN,templo,1
0,Falsas,NOUN,felino,1
0,Falsas,NOUN,aguafuerte,1
0,Falsas,NOUN,ácido,1
0,Falsas,NOUN,aluminio,1
0,Falsas,NOUN,explosivos-,1
0,Falsas,NOUN,barco,1
0,Falsas,NOUN,tabloide,1
0,Falsas,NOUN,relacionándolo,1
0,Falsas,NOUN,solidario,1
0,Falsas,NOUN,engañado,1
0,Falsas,NOUN,antiinmigración,1
0,Falsas,NOUN,saludo,1
0,Falsas,NOUN,alcantarilla,1
0,Falsas,NOUN,aeronave,1
0,Falsas,NOUN,mostraría,1
0,Falsas,NOUN,oleaje,1
0,Falsas,NOUN,pliego,1
0,Falsas,NOUN,catarí,1
0,Falsas,NOUN,teletipo,1
0,Falsas,NOUN,pasadizo,1
0,Falsas,NOUN,tsjm,1
0,Falsas,NOUN,póliza,1
0,Falsas,NOUN,disfunción,1
0,Falsas,NOUN,facto,1
0,Falsas,NOUN,formalidad,1
0,Falsas,NOUN,inductora,1
0,Falsas,NOUN,proponía,1
0,Falsas,NOUN,dándono,1
0,Falsas,NOUN,miss,1
0,Falsas,NOUN,lecture,1
0,Falsas,NOUN,declared,1
0,Falsas,NOUN,state,1
0,Falsas,NOUN,policy,1
0,Falsas,NOUN,continu,1
0,Falsas,NOUN,lecturing,1
0,Falsas,NOUN,time,1
0,Falsas,NOUN,maintain,1
0,Falsas,NOUN,דני,1
0,Falsas,NOUN,@dannydanon,1
0,Falsas,NOUN,administrada,1
0,Falsas,NOUN,metrópoli,1
0,Falsas,NOUN,fenicio,1
0,Falsas,NOUN,meriní,1
0,Falsas,NOUN,1415,1
0,Falsas,NOUN,1668,1
0,Falsas,NOUN,1497,1
0,Falsas,NOUN,1956,1
0,Falsas,NOUN,protectorado,1
0,Falsas,NOUN,sultanato,1
0,Falsas,NOUN,ratio,1
0,Falsas,NOUN,cuestionario,1
0,Falsas,NOUN,flora,1
0,Falsas,NOUN,fauna,1
0,Falsas,NOUN,pesca,1
0,Falsas,NOUN,riguroso,1
0,Falsas,NOUN,casuística,1
0,Falsas,NOUN,orografía,1
0,Falsas,NOUN,aledaño,1
0,Falsas,NOUN,conato,1
0,Falsas,NOUN,comparativa,1
0,Falsas,NOUN,eldiario.es,1
0,Falsas,NOUN,monitor,1
0,Falsas,NOUN,off,1
0,Falsas,NOUN,esclusa,1
0,Falsas,NOUN,bosque,1
0,Falsas,NOUN,llamarada,1
0,Falsas,NOUN,infografía,1
0,Falsas,NOUN,motivación,1
0,Falsas,NOUN,microhíbrido,1
0,Falsas,NOUN,distintivo,1
0,Falsas,NOUN,pasarela,1
0,Falsas,NOUN,abogacía,1
0,Falsas,NOUN,adherirno,1
0,Falsas,NOUN,colegiado,1
0,Falsas,NOUN,icam,1
0,Falsas,NOUN,decano,1
0,Falsas,NOUN,complot,1
0,Falsas,NOUN,tenía,1
0,Falsas,NOUN,dicotomía,1
0,Falsas,NOUN,analiza,1
0,Falsas,NOUN,veraz,1
0,Falsas,NOUN,reafirmación,1
0,Falsas,NOUN,despeje,1
0,Falsas,NOUN,portero,1
0,Falsas,NOUN,campeonato,1
0,Falsas,NOUN,palco,1
0,Falsas,NOUN,dejándolo,1
0,Falsas,NOUN,lágrima,1
0,Falsas,NOUN,acompañante,1
0,Falsas,NOUN,arenga,1
0,Falsas,NOUN,espada,1
0,Falsas,NOUN,ángel,1
0,Falsas,NOUN,arte,1
0,Falsas,NOUN,arquitectura,1
0,Falsas,NOUN,entradilla,1
0,Falsas,NOUN,47:13,1
0,Falsas,NOUN,cuentakilómetros,1
0,Falsas,NOUN,congestión,1
0,Falsas,NOUN,propuesto,1
0,Falsas,NOUN,viñeta,1
0,Falsas,NOUN,implantarlo,1
0,Falsas,NOUN,alquilarlo,1
0,Falsas,NOUN,delantero,1
0,Falsas,NOUN,microempresa,1
0,Falsas,NOUN,esports,1
0,Falsas,NOUN,alquila,1
0,Falsas,NOUN,18:24,1
0,Falsas,NOUN,arancel,1
0,Falsas,NOUN,estándar,1
0,Falsas,NOUN,distorsión,1
0,Falsas,NOUN,contraria,1
0,Falsas,NOUN,miniglaciación,1
0,Falsas,NOUN,tremendo,1
0,Falsas,NOUN,co2,1
0,Falsas,NOUN,milenio,1
0,Falsas,NOUN,frío,1
0,Falsas,NOUN,universo,1
0,Falsas,NOUN,carbón,1
0,Falsas,NOUN,deshielo,1
0,Falsas,NOUN,síntesis,1
0,Falsas,NOUN,ignición,1
0,Falsas,NOUN,climático,1
0,Falsas,NOUN,complemento,1
0,Falsas,NOUN,07:05,1
0,Falsas,NOUN,especificidad,1
0,Falsas,NOUN,cuadra,1
0,Falsas,NOUN,menstruación,1
0,Falsas,NOUN,trasplante,1
0,Falsas,NOUN,ilegalidad,1
0,Falsas,NOUN,centenares,1
0,Falsas,NOUN,censal,1
0,Falsas,NOUN,legem,1
0,Falsas,NOUN,discordancia,1
0,Falsas,NOUN,estupidez,1
0,Falsas,NOUN,centrada,1
0,Falsas,NOUN,provisión,1
0,Falsas,NOUN,posteriori,1
0,Falsas,NOUN,rascacielos,1
0,Falsas,NOUN,campeona,1
0,Falsas,NOUN,torre,1
0,Falsas,NOUN,verja,1
0,Falsas,NOUN,pactarlo,1
0,Falsas,NOUN,exmilitante,1
0,Falsas,NOUN,plantón,1
0,Falsas,NOUN,semis,1
0,Falsas,NOUN,consultarl,1
0,Falsas,NOUN,reconciliación,1
0,Falsas,NOUN,resolverlo,1
0,Falsas,NOUN,cautelarmente,1
0,Falsas,NOUN,lawfare,1
0,Falsas,NOUN,conservatorio,1
0,Falsas,NOUN,músico,1
0,Falsas,NOUN,colocación,1
0,Falsas,NOUN,amiguet,1
0,Falsas,NOUN,acontecida,1
0,Falsas,NOUN,dote,1
0,Falsas,NOUN,cubra,1
0,Falsas,NOUN,unanimidade,1
0,Falsas,NOUN,galego,1
0,Falsas,NOUN,@alfonsoruedagal,1
0,Falsas,NOUN,económica,1
0,Falsas,NOUN,blinda,1
0,Falsas,NOUN,1973,1
0,Falsas,NOUN,beneficie,1
0,Falsas,NOUN,nasciturus,1
0,Falsas,NOUN,escolarización,1
0,Falsas,NOUN,rubén,1
0,Falsas,NOUN,nubosidad,1
0,Falsas,NOUN,vapor,1
0,Falsas,NOUN,humedad,1
0,Falsas,NOUN,anticiclón,1
0,Falsas,NOUN,compresión,1
0,Falsas,NOUN,causado,1
0,Falsas,NOUN,tenista,1
0,Falsas,NOUN,celebridad,1
0,Falsas,NOUN,prestigio,1
0,Falsas,NOUN,deepfakes,1
0,Falsas,NOUN,clonación,1
0,Falsas,NOUN,democratización,1
0,Falsas,NOUN,acondicionado,1
0,Falsas,NOUN,aerolínea,1
0,Falsas,NOUN,pulsera,1
0,Falsas,NOUN,reembolso,1
0,Falsas,NOUN,devastación,1
0,Falsas,NOUN,biodiversidad,1
0,Falsas,NOUN,poda,1
0,Falsas,NOUN,desbroz,1
0,Falsas,NOUN,matorral,1
0,Falsas,NOUN,maleza,1
0,Falsas,NOUN,eprivacy,1
0,Falsas,NOUN,vs,1
0,Falsas,NOUN,prefectura,1
0,Falsas,NOUN,festividad,1
0,Falsas,NOUN,vibrio,1
0,Falsas,NOUN,gastroenteritis,1
0,Falsas,NOUN,carnívora,1
0,Falsas,NOUN,marina,1
0,Falsas,NOUN,celuliti,1
0,Falsas,NOUN,marino,1
0,Falsas,NOUN,concha,1
0,Falsas,NOUN,vibriosis,1
0,Falsas,NOUN,sal,1
0,Falsas,NOUN,salinidad,1
0,Falsas,NOUN,crudo,1
0,Falsas,NOUN,diabetes,1
0,Falsas,NOUN,sepsis,1
0,Falsas,NOUN,apodo,1
0,Falsas,NOUN,denominación,1
0,Falsas,NOUN,alarmista,1
0,Falsas,NOUN,la“llegada,1
0,Falsas,NOUN,productividad,1
0,Falsas,NOUN,saco,1
0,Falsas,NOUN,reflejo,1
0,Falsas,NOUN,envejecimiento,1
0,Falsas,NOUN,contribución,1
0,Falsas,NOUN,desarrolla,1
0,Falsas,NOUN,distinto,1
0,Falsas,NOUN,pronunciamiento,1
0,Falsas,NOUN,correspondient,1
0,Falsas,NOUN,universalidad,1
0,Falsas,NOUN,linaje,1
0,Falsas,NOUN,educarlo,1
0,Falsas,NOUN,procurarl,1
0,Falsas,NOUN,invalidez,1
0,Falsas,NOUN,secundaria,1
0,Falsas,NOUN,bachillerato,1
0,Falsas,NOUN,obtención,1
0,Falsas,NOUN,tira,1
0,Falsas,NOUN,grada,1
0,Falsas,NOUN,carro,1
0,Falsas,NOUN,carnaval,1
0,Falsas,NOUN,burka,1
0,Falsas,NOUN,velo,1
0,Falsas,NOUN,voluntaria,1
0,Falsas,NOUN,megáfono,1
0,Falsas,VERB,tener,686
0,Falsas,VERB,hacer,496
0,Falsas,VERB,asegurar,413
0,Falsas,VERB,pedir,334
0,Falsas,VERB,decir,329
0,Falsas,VERB,afirmar,257
0,Falsas,VERB,dar,252
0,Falsas,VERB,señalar,207
0,Falsas,VERB,explicar,201
0,Falsas,VERB,presentar,191
0,Falsas,VERB,seguir,187
0,Falsas,VERB,mostrar,185
0,Falsas,VERB,llegar,170
0,Falsas,VERB,defender,164
0,Falsas,VERB,querer,162
0,Falsas,VERB,ver,160
0,Falsas,VERB,llevar,155
0,Falsas,VERB,dejar,145
0,Falsas,VERB,poner,141
0,Falsas,VERB,saber,138
0,Falsas,VERB,anunciar,135
0,Falsas,VERB,mantener,135
0,Falsas,VERB,considerar,130
0,Falsas,VERB,tratar,129
0,Falsas,VERB,compartir,129
0,Falsas,VERB,encontrar,128
0,Falsas,VERB,volver,125
0,Falsas,VERB,pasar,122
0,Falsas,VERB,permitir,122
0,Falsas,VERB,rechazar,121
0,Falsas,VERB,acusar,118
0,Falsas,VERB,aprobar,116
0,Falsas,VERB,aparecer,115
0,Falsas,VERB,incluir,114
0,Falsas,VERB,votar,114
0,Falsas,VERB,publicar,113
0,Falsas,VERB,entrar,112
0,Falsas,VERB,buscar,110
0,Falsas,VERB,recibir,109
0,Falsas,VERB,evitar,104
0,Falsas,VERB,criticar,100
0,Falsas,VERB,abrir,99
0,Falsas,VERB,hablar,98
0,Falsas,VERB,contar,98
0,Falsas,VERB,existir,98
0,Falsas,VERB,negar,96
0,Falsas,VERB,recomendar,93
0,Falsas,VERB,reconocer,92
0,Falsas,VERB,generar,92
0,Falsas,VERB,grabar,92
0,Falsas,VERB,creer,90
0,Falsas,VERB,añadir,90
0,Falsas,VERB,establecer,90
0,Falsas,VERB,circular,89
0,Falsas,VERB,declarar,88
0,Falsas,VERB,utilizar,88
0,Falsas,VERB,exigir,87
0,Falsas,VERB,salir,87
0,Falsas,VERB,responder,86
0,Falsas,VERB,denunciar,86
0,Falsas,VERB,difundir,86
0,Falsas,VERB,apoyar,84
0,Falsas,VERB,informar,84
0,Falsas,VERB,corresponder,83
0,Falsas,VERB,solicitar,83
0,Falsas,VERB,realizar,81
0,Falsas,VERB,ir,81
0,Falsas,VERB,proponer,81
0,Falsas,VERB,advertir,81
0,Falsas,VERB,investigar,80
0,Falsas,VERB,quedar,80
0,Falsas,VERB,celebrar,79
0,Falsas,VERB,decidir,78
0,Falsas,VERB,reclamar,76
0,Falsas,VERB,participar,75
0,Falsas,VERB,intentar,75
0,Falsas,VERB,confirmar,73
0,Falsas,VERB,tomar,73
0,Falsas,VERB,recoger,72
0,Falsas,VERB,estar,72
0,Falsas,VERB,obtener,70
0,Falsas,VERB,pagar,68
0,Falsas,VERB,ofrecer,67
0,Falsas,VERB,preguntar,67
0,Falsas,VERB,insistir,66
0,Falsas,VERB,recordar,66
0,Falsas,VERB,ganar,66
0,Falsas,VERB,cumplir,64
0,Falsas,VERB,plantear,64
0,Falsas,VERB,llamar,63
0,Falsas,VERB,gobernar,63
0,Falsas,VERB,formar,62
0,Falsas,VERB,esperar,62
0,Falsas,VERB,conocer,61
0,Falsas,VERB,registrar,61
0,Falsas,VERB,indicar,61
0,Falsas,VERB,acabar,60
0,Falsas,VERB,perder,60
0,Falsas,VERB,cerrar,60
0,Falsas,VERB,apuntar,60
0,Falsas,VERB,provocar,58
0,Falsas,VERB,garantizar,56
0,Falsas,VERB,cambiar,56
0,Falsas,VERB,acudir,56
0,Falsas,VERB,lograr,54
0,Falsas,VERB,situar,54
0,Falsas,VERB,trabajar,54
0,Falsas,VERB,crear,53
0,Falsas,VERB,hacer él,52
0,Falsas,VERB,negociar,51
0,Falsas,VERB,ocurrir,51
0,Falsas,VERB,impedir,50
0,Falsas,VERB,producir,49
0,Falsas,VERB,alcanzar,49
0,Falsas,VERB,continuar,49
0,Falsas,VERB,retirar,49
0,Falsas,VERB,usar,48
0,Falsas,VERB,facilitar,48
0,Falsas,VERB,resolver,47
0,Falsas,VERB,verificar,47
0,Falsas,VERB,suponer,46
0,Falsas,VERB,sostener,46
0,Falsas,VERB,citar,46
0,Falsas,VERB,lanzar,46
0,Falsas,VERB,destacar,46
0,Falsas,VERB,aplicar,46
0,Falsas,VERB,calificar,46
0,Falsas,VERB,trasladar,46
0,Falsas,VERB,dirigir,45
0,Falsas,VERB,conseguir,45
0,Falsas,VERB,asumir,45
0,Falsas,VERB,pactar,44
0,Falsas,VERB,coincidir,43
0,Falsas,VERB,sacar,42
0,Falsas,VERB,cobrar,42
0,Falsas,VERB,entender,42
0,Falsas,VERB,acordar,42
0,Falsas,VERB,enviar,41
0,Falsas,VERB,comenzar,40
0,Falsas,VERB,parecer,40
0,Falsas,VERB,convocar,39
0,Falsas,VERB,afectar,39
0,Falsas,VERB,imponer,39
0,Falsas,VERB,sumar,38
0,Falsas,VERB,impulsar,37
0,Falsas,VERB,acceder,37
0,Falsas,VERB,elegir,37
0,Falsas,VERB,analizar,37
0,Falsas,VERB,iniciar,37
0,Falsas,VERB,limitar,37
0,Falsas,VERB,aceptar,36
0,Falsas,VERB,recurrir,36
0,Falsas,VERB,condenar,36
0,Falsas,VERB,desmentir,36
0,Falsas,VERB,admitir,36
0,Falsas,VERB,convertir,36
0,Falsas,VERB,vivir,36
0,Falsas,VERB,determinar,36
0,Falsas,VERB,necesitar,35
0,Falsas,VERB,caer,35
0,Falsas,VERB,terminar,35
0,Falsas,VERB,venir,35
0,Falsas,VERB,reforzar,34
0,Falsas,VERB,presidir,34
0,Falsas,VERB,contemplar,34
0,Falsas,VERB,suspender,34
0,Falsas,VERB,actuar,34
0,Falsas,VERB,referir,34
0,Falsas,VERB,cuestionar,34
0,Falsas,VERB,avisar,34
0,Falsas,VERB,apostar,33
0,Falsas,VERB,instar,33
0,Falsas,VERB,descartar,33
0,Falsas,VERB,liderar,33
0,Falsas,VERB,pretender,33
0,Falsas,VERB,avanzar,33
0,Falsas,VERB,renunciar,33
0,Falsas,VERB,justificar,33
0,Falsas,VERB,asistir,33
0,Falsas,VERB,soler,33
0,Falsas,VERB,romper,32
0,Falsas,VERB,recuperar,32
0,Falsas,VERB,repetir,32
0,Falsas,VERB,marcar,32
0,Falsas,VERB,depender,32
0,Falsas,VERB,mencionar,32
0,Falsas,VERB,aportar,31
0,Falsas,VERB,funcionar,31
0,Falsas,VERB,aumentar,31
0,Falsas,VERB,dimitir,30
0,Falsas,VERB,reivindicar,30
0,Falsas,VERB,confiar,30
0,Falsas,VERB,estudiar,30
0,Falsas,VERB,ampliar,30
0,Falsas,VERB,aclarar,29
0,Falsas,VERB,subir,29
0,Falsas,VERB,ocupar,29
0,Falsas,VERB,atribuir,29
0,Falsas,VERB,comparecer,29
0,Falsas,VERB,proceder,29
0,Falsas,VERB,comprobar,29
0,Falsas,VERB,detectar,29
0,Falsas,VERB,sufrir,28
0,Falsas,VERB,construir,28
0,Falsas,VERB,ayudar,28
0,Falsas,VERB,reflejar,28
0,Falsas,VERB,definir,28
0,Falsas,VERB,identificar,28
0,Falsas,VERB,escuchar,28
0,Falsas,VERB,preparar,27
0,Falsas,VERB,frenar,27
0,Falsas,VERB,comunicar,27
0,Falsas,VERB,reúnir,27
0,Falsas,VERB,tramitar,27
0,Falsas,VERB,juzgar,26
0,Falsas,VERB,reunir,26
0,Falsas,VERB,concluir,26
0,Falsas,VERB,valorar,26
0,Falsas,VERB,pensar,26
0,Falsas,VERB,gestionar,26
0,Falsas,VERB,ejercer,26
0,Falsas,VERB,vincular,26
0,Falsas,VERB,permanecer,26
0,Falsas,VERB,afrontar,25
0,Falsas,VERB,destinar,25
0,Falsas,VERB,reprochar,24
0,Falsas,VERB,centrar,24
0,Falsas,VERB,prever,24
0,Falsas,VERB,avalar,24
0,Falsas,VERB,ocultar,24
0,Falsas,VERB,abandonar,24
0,Falsas,VERB,abordar,24
0,Falsas,VERB,enfrentar,24
0,Falsas,VERB,renovar,24
0,Falsas,VERB,devolver,24
0,Falsas,VERB,revelar,24
0,Falsas,VERB,empezar,24
0,Falsas,VERB,comprar,24
0,Falsas,VERB,atender,24
0,Falsas,VERB,detallar,24
0,Falsas,VERB,viralizar,24
0,Falsas,VERB,amenazar,23
0,Falsas,VERB,obligar,23
0,Falsas,VERB,firmar,23
0,Falsas,VERB,emitir,23
0,Falsas,VERB,servir,23
0,Falsas,VERB,proteger,23
0,Falsas,VERB,mejorar,23
0,Falsas,VERB,reducir,23
0,Falsas,VERB,modificar,23
0,Falsas,VERB,atacar,23
0,Falsas,VERB,adoptar,23
0,Falsas,VERB,intervenir,23
0,Falsas,VERB,expulsar,23
0,Falsas,VERB,otorgar,22
0,Falsas,VERB,expresar,22
0,Falsas,VERB,contactar,22
0,Falsas,VERB,ordenar,22
0,Falsas,VERB,relacionar,22
0,Falsas,VERB,consistir,22
0,Falsas,VERB,cruzar,22
0,Falsas,VERB,observar,22
0,Falsas,VERB,consultar,22
0,Falsas,VERB,implicar,21
0,Falsas,VERB,sustituir,21
0,Falsas,VERB,entregar,21
0,Falsas,VERB,respaldar,21
0,Falsas,VERB,representar,21
0,Falsas,VERB,acompañar,21
0,Falsas,VERB,min,21
0,Falsas,VERB,vender,20
0,Falsas,VERB,conceder,20
0,Falsas,VERB,contener,20
0,Falsas,VERB,demostrar,20
0,Falsas,VERB,bajar,20
0,Falsas,VERB,alertar,20
0,Falsas,VERB,aclar,20
0,Falsas,VERB,concurrir,20
0,Falsas,VERB,pronunciar,20
0,Falsas,VERB,superar,20
0,Falsas,VERB,dar él,20
0,Falsas,VERB,argumentar,20
0,Falsas,VERB,ratificar,20
0,Falsas,VERB,incorporar,20
0,Falsas,VERB,figurar,20
0,Falsas,VERB,favorecer,20
0,Falsas,VERB,actualizar,20
0,Falsas,VERB,levantar,19
0,Falsas,VERB,beneficiar,19
0,Falsas,VERB,eliminar,19
0,Falsas,VERB,acreditar,19
0,Falsas,VERB,arrancar,19
0,Falsas,VERB,regular,19
0,Falsas,VERB,organizar,19
0,Falsas,VERB,apelar,19
0,Falsas,VERB,lamentar,19
0,Falsas,VERB,significar,19
0,Falsas,VERB,aspirar,18
0,Falsas,VERB,promover,18
0,Falsas,VERB,fijar,18
0,Falsas,VERB,visitar,18
0,Falsas,VERB,debatir,18
0,Falsas,VERB,adelantar,18
0,Falsas,VERB,aprovechar,18
0,Falsas,VERB,escribir,18
0,Falsas,VERB,financiar,18
0,Falsas,VERB,disponer,18
0,Falsas,VERB,movilizar,17
0,Falsas,VERB,oponer,17
0,Falsas,VERB,autorizar,17
0,Falsas,VERB,respetar,17
0,Falsas,VERB,suplantar,17
0,Falsas,VERB,presentar él,16
0,Falsas,VERB,mirar,16
0,Falsas,VERB,leer,16
0,Falsas,VERB,viajar,16
0,Falsas,VERB,cometer,16
0,Falsas,VERB,introducir,16
0,Falsas,VERB,combatir,16
0,Falsas,VERB,derogar,16
0,Falsas,VERB,optar,16
0,Falsas,VERB,manifestar,16
0,Falsas,VERB,comprometer,16
0,Falsas,VERB,elaborar,16
0,Falsas,VERB,constar,16
0,Falsas,VERB,adquirir,16
0,Falsas,VERB,agregar,16
0,Falsas,VERB,comer,16
0,Falsas,VERB,rebajar,15
0,Falsas,VERB,crecer,15
0,Falsas,VERB,contratar,15
0,Falsas,VERB,prometer,15
0,Falsas,VERB,repartir,15
0,Falsas,VERB,acoger,15
0,Falsas,VERB,sentar,15
0,Falsas,VERB,concretar,15
0,Falsas,VERB,sonar,15
0,Falsas,VERB,remitir,15
0,Falsas,VERB,corregir,15
0,Falsas,VERB,subrayar,15
0,Falsas,VERB,robar,15
0,Falsas,VERB,jugar,15
0,Falsas,VERB,desarrollar,15
0,Falsas,VERB,protestar,15
0,Falsas,VERB,suceder,14
0,Falsas,VERB,invertir,14
0,Falsas,VERB,posicionar,14
0,Falsas,VERB,colaborar,14
0,Falsas,VERB,salvar,14
0,Falsas,VERB,echar,14
0,Falsas,VERB,reunir él,14
0,Falsas,VERB,desalojar,14
0,Falsas,VERB,ceder,14
0,Falsas,VERB,rescatar,14
0,Falsas,VERB,fomentar,14
0,Falsas,VERB,conducir,14
0,Falsas,VERB,precisar,13
0,Falsas,VERB,alegar,13
0,Falsas,VERB,unir,13
0,Falsas,VERB,borrar,13
0,Falsas,VERB,elevar,13
0,Falsas,VERB,reabrir,13
0,Falsas,VERB,merecer,13
0,Falsas,VERB,prohibir,13
0,Falsas,VERB,finalizar,13
0,Falsas,VERB,constituir,13
0,Falsas,VERB,ejecutar,13
0,Falsas,VERB,cargar,13
0,Falsas,VERB,comentar,13
0,Falsas,VERB,repasar,13
0,Falsas,VERB,aconsejar,13
0,Falsas,VERB,invadir,13
0,Falsas,VERB,omitir,13
0,Falsas,VERB,relatar,12
0,Falsas,VERB,causar,12
0,Falsas,VERB,gustar,12
0,Falsas,VERB,nombrar,12
0,Falsas,VERB,presumir,12
0,Falsas,VERB,pronunciar él,12
0,Falsas,VERB,sacudir,12
0,Falsas,VERB,rectificar,12
0,Falsas,VERB,estimar,12
0,Falsas,VERB,acercar,12
0,Falsas,VERB,vulnerar,12
0,Falsas,VERB,convertir él,12
0,Falsas,VERB,anular,12
0,Falsas,VERB,faltar,12
0,Falsas,VERB,cubrir,12
0,Falsas,VERB,interpretar,12
0,Falsas,VERB,nacer,12
0,Falsas,VERB,d’uixó,12
0,Falsas,VERB,contestar,11
0,Falsas,VERB,abstener,11
0,Falsas,VERB,culpar,11
0,Falsas,VERB,valer,11
0,Falsas,VERB,costar,11
0,Falsas,VERB,reformar,11
0,Falsas,VERB,tumbar,11
0,Falsas,VERB,colocar,11
0,Falsas,VERB,residir,11
0,Falsas,VERB,amnistir,11
0,Falsas,VERB,poder,11
0,Falsas,VERB,percibir,11
0,Falsas,VERB,deber,11
0,Falsas,VERB,tocar,11
0,Falsas,VERB,perseguir,11
0,Falsas,VERB,tardar,11
0,Falsas,VERB,encabezar,11
0,Falsas,VERB,comparar,11
0,Falsas,VERB,dictar,11
0,Falsas,VERB,acelerar,11
0,Falsas,VERB,controlar,11
0,Falsas,VERB,proporcionar,11
0,Falsas,VERB,predecir,11
0,Falsas,VERB,contribuir,11
0,Falsas,VERB,desaparecer,10
0,Falsas,VERB,guardar,10
0,Falsas,VERB,fortalecer,10
0,Falsas,VERB,molestar,10
0,Falsas,VERB,apartar,10
0,Falsas,VERB,augurar,10
0,Falsas,VERB,animar,10
0,Falsas,VERB,conservar,10
0,Falsas,VERB,revisar,10
0,Falsas,VERB,tender,10
0,Falsas,VERB,presionar,10
0,Falsas,VERB,desvelar,10
0,Falsas,VERB,consolidar,10
0,Falsas,VERB,golpear,10
0,Falsas,VERB,regalar,10
0,Falsas,VERB,pertenecer,10
0,Falsas,VERB,alimentar,10
0,Falsas,VERB,apreciar,10
0,Falsas,VERB,desplegar,10
0,Falsas,VERB,parar,10
0,Falsas,VERB,correr,10
0,Falsas,VERB,provenir,10
0,Falsas,VERB,recopilar,10
0,Falsas,VERB,equivocar,10
0,Falsas,VERB,activar,10
0,Falsas,VERB,acumular,10
0,Falsas,VERB,mentir,10
0,Falsas,VERB,bloquear,10
0,Falsas,VERB,saltar,10
0,Falsas,VERB,morir,10
0,Falsas,VERB,encargar,10
0,Falsas,VERB,prohíbir,10
0,Falsas,VERB,corear,10
0,Falsas,VERB,incrementar,10
0,Falsas,VERB,resultar,10
0,Falsas,VERB,montar,10
0,Falsas,VERB,instalar,10
0,Falsas,VERB,originar,10
0,Falsas,VERB,arremetir,9
0,Falsas,VERB,cesar,9
0,Falsas,VERB,evidenciar,9
0,Falsas,VERB,adjudicar,9
0,Falsas,VERB,dividir,9
0,Falsas,VERB,afear,9
0,Falsas,VERB,integrar,9
0,Falsas,VERB,explorar,9
0,Falsas,VERB,descubrir,9
0,Falsas,VERB,priorizar,9
0,Falsas,VERB,vetar,9
0,Falsas,VERB,reiterar,9
0,Falsas,VERB,constatar,9
0,Falsas,VERB,regresar,9
0,Falsas,VERB,someter,9
0,Falsas,VERB,imputar,9
0,Falsas,VERB,paralizar,9
0,Falsas,VERB,llevar él,9
0,Falsas,VERB,probar,9
0,Falsas,VERB,partir,9
0,Falsas,VERB,influir,9
0,Falsas,VERB,tirar,9
0,Falsas,VERB,replicar,9
0,Falsas,VERB,caminar,9
0,Falsas,VERB,formular,9
0,Falsas,VERB,surgir,9
0,Falsas,VERB,seleccionar,9
0,Falsas,VERB,especificar,9
0,Falsas,VERB,extender,9
0,Falsas,VERB,coger,9
0,Falsas,VERB,describir,9
0,Falsas,VERB,portar,9
0,Falsas,VERB,respaldir,9
0,Falsas,VERB,ceutí,9
0,Falsas,VERB,matar,8
0,Falsas,VERB,posponer,8
0,Falsas,VERB,dormir,8
0,Falsas,VERB,quitar,8
0,Falsas,VERB,concentrar,8
0,Falsas,VERB,cancelar,8
0,Falsas,VERB,investir,8
0,Falsas,VERB,incumplir,8
0,Falsas,VERB,blindar,8
0,Falsas,VERB,medir,8
0,Falsas,VERB,contrastar,8
0,Falsas,VERB,bastar,8
0,Falsas,VERB,estrenar,8
0,Falsas,VERB,archivar,8
0,Falsas,VERB,sentir,8
0,Falsas,VERB,tildar,8
0,Falsas,VERB,invitar,8
0,Falsas,VERB,censurar,8
0,Falsas,VERB,tachar,8
0,Falsas,VERB,asesinar,8
0,Falsas,VERB,resistir,8
0,Falsas,VERB,destruir,8
0,Falsas,VERB,excluir,8
0,Falsas,VERB,destituir,8
0,Falsas,VERB,datar,8
0,Falsas,VERB,colar,8
0,Falsas,VERB,interponer,8
0,Falsas,VERB,aplazar,8
0,Falsas,VERB,manipular,8
0,Falsas,VERB,calcular,8
0,Falsas,VERB,protagonizar,8
0,Falsas,VERB,confundir,8
0,Falsas,VERB,separar,8
0,Falsas,VERB,requerir,8
0,Falsas,VERB,meter,8
0,Falsas,VERB,cazar,8
0,Falsas,VERB,bailar,8
0,Falsas,VERB,aplicar él,8
0,Falsas,VERB,paliar,7
0,Falsas,VERB,atravesar,7
0,Falsas,VERB,mandar,7
0,Falsas,VERB,convencer,7
0,Falsas,VERB,pronosticar,7
0,Falsas,VERB,competir,7
0,Falsas,VERB,preocupar,7
0,Falsas,VERB,sugerir,7
0,Falsas,VERB,emplear,7
0,Falsas,VERB,tapar,7
0,Falsas,VERB,ingresar,7
0,Falsas,VERB,celebrar él,7
0,Falsas,VERB,desbloquear,7
0,Falsas,VERB,caber,7
0,Falsas,VERB,der,7
0,Falsas,VERB,luchar,7
0,Falsas,VERB,olvidar,7
0,Falsas,VERB,condicionar,7
0,Falsas,VERB,preferir,7
0,Falsas,VERB,limpiar,7
0,Falsas,VERB,revalidar,7
0,Falsas,VERB,mover,7
0,Falsas,VERB,distinguir,7
0,Falsas,VERB,fichar,7
0,Falsas,VERB,contradecir,7
0,Falsas,VERB,reactivar,7
0,Falsas,VERB,reportar,7
0,Falsas,VERB,incitar,7
0,Falsas,VERB,formalizar,7
0,Falsas,VERB,agotar,7
0,Falsas,VERB,multiplicar,7
0,Falsas,VERB,recriminar,7
0,Falsas,VERB,forzar,7
0,Falsas,VERB,ver él,7
0,Falsas,VERB,dificultar,7
0,Falsas,VERB,poseer,7
0,Falsas,VERB,mantener él,7
0,Falsas,VERB,desconocer,7
0,Falsas,VERB,abogar,7
0,Falsas,VERB,apagar,7
0,Falsas,VERB,asignar,7
0,Falsas,VERB,plantar,7
0,Falsas,VERB,gastar,7
0,Falsas,VERB,habilitar,7
0,Falsas,VERB,disfrutar,7
0,Falsas,VERB,notificar,7
0,Falsas,VERB,detener,7
0,Falsas,VERB,abonar,7
0,Falsas,VERB,mezclar,7
0,Falsas,VERB,geolocalizar,7
0,Falsas,VERB,comer él,7
0,Falsas,VERB,eclipse,7
0,Falsas,VERB,validar,6
0,Falsas,VERB,rozar,6
0,Falsas,VERB,prorrogar,6
0,Falsas,VERB,exponer,6
0,Falsas,VERB,confesar,6
0,Falsas,VERB,espiar,6
0,Falsas,VERB,colgar,6
0,Falsas,VERB,escudar,6
0,Falsas,VERB,minimizar,6
0,Falsas,VERB,despedir,6
0,Falsas,VERB,incidir,6
0,Falsas,VERB,realizar él,6
0,Falsas,VERB,durar,6
0,Falsas,VERB,recortar,6
0,Falsas,VERB,reflexionar,6
0,Falsas,VERB,rodear,6
0,Falsas,VERB,conllevar,6
0,Falsas,VERB,coordinar,6
0,Falsas,VERB,aplaudar,6
0,Falsas,VERB,vaticinar,6
0,Falsas,VERB,temer,6
0,Falsas,VERB,reafirmar,6
0,Falsas,VERB,alejar,6
0,Falsas,VERB,esclarecer,6
0,Falsas,VERB,basar,6
0,Falsas,VERB,desviar,6
0,Falsas,VERB,restar,6
0,Falsas,VERB,llenar,6
0,Falsas,VERB,arrastrar,6
0,Falsas,VERB,retomar,6
0,Falsas,VERB,agrupar,6
0,Falsas,VERB,expropiar,6
0,Falsas,VERB,arrasar,6
0,Falsas,VERB,designar,6
0,Falsas,VERB,revocar,6
0,Falsas,VERB,sembrar,6
0,Falsas,VERB,desmarcar,6
0,Falsas,VERB,cosechar,6
0,Falsas,VERB,agradecer,6
0,Falsas,VERB,amplificar,6
0,Falsas,VERB,reaccionar,6
0,Falsas,VERB,regularizar,6
0,Falsas,VERB,escenificar,6
0,Falsas,VERB,gozar,6
0,Falsas,VERB,ajustar,6
0,Falsas,VERB,transferir,6
0,Falsas,VERB,cantar,6
0,Falsas,VERB,procesar,6
0,Falsas,VERB,sentar él,6
0,Falsas,VERB,diferenciar,6
0,Falsas,VERB,equivaler,6
0,Falsas,VERB,desconfiar,6
0,Falsas,VERB,matizar,6
0,Falsas,VERB,carecer,6
0,Falsas,VERB,aludir,6
0,Falsas,VERB,utilizar él,6
0,Falsas,VERB,arrojar,6
0,Falsas,VERB,acampar,6
0,Falsas,VERB,estampar,6
0,Falsas,VERB,distribuir,6
0,Falsas,VERB,desplazar,5
0,Falsas,VERB,pelear,5
0,Falsas,VERB,resaltar,5
0,Falsas,VERB,combinar,5
0,Falsas,VERB,involucrar,5
0,Falsas,VERB,comunicar él,5
0,Falsas,VERB,decretar,5
0,Falsas,VERB,chocar,5
0,Falsas,VERB,retrasar,5
0,Falsas,VERB,huir,5
0,Falsas,VERB,amparar,5
0,Falsas,VERB,cuidar,5
0,Falsas,VERB,indemnizar,5
0,Falsas,VERB,sospechar,5
0,Falsas,VERB,especular,5
0,Falsas,VERB,absolver,5
0,Falsas,VERB,desestimar,5
0,Falsas,VERB,aprobar él,5
0,Falsas,VERB,apuntalar,5
0,Falsas,VERB,fundar,5
0,Falsas,VERB,aglutinar,5
0,Falsas,VERB,aguantar,5
0,Falsas,VERB,desvincular,5
0,Falsas,VERB,enterrar,5
0,Falsas,VERB,exhumar,5
0,Falsas,VERB,intensificar,5
0,Falsas,VERB,beneficiar él,5
0,Falsas,VERB,quejar,5
0,Falsas,VERB,anticipar,5
0,Falsas,VERB,querellar,5
0,Falsas,VERB,engañar,5
0,Falsas,VERB,comprender,5
0,Falsas,VERB,narangir,5
0,Falsas,VERB,endurecer,5
0,Falsas,VERB,atraer,5
0,Falsas,VERB,conectar,5
0,Falsas,VERB,reeditar,5
0,Falsas,VERB,modernizar,5
0,Falsas,VERB,desatar,5
0,Falsas,VERB,ignorar,5
0,Falsas,VERB,saltar él,5
0,Falsas,VERB,desmontar,5
0,Falsas,VERB,calentar,5
0,Falsas,VERB,conformar,5
0,Falsas,VERB,transformar,5
0,Falsas,VERB,derivar,5
0,Falsas,VERB,perjudicar,5
0,Falsas,VERB,disparar,5
0,Falsas,VERB,personar,5
0,Falsas,VERB,documentar,5
0,Falsas,VERB,retornar,5
0,Falsas,VERB,haber él,5
0,Falsas,VERB,desear,5
0,Falsas,VERB,responsabilizar,5
0,Falsas,VERB,marchar,5
0,Falsas,VERB,instrumentalizar,5
0,Falsas,VERB,recaudar,5
0,Falsas,VERB,compar,5
0,Falsas,VERB,considerar él,5
0,Falsas,VERB,indultar,5
0,Falsas,VERB,increpar,5
0,Falsas,VERB,incautar,5
0,Falsas,VERB,contagiar,5
0,Falsas,VERB,alterar,5
0,Falsas,VERB,prevenir,5
0,Falsas,VERB,empadronar él,5
0,Falsas,VERB,experimentar,5
0,Falsas,VERB,duchar,5
0,Falsas,VERB,convenir,5
0,Falsas,VERB,agredir,5
0,Falsas,VERB,operar,5
0,Falsas,VERB,acoger él,5
0,Falsas,VERB,tubeer,5
0,Falsas,VERB,prestar,5
0,Falsas,VERB,tergiversar,5
0,Falsas,VERB,arder,5
0,Falsas,VERB,certificar,4
0,Falsas,VERB,disputar,4
0,Falsas,VERB,hundir,4
0,Falsas,VERB,encaminar,4
0,Falsas,VERB,desoyar,4
0,Falsas,VERB,pesar,4
0,Falsas,VERB,irrumpir,4
0,Falsas,VERB,quedar él,4
0,Falsas,VERB,dictaminar,4
0,Falsas,VERB,dirimir,4
0,Falsas,VERB,rebelar,4
0,Falsas,VERB,prolongar,4
0,Falsas,VERB,materializar,4
0,Falsas,VERB,recaer,4
0,Falsas,VERB,preservar,4
0,Falsas,VERB,ascender,4
0,Falsas,VERB,asesorar,4
0,Falsas,VERB,salpicar,4
0,Falsas,VERB,extraer,4
0,Falsas,VERB,castigar,4
0,Falsas,VERB,atentar,4
0,Falsas,VERB,sacar él,4
0,Falsas,VERB,vencer,4
0,Falsas,VERB,traer,4
0,Falsas,VERB,hallar,4
0,Falsas,VERB,importar,4
0,Falsas,VERB,arruinar,4
0,Falsas,VERB,proclamar,4
0,Falsas,VERB,retener,4
0,Falsas,VERB,mostrar él,4
0,Falsas,VERB,zanjar,4
0,Falsas,VERB,perdonar,4
0,Falsas,VERB,retratar,4
0,Falsas,VERB,culminar,4
0,Falsas,VERB,tratar él,4
0,Falsas,VERB,diseñar,4
0,Falsas,VERB,potenciar,4
0,Falsas,VERB,ilegalizar,4
0,Falsas,VERB,evolucionar,4
0,Falsas,VERB,articular,4
0,Falsas,VERB,examinar,4
0,Falsas,VERB,obviar,4
0,Falsas,VERB,alojar,4
0,Falsas,VERB,tambalear,4
0,Falsas,VERB,confrontar,4
0,Falsas,VERB,expirar,4
0,Falsas,VERB,pinchar,4
0,Falsas,VERB,diésel,4
0,Falsas,VERB,solucionar,4
0,Falsas,VERB,liderir,4
0,Falsas,VERB,tensar,4
0,Falsas,VERB,prosperar,4
0,Falsas,VERB,captar,4
0,Falsas,VERB,allanar,4
0,Falsas,VERB,cedar,4
0,Falsas,VERB,achacar,4
0,Falsas,VERB,dirigir él,4
0,Falsas,VERB,interpelar,4
0,Falsas,VERB,resumir,4
0,Falsas,VERB,insinuar,4
0,Falsas,VERB,dedicar,4
0,Falsas,VERB,rompar,4
0,Falsas,VERB,denominar,4
0,Falsas,VERB,blanquear,4
0,Falsas,VERB,devolver él,4
0,Falsas,VERB,alinear,4
0,Falsas,VERB,sentenciar,4
0,Falsas,VERB,derrotar,4
0,Falsas,VERB,trasladar él,4
0,Falsas,VERB,prescindir,4
0,Falsas,VERB,redactar,4
0,Falsas,VERB,batir,4
0,Falsas,VERB,filtrar,4
0,Falsas,VERB,prevalecer,4
0,Falsas,VERB,desestabilizar,4
0,Falsas,VERB,enmarcar,4
0,Falsas,VERB,disminuir,4
0,Falsas,VERB,recopilir,4
0,Falsas,VERB,referir él,4
0,Falsas,VERB,variar,4
0,Falsas,VERB,basar él,4
0,Falsas,VERB,simular,4
0,Falsas,VERB,interceptar,4
0,Falsas,VERB,componer,4
0,Falsas,VERB,comiéndose,4
0,Falsas,VERB,agrupar él,4
0,Falsas,VERB,pasear,4
0,Falsas,VERB,fiscalizar,3
0,Falsas,VERB,igualar,3
0,Falsas,VERB,erigir,3
0,Falsas,VERB,condecorar,3
0,Falsas,VERB,fabricar,3
0,Falsas,VERB,declinar,3
0,Falsas,VERB,adherir,3
0,Falsas,VERB,recabar,3
0,Falsas,VERB,confluir,3
0,Falsas,VERB,remontar,3
0,Falsas,VERB,dejar él,3
0,Falsas,VERB,transmitir,3
0,Falsas,VERB,ridiculizar,3
0,Falsas,VERB,suscitar,3
0,Falsas,VERB,ultimar,3
0,Falsas,VERB,emprender,3
0,Falsas,VERB,gritar,3
0,Falsas,VERB,insultar,3
0,Falsas,VERB,opacar,3
0,Falsas,VERB,homologar,3
0,Falsas,VERB,obedecer,3
0,Falsas,VERB,conmemorar,3
0,Falsas,VERB,restituir,3
0,Falsas,VERB,obtendrir,3
0,Falsas,VERB,normalizar,3
0,Falsas,VERB,erigir él,3
0,Falsas,VERB,despachar,3
0,Falsas,VERB,militar,3
0,Falsas,VERB,librar,3
0,Falsas,VERB,agravar,3
0,Falsas,VERB,premiar,3
0,Falsas,VERB,planear,3
0,Falsas,VERB,inducir,3
0,Falsas,VERB,poner él,3
0,Falsas,VERB,recojar,3
0,Falsas,VERB,apremiar,3
0,Falsas,VERB,desangrar,3
0,Falsas,VERB,revertir,3
0,Falsas,VERB,manifestar él,3
0,Falsas,VERB,cifrar,3
0,Falsas,VERB,bar,3
0,Falsas,VERB,encarar,3
0,Falsas,VERB,elogiar,3
0,Falsas,VERB,volverir,3
0,Falsas,VERB,incurrir,3
0,Falsas,VERB,máster,3
0,Falsas,VERB,ser,3
0,Falsas,VERB,implantar,3
0,Falsas,VERB,quebrar,3
0,Falsas,VERB,desbancar,3
0,Falsas,VERB,albergar,3
0,Falsas,VERB,dudar,3
0,Falsas,VERB,enseñar,3
0,Falsas,VERB,criminalizar,3
0,Falsas,VERB,consensuar,3
0,Falsas,VERB,ratificir,3
0,Falsas,VERB,enfocar,3
0,Falsas,VERB,callar,3
0,Falsas,VERB,imitar,3
0,Falsas,VERB,desencallar,3
0,Falsas,VERB,personar él,3
0,Falsas,VERB,suprimir,3
0,Falsas,VERB,eludir,3
0,Falsas,VERB,sobrevivir,3
0,Falsas,VERB,enfatizar,3
0,Falsas,VERB,acotar,3
0,Falsas,VERB,arrebatar,3
0,Falsas,VERB,alentar,3
0,Falsas,VERB,unificar,3
0,Falsas,VERB,acosar,3
0,Falsas,VERB,vacunar,3
0,Falsas,VERB,lucir,3
0,Falsas,VERB,arropar,3
0,Falsas,VERB,lavar,3
0,Falsas,VERB,discrepar,3
0,Falsas,VERB,empeorar,3
0,Falsas,VERB,velar,3
0,Falsas,VERB,oponer él,3
0,Falsas,VERB,envir,3
0,Falsas,VERB,delegar,3
0,Falsas,VERB,desplomar,3
0,Falsas,VERB,remarcar,3
0,Falsas,VERB,fallecer,3
0,Falsas,VERB,pegar,3
0,Falsas,VERB,complicar,3
0,Falsas,VERB,agitar,3
0,Falsas,VERB,producir él,3
0,Falsas,VERB,profundizar,3
0,Falsas,VERB,navarrar,3
0,Falsas,VERB,legalizar,3
0,Falsas,VERB,debilitar,3
0,Falsas,VERB,recorrer,3
0,Falsas,VERB,volar,3
0,Falsas,VERB,cuadrar,3
0,Falsas,VERB,estallar,3
0,Falsas,VERB,fracasar,3
0,Falsas,VERB,reconstruir,3
0,Falsas,VERB,conocer él,3
0,Falsas,VERB,aplaudir,3
0,Falsas,VERB,aislar,3
0,Falsas,VERB,aferrir,3
0,Falsas,VERB,dibujar,3
0,Falsas,VERB,abrir él,3
0,Falsas,VERB,sustentar,3
0,Falsas,VERB,unir él,3
0,Falsas,VERB,aparentar,3
0,Falsas,VERB,diferir,3
0,Falsas,VERB,contabilizar,3
0,Falsas,VERB,retransmitir,3
0,Falsas,VERB,trascender,3
0,Falsas,VERB,buitrar,3
0,Falsas,VERB,esconder,3
0,Falsas,VERB,contradizar,3
0,Falsas,VERB,bendizar,3
0,Falsas,VERB,pliegar,3
0,Falsas,VERB,manejar,3
0,Falsas,VERB,entender él,3
0,Falsas,VERB,implementar,3
0,Falsas,VERB,acatar,3
0,Falsas,VERB,negar él,3
0,Falsas,VERB,distanciar él,3
0,Falsas,VERB,situar él,3
0,Falsas,VERB,flexibilizar,3
0,Falsas,VERB,puntualizar,3
0,Falsas,VERB,retroceder,3
0,Falsas,VERB,entrevistar,3
0,Falsas,VERB,dinamitar,3
0,Falsas,VERB,apurar,3
0,Falsas,VERB,destapar,3
0,Falsas,VERB,desgranar,3
0,Falsas,VERB,denegar,3
0,Falsas,VERB,inventar,3
0,Falsas,VERB,mover él,3
0,Falsas,VERB,inaugurar,3
0,Falsas,VERB,regir,3
0,Falsas,VERB,ayudar él,3
0,Falsas,VERB,interrumpir,3
0,Falsas,VERB,felicitar,3
0,Falsas,VERB,demandar,3
0,Falsas,VERB,tejer,3
0,Falsas,VERB,pisar,3
0,Falsas,VERB,negociar él,3
0,Falsas,VERB,discutir,3
0,Falsas,VERB,reformular,3
0,Falsas,VERB,falsificar,3
0,Falsas,VERB,haer,3
0,Falsas,VERB,asentar,3
0,Falsas,VERB,heredar,3
0,Falsas,VERB,sorprender,3
0,Falsas,VERB,secuestrar,3
0,Falsas,VERB,localizar,3
0,Falsas,VERB,fijar él,3
0,Falsas,VERB,descansar,3
0,Falsas,VERB,entonar,3
0,Falsas,VERB,vestir,3
0,Falsas,VERB,evaluar,3
0,Falsas,VERB,convalidar,3
0,Falsas,VERB,agilizar,3
0,Falsas,VERB,abarcar,3
0,Falsas,VERB,clasificar,3
0,Falsas,VERB,traducir,3
0,Falsas,VERB,desacreditar,3
0,Falsas,VERB,divorciar,3
0,Falsas,VERB,adjuntar,3
0,Falsas,VERB,disuadir,3
0,Falsas,VERB,repatriar,3
0,Falsas,VERB,confiscar,3
0,Falsas,VERB,consultar él,3
0,Falsas,VERB,destinar él,3
0,Falsas,VERB,rezar,3
0,Falsas,VERB,perpetrar,3
0,Falsas,VERB,explotar,3
0,Falsas,VERB,reavivar,3
0,Falsas,VERB,escuchar él,3
0,Falsas,VERB,derrumbar,3
0,Falsas,VERB,desinformar,3
0,Falsas,VERB,inundar,3
0,Falsas,VERB,proliferar,3
0,Falsas,VERB,desplegar él,3
0,Falsas,VERB,grar,3
0,Falsas,VERB,flotar,3
0,Falsas,VERB,quemar,3
0,Falsas,VERB,apuñalar,3
0,Falsas,VERB,propagar,3
0,Falsas,VERB,sofocar,3
0,Falsas,VERB,cotizar,3
0,Falsas,VERB,completar,3
0,Falsas,VERB,concebir,2
0,Falsas,VERB,diferenciar él,2
0,Falsas,VERB,sucumbir,2
0,Falsas,VERB,reanudar,2
0,Falsas,VERB,movilizar él,2
0,Falsas,VERB,aventajar,2
0,Falsas,VERB,planificar,2
0,Falsas,VERB,desembarcar,2
0,Falsas,VERB,sumar él,2
0,Falsas,VERB,contraponer,2
0,Falsas,VERB,medimos,2
0,Falsas,VERB,ahondar,2
0,Falsas,VERB,copiar,2
0,Falsas,VERB,retuitear,2
0,Falsas,VERB,despreciar,2
0,Falsas,VERB,desencadenar,2
0,Falsas,VERB,eximir,2
0,Falsas,VERB,deshacer él,2
0,Falsas,VERB,pugnar,2
0,Falsas,VERB,esquivar,2
0,Falsas,VERB,ilustrar,2
0,Falsas,VERB,decantar,2
0,Falsas,VERB,retar,2
0,Falsas,VERB,sancionar,2
0,Falsas,VERB,encontrar él,2
0,Falsas,VERB,donar,2
0,Falsas,VERB,empiecir,2
0,Falsas,VERB,emplazar,2
0,Falsas,VERB,exagerar,2
0,Falsas,VERB,mediar,2
0,Falsas,VERB,inclinar,2
0,Falsas,VERB,definar,2
0,Falsas,VERB,subrair,2
0,Falsas,VERB,disolver,2
0,Falsas,VERB,soportar,2
0,Falsas,VERB,definir él,2
0,Falsas,VERB,torturar,2
0,Falsas,VERB,oficializar,2
0,Falsas,VERB,instaurar,2
0,Falsas,VERB,juicio,2
0,Falsas,VERB,impugnar,2
0,Falsas,VERB,desprender él,2
0,Falsas,VERB,conversar,2
0,Falsas,VERB,publicamos,2
0,Falsas,VERB,plagiar,2
0,Falsas,VERB,difamar,2
0,Falsas,VERB,posibilitar,2
0,Falsas,VERB,intercambiar,2
0,Falsas,VERB,fructificar,2
0,Falsas,VERB,suspendar,2
0,Falsas,VERB,decaer,2
0,Falsas,VERB,congelar,2
0,Falsas,VERB,blindir,2
0,Falsas,VERB,votser,2
0,Falsas,VERB,debutar,2
0,Falsas,VERB,sortear,2
0,Falsas,VERB,reproducir,2
0,Falsas,VERB,interrogar,2
0,Falsas,VERB,arbitrar,2
0,Falsas,VERB,dialogar,2
0,Falsas,VERB,transformar él,2
0,Falsas,VERB,doler,2
0,Falsas,VERB,recapacitir,2
0,Falsas,VERB,solucionar él,2
0,Falsas,VERB,amagar,2
0,Falsas,VERB,reventar,2
0,Falsas,VERB,ironizar,2
0,Falsas,VERB,acentuar,2
0,Falsas,VERB,jactar,2
0,Falsas,VERB,adelantar él,2
0,Falsas,VERB,impactar,2
0,Falsas,VERB,indagar,2
0,Falsas,VERB,confirmadar,2
0,Falsas,VERB,sobornar,2
0,Falsas,VERB,ensalzar,2
0,Falsas,VERB,reconsiderar,2
0,Falsas,VERB,for yo,2
0,Falsas,VERB,atesorar,2
0,Falsas,VERB,omiteír,2
0,Falsas,VERB,perfeccionar,2
0,Falsas,VERB,aferrar,2
0,Falsas,VERB,cagar él,2
0,Falsas,VERB,tragar,2
0,Falsas,VERB,deducir,2
0,Falsas,VERB,trazar,2
0,Falsas,VERB,admirar,2
0,Falsas,VERB,mitigar,2
0,Falsas,VERB,abocar,2
0,Falsas,VERB,encomendar,2
0,Falsas,VERB,amnistiar,2
0,Falsas,VERB,acarrear,2
0,Falsas,VERB,traspasar,2
0,Falsas,VERB,afectarir,2
0,Falsas,VERB,desafiar,2
0,Falsas,VERB,ahorrar,2
0,Falsas,VERB,edificar,2
0,Falsas,VERB,inhabilitar,2
0,Falsas,VERB,escribir él,2
0,Falsas,VERB,violar,2
0,Falsas,VERB,sangrar,2
0,Falsas,VERB,explicamos,2
0,Falsas,VERB,cs,2
0,Falsas,VERB,hospitalizar,2
0,Falsas,VERB,dilucidar,2
0,Falsas,VERB,arañar,2
0,Falsas,VERB,espetar,2
0,Falsas,VERB,regenerar,2
0,Falsas,VERB,pionera,2
0,Falsas,VERB,descapitalizar,2
0,Falsas,VERB,destrozar,2
0,Falsas,VERB,sentir él,2
0,Falsas,VERB,postular,2
0,Falsas,VERB,proferir,2
0,Falsas,VERB,inyectar,2
0,Falsas,VERB,equiparar,2
0,Falsas,VERB,depurar,2
0,Falsas,VERB,desatascar,2
0,Falsas,VERB,fraguar,2
0,Falsas,VERB,acertar,2
0,Falsas,VERB,fallar,2
0,Falsas,VERB,trar,2
0,Falsas,VERB,hacer yo,2
0,Falsas,VERB,sobreseir,2
0,Falsas,VERB,arreglar,2
0,Falsas,VERB,morder,2
0,Falsas,VERB,discriminar,2
0,Falsas,VERB,instalar él,2
0,Falsas,VERB,malversar,2
0,Falsas,VERB,repercutir,2
0,Falsas,VERB,vigilar,2
0,Falsas,VERB,preguntar él,2
0,Falsas,VERB,delinquir,2
0,Falsas,VERB,preceder,2
0,Falsas,VERB,concentrar él,2
0,Falsas,VERB,esconder él,2
0,Falsas,VERB,desestima,2
0,Falsas,VERB,confabular,2
0,Falsas,VERB,acorralar,2
0,Falsas,VERB,desgastar,2
0,Falsas,VERB,acometer,2
0,Falsas,VERB,tumr,2
0,Falsas,VERB,abusar,2
0,Falsas,VERB,volcar,2
0,Falsas,VERB,alargar,2
0,Falsas,VERB,apostillar,2
0,Falsas,VERB,emerger,2
0,Falsas,VERB,apretar,2
0,Falsas,VERB,opongar,2
0,Falsas,VERB,villaregir,2
0,Falsas,VERB,recusar,2
0,Falsas,VERB,delimitar,2
0,Falsas,VERB,consumir,2
0,Falsas,VERB,sufragar,2
0,Falsas,VERB,traicionar,2
0,Falsas,VERB,atajar,2
0,Falsas,VERB,percibir él,2
0,Falsas,VERB,engrasar,2
0,Falsas,VERB,estrellar,2
0,Falsas,VERB,retirar él,2
0,Falsas,VERB,maltratar,2
0,Falsas,VERB,enfriar,2
0,Falsas,VERB,asaltar,2
0,Falsas,VERB,exhibir,2
0,Falsas,VERB,suscribir,2
0,Falsas,VERB,fotografiar,2
0,Falsas,VERB,amparar él,2
0,Falsas,VERB,diagnosticar,2
0,Falsas,VERB,configurar,2
0,Falsas,VERB,informar él,2
0,Falsas,VERB,generalizar,2
0,Falsas,VERB,informir,2
0,Falsas,VERB,eclipsar,2
0,Falsas,VERB,reaparecer,2
0,Falsas,VERB,decir él,2
0,Falsas,VERB,registrar él,2
0,Falsas,VERB,mejorar él,2
0,Falsas,VERB,resolver él,2
0,Falsas,VERB,enfrentar él,2
0,Falsas,VERB,encumbrar,2
0,Falsas,VERB,abstener él,2
0,Falsas,VERB,curar,2
0,Falsas,VERB,detendrer,2
0,Falsas,VERB,celebrarar,2
0,Falsas,VERB,enfer,2
0,Falsas,VERB,solicitar él,2
0,Falsas,VERB,debatar,2
0,Falsas,VERB,desacoplar,2
0,Falsas,VERB,enmendar,2
0,Falsas,VERB,deshumanizar,2
0,Falsas,VERB,entrir,2
0,Falsas,VERB,iluminar,2
0,Falsas,VERB,desmantelar,2
0,Falsas,VERB,liquidar,2
0,Falsas,VERB,narrar,2
0,Falsas,VERB,esgrimir,2
0,Falsas,VERB,acaparar,2
0,Falsas,VERB,sobrar,2
0,Falsas,VERB,maniobrar,2
0,Falsas,VERB,carguir,2
0,Falsas,VERB,sumir,2
0,Falsas,VERB,destruir él,2
0,Falsas,VERB,sanar,2
0,Falsas,VERB,barajar,2
0,Falsas,VERB,supervisar,2
0,Falsas,VERB,quitar él,2
0,Falsas,VERB,láser,2
0,Falsas,VERB,estafar,2
0,Falsas,VERB,condenir,2
0,Falsas,VERB,atribuir él,2
0,Falsas,VERB,consolidar él,2
0,Falsas,VERB,doblar,2
0,Falsas,VERB,demorar,2
0,Falsas,VERB,pedir él,2
0,Falsas,VERB,portavocir,2
0,Falsas,VERB,encender,2
0,Falsas,VERB,infringir,2
0,Falsas,VERB,tramitar él,2
0,Falsas,VERB,dominar,2
0,Falsas,VERB,calar,2
0,Falsas,VERB,exlíder,2
0,Falsas,VERB,defraudar,2
0,Falsas,VERB,clausurar,2
0,Falsas,VERB,imagináis,2
0,Falsas,VERB,brillar,2
0,Falsas,VERB,atrevar,2
0,Falsas,VERB,saldar,2
0,Falsas,VERB,comar,2
0,Falsas,VERB,confirmar él,2
0,Falsas,VERB,par,2
0,Falsas,VERB,extender él,2
0,Falsas,VERB,canalizar,2
0,Falsas,VERB,abolir,2
0,Falsas,VERB,alquilar,2
0,Falsas,VERB,rebatir,2
0,Falsas,VERB,rechacir,2
0,Falsas,VERB,visibilizar,2
0,Falsas,VERB,ganar él,2
0,Falsas,VERB,abrazar,2
0,Falsas,VERB,confinar,2
0,Falsas,VERB,duplicar,2
0,Falsas,VERB,alzar,2
0,Falsas,VERB,boicotear,2
0,Falsas,VERB,verter,2
0,Falsas,VERB,deslizar,2
0,Falsas,VERB,despenalizar,2
0,Falsas,VERB,padecer,2
0,Falsas,VERB,ganarir,2
0,Falsas,VERB,inscribir,2
0,Falsas,VERB,conquistar,2
0,Falsas,VERB,transigir,2
0,Falsas,VERB,juntar,2
0,Falsas,VERB,compaginar,2
0,Falsas,VERB,evadir,2
0,Falsas,VERB,dañar,2
0,Falsas,VERB,defender él,2
0,Falsas,VERB,descender,2
0,Falsas,VERB,rehabilitar,2
0,Falsas,VERB,degradar,2
0,Falsas,VERB,reservar,2
0,Falsas,VERB,opinar,2
0,Falsas,VERB,reunierar,2
0,Falsas,VERB,alardear,2
0,Falsas,VERB,encajar,2
0,Falsas,VERB,personacer,2
0,Falsas,VERB,descargar,2
0,Falsas,VERB,recuperan,2
0,Falsas,VERB,permitir él,2
0,Falsas,VERB,depositar,2
0,Falsas,VERB,aseverar,2
0,Falsas,VERB,páginar,2
0,Falsas,VERB,etiquetar,2
0,Falsas,VERB,forcejear,2
0,Falsas,VERB,onlinar,2
0,Falsas,VERB,aliviar,2
0,Falsas,VERB,saber él,2
0,Falsas,VERB,funcionir,2
0,Falsas,VERB,oscilar,2
0,Falsas,VERB,parodiar,2
0,Falsas,VERB,omitar,2
0,Falsas,VERB,articular él,2
0,Falsas,VERB,octair,2
0,Falsas,VERB,conferir,2
0,Falsas,VERB,empadronar,2
0,Falsas,VERB,revisen,2
0,Falsas,VERB,tener él,2
0,Falsas,VERB,votarar,2
0,Falsas,VERB,compruer,2
0,Falsas,VERB,ejecutar él,2
0,Falsas,VERB,desembocar,2
0,Falsas,VERB,analizar él,2
0,Falsas,VERB,ciñar,2
0,Falsas,VERB,atemorizar,2
0,Falsas,VERB,comprobar él,2
0,Falsas,VERB,insertar,2
0,Falsas,VERB,clicar,2
0,Falsas,VERB,despertar,2
0,Falsas,VERB,infectar,2
0,Falsas,VERB,menoscabar,2
0,Falsas,VERB,popularizar,2
0,Falsas,VERB,talar,2
0,Falsas,VERB,compensar,2
0,Falsas,VERB,ubicar,2
0,Falsas,VERB,herir,2
0,Falsas,VERB,titular,2
0,Falsas,VERB,enumerar,2
0,Falsas,VERB,newtral.es,2
0,Falsas,VERB,adaptar él,2
0,Falsas,VERB,remitir él,2
0,Falsas,VERB,asignir,2
0,Falsas,VERB,cumplir él,2
0,Falsas,VERB,conceder él,2
0,Falsas,VERB,proteger él,2
0,Falsas,VERB,hagan,2
0,Falsas,VERB,devorar,2
0,Falsas,VERB,practicar,2
0,Falsas,VERB,solicitir,2
0,Falsas,VERB,escalar él,2
0,Falsas,VERB,inadmitar,2
0,Falsas,VERB,preguntáis,2
0,Falsas,VERB,organicir,2
0,Falsas,VERB,aparezcar,2
0,Falsas,VERB,contraer,2
0,Falsas,VERB,nadar,2
0,Falsas,VERB,detener él,2
0,Falsas,VERB,clonar,2
0,Falsas,VERB,transportar,2
0,Falsas,VERB,mismísir,2
0,Falsas,VERB,avivar,2
0,Falsas,VERB,señalizar,2
0,Falsas,VERB,recopilamos,2
0,Falsas,VERB,autónomos,2
0,Falsas,VERB,difundir él,2
0,Falsas,VERB,evacuar,2
0,Falsas,VERB,desplazar él,2
0,Falsas,VERB,grabar él,2
0,Falsas,VERB,embarcar,2
0,Falsas,VERB,entrarar,2
0,Falsas,VERB,cortar,2
0,Falsas,VERB,reemplazar,2
0,Falsas,VERB,halal,2
0,Falsas,VERB,it,2
0,Falsas,VERB,promovierar,2
0,Falsas,VERB,incendiar,2
0,Falsas,VERB,incendiar él,2
0,Falsas,VERB,respectar,2
0,Falsas,VERB,relativizar,2
0,Falsas,VERB,expertar,2
0,Falsas,VERB,discutir él,2
0,Falsas,VERB,vengar,2
0,Falsas,VERB,acudar,2
0,Falsas,VERB,introdujerar,2
0,Falsas,VERB,asimilar,2
0,Falsas,VERB,revalorizar,1
0,Falsas,VERB,antropólogar,1
0,Falsas,VERB,cecear,1
0,Falsas,VERB,tuitear,1
0,Falsas,VERB,autodescartar,1
0,Falsas,VERB,gestar,1
0,Falsas,VERB,rediseñar,1
0,Falsas,VERB,quejar él,1
0,Falsas,VERB,atrinchera,1
0,Falsas,VERB,vetir,1
0,Falsas,VERB,arremeteir,1
0,Falsas,VERB,transcurer,1
0,Falsas,VERB,subvencionar,1
0,Falsas,VERB,improvisar,1
0,Falsas,VERB,plasmar,1
0,Falsas,VERB,trans,1
0,Falsas,VERB,promocionar él,1
0,Falsas,VERB,aisló,1
0,Falsas,VERB,orir,1
0,Falsas,VERB,señalar él,1
0,Falsas,VERB,persuadir él,1
0,Falsas,VERB,cooperar,1
0,Falsas,VERB,posicionar él,1
0,Falsas,VERB,arremeter,1
0,Falsas,VERB,restarir,1
0,Falsas,VERB,cederiar,1
0,Falsas,VERB,torcer,1
0,Falsas,VERB,enaltecer,1
0,Falsas,VERB,perviveír,1
0,Falsas,VERB,deconstruir,1
0,Falsas,VERB,incluir él,1
0,Falsas,VERB,subleir,1
0,Falsas,VERB,revaloricir,1
0,Falsas,VERB,tendré,1
0,Falsas,VERB,interrumpe,1
0,Falsas,VERB,tirir,1
0,Falsas,VERB,rendir,1
0,Falsas,VERB,sintonizar,1
0,Falsas,VERB,desobedecer,1
0,Falsas,VERB,decimotercer,1
0,Falsas,VERB,asfixiar,1
0,Falsas,VERB,autonómicas,1
0,Falsas,VERB,irrumpe,1
0,Falsas,VERB,bajar él,1
0,Falsas,VERB,feír,1
0,Falsas,VERB,polemizar,1
0,Falsas,VERB,enarbolar,1
0,Falsas,VERB,declarar él,1
0,Falsas,VERB,restringir,1
0,Falsas,VERB,pionerar,1
0,Falsas,VERB,lastrar,1
0,Falsas,VERB,renuncien,1
0,Falsas,VERB,integrar él,1
0,Falsas,VERB,estimir,1
0,Falsas,VERB,protejar,1
0,Falsas,VERB,centrar él,1
0,Falsas,VERB,reprobar,1
0,Falsas,VERB,mordazar,1
0,Falsas,VERB,decidiesar,1
0,Falsas,VERB,enzarzar,1
0,Falsas,VERB,desequilibrar,1
0,Falsas,VERB,inapropiar,1
0,Falsas,VERB,vendrir,1
0,Falsas,VERB,apreciar él,1
0,Falsas,VERB,democratizar,1
0,Falsas,VERB,despistar,1
0,Falsas,VERB,obveír,1
0,Falsas,VERB,contravenir,1
0,Falsas,VERB,verás,1
0,Falsas,VERB,amanecer,1
0,Falsas,VERB,derribar,1
0,Falsas,VERB,afloran,1
0,Falsas,VERB,garanticir,1
0,Falsas,VERB,revestir,1
0,Falsas,VERB,desbancar él,1
0,Falsas,VERB,enfangar,1
0,Falsas,VERB,dir,1
0,Falsas,VERB,sustanciar,1
0,Falsas,VERB,enumerir,1
0,Falsas,VERB,aducir,1
0,Falsas,VERB,refeer,1
0,Falsas,VERB,sacrificar,1
0,Falsas,VERB,asistirar,1
0,Falsas,VERB,intercedir,1
0,Falsas,VERB,imponer él,1
0,Falsas,VERB,denigrar,1
0,Falsas,VERB,iniciarir,1
0,Falsas,VERB,reorganizar,1
0,Falsas,VERB,adueñar,1
0,Falsas,VERB,empatar,1
0,Falsas,VERB,neofascismos,1
0,Falsas,VERB,autoproclamar,1
0,Falsas,VERB,dijistir,1
0,Falsas,VERB,obtengar,1
0,Falsas,VERB,charlar,1
0,Falsas,VERB,desinfló,1
0,Falsas,VERB,distanciar,1
0,Falsas,VERB,equipar,1
0,Falsas,VERB,indultacer,1
0,Falsas,VERB,aliar,1
0,Falsas,VERB,repreguntar,1
0,Falsas,VERB,compran,1
0,Falsas,VERB,rubricar,1
0,Falsas,VERB,ensalcir,1
0,Falsas,VERB,remendar,1
0,Falsas,VERB,jurar,1
0,Falsas,VERB,repletar,1
0,Falsas,VERB,redundar,1
0,Falsas,VERB,embargar,1
0,Falsas,VERB,incorporarir,1
0,Falsas,VERB,adoctrinar,1
0,Falsas,VERB,usen,1
0,Falsas,VERB,cerrar él,1
0,Falsas,VERB,marear,1
0,Falsas,VERB,institucionalizar,1
0,Falsas,VERB,derrotar él,1
0,Falsas,VERB,angustiar,1
0,Falsas,VERB,disparar él,1
0,Falsas,VERB,equivoquer,1
0,Falsas,VERB,encuadrar,1
0,Falsas,VERB,abochornir,1
0,Falsas,VERB,amarrar,1
0,Falsas,VERB,háznosla,1
0,Falsas,VERB,decrecer,1
0,Falsas,VERB,editar,1
0,Falsas,VERB,reponer,1
0,Falsas,VERB,derogar él,1
0,Falsas,VERB,arrojen,1
0,Falsas,VERB,propiciar,1
0,Falsas,VERB,plasmir,1
0,Falsas,VERB,fletar,1
0,Falsas,VERB,aclarasar,1
0,Falsas,VERB,otorgar él,1
0,Falsas,VERB,contrarrestar,1
0,Falsas,VERB,ofrecer él,1
0,Falsas,VERB,reeditaría,1
0,Falsas,VERB,recalca,1
0,Falsas,VERB,ilegítir,1
0,Falsas,VERB,entrever,1
0,Falsas,VERB,lastran,1
0,Falsas,VERB,marque,1
0,Falsas,VERB,desterrar,1
0,Falsas,VERB,saquear,1
0,Falsas,VERB,esparcir,1
0,Falsas,VERB,incumpliar,1
0,Falsas,VERB,​el,1
0,Falsas,VERB,prorrogacer,1
0,Falsas,VERB,decair,1
0,Falsas,VERB,manchar él,1
0,Falsas,VERB,center,1
0,Falsas,VERB,dotar,1
0,Falsas,VERB,retractar él,1
0,Falsas,VERB,desvelar él,1
0,Falsas,VERB,anhelar,1
0,Falsas,VERB,despolitizar,1
0,Falsas,VERB,sustraer,1
0,Falsas,VERB,concurriesir,1
0,Falsas,VERB,sacar yo,1
0,Falsas,VERB,resignificacer,1
0,Falsas,VERB,repudiar,1
0,Falsas,VERB,desprender,1
0,Falsas,VERB,corretear,1
0,Falsas,VERB,idear,1
0,Falsas,VERB,empugir,1
0,Falsas,VERB,enriquecer él,1
0,Falsas,VERB,desautorizar,1
0,Falsas,VERB,desenmascarar,1
0,Falsas,VERB,recobrir,1
0,Falsas,VERB,segregar,1
0,Falsas,VERB,reanudir,1
0,Falsas,VERB,explicitacer,1
0,Falsas,VERB,compatibilizar,1
0,Falsas,VERB,coronar,1
0,Falsas,VERB,descentralizar,1
0,Falsas,VERB,cambiar él,1
0,Falsas,VERB,rider,1
0,Falsas,VERB,profesorar,1
0,Falsas,VERB,subastar,1
0,Falsas,VERB,exculpar,1
0,Falsas,VERB,reorientar,1
0,Falsas,VERB,desinfla,1
0,Falsas,VERB,-al,1
0,Falsas,VERB,apenar,1
0,Falsas,VERB,juzgar él,1
0,Falsas,VERB,desligacer,1
0,Falsas,VERB,salva,1
0,Falsas,VERB,avivir,1
0,Falsas,VERB,legar,1
0,Falsas,VERB,alcaldesas,1
0,Falsas,VERB,justificarar,1
0,Falsas,VERB,dejaré,1
0,Falsas,VERB,ocupar yo,1
0,Falsas,VERB,antojar,1
0,Falsas,VERB,entierrir,1
0,Falsas,VERB,antiblanqueo,1
0,Falsas,VERB,presidir él,1
0,Falsas,VERB,deslegitimar,1
0,Falsas,VERB,alcanzarar,1
0,Falsas,VERB,asentar él,1
0,Falsas,VERB,malvendeír,1
0,Falsas,VERB,escupir,1
0,Falsas,VERB,hooligan,1
0,Falsas,VERB,destrocir,1
0,Falsas,VERB,currar él,1
0,Falsas,VERB,vaciar,1
0,Falsas,VERB,acatar él,1
0,Falsas,VERB,quebrantar,1
0,Falsas,VERB,expulsándolo,1
0,Falsas,VERB,soñar,1
0,Falsas,VERB,involucrar él,1
0,Falsas,VERB,preparar él,1
0,Falsas,VERB,pintar,1
0,Falsas,VERB,engordar,1
0,Falsas,VERB,eaj-pnv,1
0,Falsas,VERB,efectuar,1
0,Falsas,VERB,jugábar,1
0,Falsas,VERB,digitalizacer,1
0,Falsas,VERB,desclasificar,1
0,Falsas,VERB,entrañar,1
0,Falsas,VERB,desnudir,1
0,Falsas,VERB,inscribir él,1
0,Falsas,VERB,resetear,1
0,Falsas,VERB,ofender él,1
0,Falsas,VERB,rehúsa,1
0,Falsas,VERB,respondo,1
0,Falsas,VERB,online,1
0,Falsas,VERB,sellir,1
0,Falsas,VERB,urge,1
0,Falsas,VERB,agarrir,1
0,Falsas,VERB,privatizar,1
0,Falsas,VERB,seducir,1
0,Falsas,VERB,óscar,1
0,Falsas,VERB,ceñir él,1
0,Falsas,VERB,pronunciir,1
0,Falsas,VERB,acariciar,1
0,Falsas,VERB,cohesionar,1
0,Falsas,VERB,inadmitiesar,1
0,Falsas,VERB,sanchistir,1
0,Falsas,VERB,abdicar,1
0,Falsas,VERB,cuidir,1
0,Falsas,VERB,arroje,1
0,Falsas,VERB,sucedierar,1
0,Falsas,VERB,taser,1
0,Falsas,VERB,cargar él,1
0,Falsas,VERB,instruir,1
0,Falsas,VERB,erradicar,1
0,Falsas,VERB,lavar él,1
0,Falsas,VERB,atisbar,1
0,Falsas,VERB,darir,1
0,Falsas,VERB,renegar,1
0,Falsas,VERB,demonizar él,1
0,Falsas,VERB,vincular él,1
0,Falsas,VERB,elijar,1
0,Falsas,VERB,homenajeir,1
0,Falsas,VERB,cachear,1
0,Falsas,VERB,contar él,1
0,Falsas,VERB,complementar,1
0,Falsas,VERB,renuevir,1
0,Falsas,VERB,ultima,1
0,Falsas,VERB,desertar,1
0,Falsas,VERB,eliminir,1
0,Falsas,VERB,preguntir,1
0,Falsas,VERB,enamorar,1
0,Falsas,VERB,estábamos,1
0,Falsas,VERB,dejar yo,1
0,Falsas,VERB,parapetar,1
0,Falsas,VERB,buscar él,1
0,Falsas,VERB,advierte:'puedir,1
0,Falsas,VERB,resistir él,1
0,Falsas,VERB,incapacitar,1
0,Falsas,VERB,inadmiteír,1
0,Falsas,VERB,codear,1
0,Falsas,VERB,bloqueadar,1
0,Falsas,VERB,cortocircuitar,1
0,Falsas,VERB,arrimar,1
0,Falsas,VERB,supondrir,1
0,Falsas,VERB,estuviser,1
0,Falsas,VERB,haríar,1
0,Falsas,VERB,encubrir él,1
0,Falsas,VERB,mudar él,1
0,Falsas,VERB,abanderar,1
0,Falsas,VERB,dimitirir,1
0,Falsas,VERB,arrestar,1
0,Falsas,VERB,disputar él,1
0,Falsas,VERB,despegar,1
0,Falsas,VERB,lograr él,1
0,Falsas,VERB,honrar,1
0,Falsas,VERB,rehúsar,1
0,Falsas,VERB,encauzar,1
0,Falsas,VERB,envolver,1
0,Falsas,VERB,bendecir,1
0,Falsas,VERB,bendijerar,1
0,Falsas,VERB,renunciarer,1
0,Falsas,VERB,persigar,1
0,Falsas,VERB,aferran,1
0,Falsas,VERB,estimular,1
0,Falsas,VERB,acusar él,1
0,Falsas,VERB,migrar,1
0,Falsas,VERB,participe,1
0,Falsas,VERB,navegar,1
0,Falsas,VERB,recetar,1
0,Falsas,VERB,urgir,1
0,Falsas,VERB,interfeír,1
0,Falsas,VERB,costear,1
0,Falsas,VERB,aportir,1
0,Falsas,VERB,cargárselir,1
0,Falsas,VERB,vigilarer,1
0,Falsas,VERB,desfilar,1
0,Falsas,VERB,arrinconar,1
0,Falsas,VERB,relajar,1
0,Falsas,VERB,vuelcir,1
0,Falsas,VERB,perturbar,1
0,Falsas,VERB,alejarte,1
0,Falsas,VERB,desproporcionar,1
0,Falsas,VERB,temblar,1
0,Falsas,VERB,apartar él,1
0,Falsas,VERB,resolvar,1
0,Falsas,VERB,atomizar,1
0,Falsas,VERB,inadmitir,1
0,Falsas,VERB,versar,1
0,Falsas,VERB,tuertar,1
0,Falsas,VERB,robar él,1
0,Falsas,VERB,cancelir,1
0,Falsas,VERB,querellar él,1
0,Falsas,VERB,obviir,1
0,Falsas,VERB,aforar,1
0,Falsas,VERB,medal él,1
0,Falsas,VERB,desentender él,1
0,Falsas,VERB,vender él,1
0,Falsas,VERB,abundar,1
0,Falsas,VERB,aprendar,1
0,Falsas,VERB,remodelar,1
0,Falsas,VERB,discutar,1
0,Falsas,VERB,coordinir,1
0,Falsas,VERB,rematar,1
0,Falsas,VERB,agudizar,1
0,Falsas,VERB,pillar,1
0,Falsas,VERB,legislaturar,1
0,Falsas,VERB,imperar,1
0,Falsas,VERB,reiniciar,1
0,Falsas,VERB,acelerar él,1
0,Falsas,VERB,codirigir,1
0,Falsas,VERB,afiliar,1
0,Falsas,VERB,alejar él,1
0,Falsas,VERB,acometar,1
0,Falsas,VERB,desvincular él,1
0,Falsas,VERB,colmar,1
0,Falsas,VERB,revolucionar,1
0,Falsas,VERB,rebuscar,1
0,Falsas,VERB,subordinar él,1
0,Falsas,VERB,encarrilar,1
0,Falsas,VERB,volverer,1
0,Falsas,VERB,multar,1
0,Falsas,VERB,empitonar,1
0,Falsas,VERB,publicar él,1
0,Falsas,VERB,hable,1
0,Falsas,VERB,preferíar,1
0,Falsas,VERB,paralice,1
0,Falsas,VERB,replantear,1
0,Falsas,VERB,feminismos,1
0,Falsas,VERB,revitalizar,1
0,Falsas,VERB,dotar él,1
0,Falsas,VERB,reconciliar,1
0,Falsas,VERB,desmarcir,1
0,Falsas,VERB,custodiar,1
0,Falsas,VERB,combatir él,1
0,Falsas,VERB,derrocar,1
0,Falsas,VERB,destapir,1
0,Falsas,VERB,entrevistamos,1
0,Falsas,VERB,sellar,1
0,Falsas,VERB,lidiar,1
0,Falsas,VERB,llenir,1
0,Falsas,VERB,identificar él,1
0,Falsas,VERB,acatir,1
0,Falsas,VERB,ingeniera,1
0,Falsas,VERB,puignerar,1
0,Falsas,VERB,madruguir,1
0,Falsas,VERB,intrafamiliar,1
0,Falsas,VERB,recular,1
0,Falsas,VERB,agrietir,1
0,Falsas,VERB,encastillar,1
0,Falsas,VERB,​​dondir,1
0,Falsas,VERB,anemiar,1
0,Falsas,VERB,expedientar,1
0,Falsas,VERB,reconocer él,1
0,Falsas,VERB,sensatir,1
0,Falsas,VERB,igualir,1
0,Falsas,VERB,prevaricar,1
0,Falsas,VERB,espantar,1
0,Falsas,VERB,enviarir,1
0,Falsas,VERB,contarar,1
0,Falsas,VERB,empeoran,1
0,Falsas,VERB,destacamos,1
0,Falsas,VERB,recrear,1
0,Falsas,VERB,infundir,1
0,Falsas,VERB,despister,1
0,Falsas,VERB,estancar,1
0,Falsas,VERB,romper él,1
0,Falsas,VERB,adecentar,1
0,Falsas,VERB,aplazadar,1
0,Falsas,VERB,volver él,1
0,Falsas,VERB,intentar él,1
0,Falsas,VERB,lucrar él,1
0,Falsas,VERB,vuelvan,1
0,Falsas,VERB,dimitar,1
0,Falsas,VERB,renuncie,1
0,Falsas,VERB,germinar,1
0,Falsas,VERB,alumbrar,1
0,Falsas,VERB,invadierar,1
0,Falsas,VERB,quedarir,1
0,Falsas,VERB,desliguir,1
0,Falsas,VERB,encontrarer,1
0,Falsas,VERB,disponer él,1
0,Falsas,VERB,freqüents,1
0,Falsas,VERB,presagiar,1
0,Falsas,VERB,disipar,1
0,Falsas,VERB,valgar,1
0,Falsas,VERB,enturbiar,1
0,Falsas,VERB,exigierar,1
0,Falsas,VERB,conmover,1
0,Falsas,VERB,voltear,1
0,Falsas,VERB,bienestar,1
0,Falsas,VERB,homenajear,1
0,Falsas,VERB,hooliguir,1
0,Falsas,VERB,presidentar,1
0,Falsas,VERB,recabir,1
0,Falsas,VERB,encubiertar,1
0,Falsas,VERB,absuelir,1
0,Falsas,VERB,amanuensir,1
0,Falsas,VERB,reconstruir él,1
0,Falsas,VERB,descolgar,1
0,Falsas,VERB,desvinculir,1
0,Falsas,VERB,presir,1
0,Falsas,VERB,embolsó,1
0,Falsas,VERB,intermediar,1
0,Falsas,VERB,interroguir,1
0,Falsas,VERB,exdao,1
0,Falsas,VERB,c's,1
0,Falsas,VERB,encubrir,1
0,Falsas,VERB,sketch,1
0,Falsas,VERB,compartar,1
0,Falsas,VERB,declarir,1
0,Falsas,VERB,fructíferar,1
0,Falsas,VERB,estorbar,1
0,Falsas,VERB,acortar,1
0,Falsas,VERB,proclamar él,1
0,Falsas,VERB,exonerar,1
0,Falsas,VERB,rodar él,1
0,Falsas,VERB,encausar,1
0,Falsas,VERB,enrocar,1
0,Falsas,VERB,colisionar,1
0,Falsas,VERB,refrendar,1
0,Falsas,VERB,restaurar,1
0,Falsas,VERB,pospuestar,1
0,Falsas,VERB,degustar,1
0,Falsas,VERB,auditar,1
0,Falsas,VERB,confiar él,1
0,Falsas,VERB,pescar,1
0,Falsas,VERB,legitimar,1
0,Falsas,VERB,transfeír,1
0,Falsas,VERB,durísimar,1
0,Falsas,VERB,deshacer,1
0,Falsas,VERB,sentaríar,1
0,Falsas,VERB,caer él,1
0,Falsas,VERB,silenciar,1
0,Falsas,VERB,afianzar,1
0,Falsas,VERB,desactivar,1
0,Falsas,VERB,testear,1
0,Falsas,VERB,encarnizar,1
0,Falsas,VERB,valencianar,1
0,Falsas,VERB,encarar él,1
0,Falsas,VERB,enterar,1
0,Falsas,VERB,reelegir,1
0,Falsas,VERB,conspirar,1
0,Falsas,VERB,devolverir,1
0,Falsas,VERB,imposibilitar,1
0,Falsas,VERB,estáis,1
0,Falsas,VERB,ejemplificar,1
0,Falsas,VERB,casar,1
0,Falsas,VERB,inocular,1
0,Falsas,VERB,convalir,1
0,Falsas,VERB,relevar,1
0,Falsas,VERB,deflactar,1
0,Falsas,VERB,denegar él,1
0,Falsas,VERB,precipitar,1
0,Falsas,VERB,invocar,1
0,Falsas,VERB,moderar,1
0,Falsas,VERB,populistar,1
0,Falsas,VERB,mimar,1
0,Falsas,VERB,continúir,1
0,Falsas,VERB,atascar,1
0,Falsas,VERB,piser,1
0,Falsas,VERB,adolecir,1
0,Falsas,VERB,empujar,1
0,Falsas,VERB,resignamos,1
0,Falsas,VERB,coticir,1
0,Falsas,VERB,afilar,1
0,Falsas,VERB,adentrar él,1
0,Falsas,VERB,consentir,1
0,Falsas,VERB,blandir,1
0,Falsas,VERB,iniciatiir,1
0,Falsas,VERB,suministrar,1
0,Falsas,VERB,penetrar,1
0,Falsas,VERB,desplazamientir,1
0,Falsas,VERB,arenga,1
0,Falsas,VERB,conseguir él,1
0,Falsas,VERB,integrarir,1
0,Falsas,VERB,pecar,1
0,Falsas,VERB,palmear,1
0,Falsas,VERB,hipotecar él,1
0,Falsas,VERB,batallar,1
0,Falsas,VERB,aplacar,1
0,Falsas,VERB,ingresarar,1
0,Falsas,VERB,consumar,1
0,Falsas,VERB,homogeneizar,1
0,Falsas,VERB,aceptarer,1
0,Falsas,VERB,repercutiriar,1
0,Falsas,VERB,postulacer,1
0,Falsas,VERB,descubrir él,1
0,Falsas,VERB,conjuran,1
0,Falsas,VERB,elevar él,1
0,Falsas,VERB,devenir,1
0,Falsas,VERB,aportasar,1
0,Falsas,VERB,enredar,1
0,Falsas,VERB,predicar,1
0,Falsas,VERB,procese,1
0,Falsas,VERB,claudicar,1
0,Falsas,VERB,dirijar,1
0,Falsas,VERB,envalentonar,1
0,Falsas,VERB,avecinar,1
0,Falsas,VERB,incomodir,1
0,Falsas,VERB,sobrevive,1
0,Falsas,VERB,fracar,1
0,Falsas,VERB,irritar,1
0,Falsas,VERB,torpedeir,1
0,Falsas,VERB,cuadruplicar,1
0,Falsas,VERB,detrair,1
0,Falsas,VERB,conmemoran,1
0,Falsas,VERB,atiendar,1
0,Falsas,VERB,desbloqueir,1
0,Falsas,VERB,emular,1
0,Falsas,VERB,incoan,1
0,Falsas,VERB,calir,1
0,Falsas,VERB,exonera,1
0,Falsas,VERB,purgar,1
0,Falsas,VERB,complacer él,1
0,Falsas,VERB,lograrir,1
0,Falsas,VERB,impartir,1
0,Falsas,VERB,encantar,1
0,Falsas,VERB,recomponer,1
0,Falsas,VERB,reforzar él,1
0,Falsas,VERB,alabar,1
0,Falsas,VERB,lima,1
0,Falsas,VERB,escapar,1
0,Falsas,VERB,resucitar,1
0,Falsas,VERB,reintegrar,1
0,Falsas,VERB,carnívorar,1
0,Falsas,VERB,nutrir,1
0,Falsas,VERB,pusierir,1
0,Falsas,VERB,redoblar,1
0,Falsas,VERB,llamar él,1
0,Falsas,VERB,incriminar,1
0,Falsas,VERB,cuantificar,1
0,Falsas,VERB,tendríar,1
0,Falsas,VERB,descomponer,1
0,Falsas,VERB,capitanear,1
0,Falsas,VERB,reconducir,1
0,Falsas,VERB,giran,1
0,Falsas,VERB,reescribir,1
0,Falsas,VERB,suavizar,1
0,Falsas,VERB,reforme,1
0,Falsas,VERB,trass,1
0,Falsas,VERB,hazteoir,1
0,Falsas,VERB,acercar él,1
0,Falsas,VERB,diluir,1
0,Falsas,VERB,eximir él,1
0,Falsas,VERB,injureír,1
0,Falsas,VERB,acompasir,1
0,Falsas,VERB,ubicar él,1
0,Falsas,VERB,deparar,1
0,Falsas,VERB,delito,1
0,Falsas,VERB,acomplejar él,1
0,Falsas,VERB,revisar él,1
0,Falsas,VERB,encarcelar,1
0,Falsas,VERB,perfil,1
0,Falsas,VERB,adjudicarar,1
0,Falsas,VERB,disfrazar,1
0,Falsas,VERB,tantear,1
0,Falsas,VERB,clientelismos,1
0,Falsas,VERB,comprometer él,1
0,Falsas,VERB,considerer,1
0,Falsas,VERB,instir,1
0,Falsas,VERB,escucharar,1
0,Falsas,VERB,configurar él,1
0,Falsas,VERB,regalar él,1
0,Falsas,VERB,excusar él,1
0,Falsas,VERB,contentar,1
0,Falsas,VERB,subrayan,1
0,Falsas,VERB,ejercer él,1
0,Falsas,VERB,subir él,1
0,Falsas,VERB,atrevir,1
0,Falsas,VERB,nieguir,1
0,Falsas,VERB,caducar,1
0,Falsas,VERB,renovar él,1
0,Falsas,VERB,estuvir,1
0,Falsas,VERB,ocupar él,1
0,Falsas,VERB,tributar,1
0,Falsas,VERB,abrochaber,1
0,Falsas,VERB,aplicar él él,1
0,Falsas,VERB,asolan,1
0,Falsas,VERB,acobardar,1
0,Falsas,VERB,acomplejar,1
0,Falsas,VERB,recaar,1
0,Falsas,VERB,blindar él,1
0,Falsas,VERB,dejarir,1
0,Falsas,VERB,garantizo,1
0,Falsas,VERB,girar,1
0,Falsas,VERB,denunciar él,1
0,Falsas,VERB,fiar,1
0,Falsas,VERB,caracterizar,1
0,Falsas,VERB,reviertar,1
0,Falsas,VERB,repruebir,1
0,Falsas,VERB,despejar,1
0,Falsas,VERB,forjó,1
0,Falsas,VERB,lanzar él,1
0,Falsas,VERB,reprendir,1
0,Falsas,VERB,expresar él,1
0,Falsas,VERB,perder él,1
0,Falsas,VERB,entregar él,1
0,Falsas,VERB,sopesar,1
0,Falsas,VERB,contribuyan,1
0,Falsas,VERB,inventar él,1
0,Falsas,VERB,prematurar,1
0,Falsas,VERB,relacionir,1
0,Falsas,VERB,desconcertar,1
0,Falsas,VERB,devienar,1
0,Falsas,VERB,compitar,1
0,Falsas,VERB,indignar,1
0,Falsas,VERB,socorrer él,1
0,Falsas,VERB,encomiendir,1
0,Falsas,VERB,palir,1
0,Falsas,VERB,recluir,1
0,Falsas,VERB,bromear,1
0,Falsas,VERB,desalentacer,1
0,Falsas,VERB,secundar,1
0,Falsas,VERB,estigmatizar,1
0,Falsas,VERB,unar,1
0,Falsas,VERB,arguir,1
0,Falsas,VERB,oír,1
0,Falsas,VERB,hayar,1
0,Falsas,VERB,recalificar,1
0,Falsas,VERB,apear,1
0,Falsas,VERB,reprender él,1
0,Falsas,VERB,acallar,1
0,Falsas,VERB,ir él,1
0,Falsas,VERB,adjudicar él,1
0,Falsas,VERB,escarbar,1
0,Falsas,VERB,atacar yo,1
0,Falsas,VERB,typo,1
0,Falsas,VERB,revisamos,1
0,Falsas,VERB,desoir,1
0,Falsas,VERB,archivar él,1
0,Falsas,VERB,realizarir,1
0,Falsas,VERB,mandir,1
0,Falsas,VERB,fakir,1
0,Falsas,VERB,verificir,1
0,Falsas,VERB,modificar él,1
0,Falsas,VERB,analizamos,1
0,Falsas,VERB,independizar él,1
0,Falsas,VERB,cuadruplicir,1
0,Falsas,VERB,suicidar,1
0,Falsas,VERB,frenar él,1
0,Falsas,VERB,rugir,1
0,Falsas,VERB,ascenderiar,1
0,Falsas,VERB,privar,1
0,Falsas,VERB,justificar él,1
0,Falsas,VERB,expropiasar,1
0,Falsas,VERB,tomarir,1
0,Falsas,VERB,resurgir,1
0,Falsas,VERB,creéis,1
0,Falsas,VERB,viralizar él,1
0,Falsas,VERB,verificar él,1
0,Falsas,VERB,matizar él,1
0,Falsas,VERB,metar,1
0,Falsas,VERB,soneer,1
0,Falsas,VERB,desalojó,1
0,Falsas,VERB,repetir él,1
0,Falsas,VERB,subrogar,1
0,Falsas,VERB,eximía,1
0,Falsas,VERB,desahuciar,1
0,Falsas,VERB,constatar él,1
0,Falsas,VERB,formar él,1
0,Falsas,VERB,alimentir,1
0,Falsas,VERB,polarizar,1
0,Falsas,VERB,subes,1
0,Falsas,VERB,desentrañar,1
0,Falsas,VERB,expandeir él,1
0,Falsas,VERB,expandeir,1
0,Falsas,VERB,inflar,1
0,Falsas,VERB,desees,1
0,Falsas,VERB,ocurrar,1
0,Falsas,VERB,rastrear,1
0,Falsas,VERB,corregir él,1
0,Falsas,VERB,asociar,1
0,Falsas,VERB,acorralar él,1
0,Falsas,VERB,notar,1
0,Falsas,VERB,aferrar él,1
0,Falsas,VERB,atasca,1
0,Falsas,VERB,hablarer,1
0,Falsas,VERB,disculpar,1
0,Falsas,VERB,culpó,1
0,Falsas,VERB,vinculándolo,1
0,Falsas,VERB,corrigierar,1
0,Falsas,VERB,mir,1
0,Falsas,VERB,agregan,1
0,Falsas,VERB,intermediación,1
0,Falsas,VERB,edmundo,1
0,Falsas,VERB,enjuiciar él,1
0,Falsas,VERB,concienciar,1
0,Falsas,VERB,expulsar él,1
0,Falsas,VERB,comportar él,1
0,Falsas,VERB,sobrepasar,1
0,Falsas,VERB,copar,1
0,Falsas,VERB,corrar,1
0,Falsas,VERB,quintar,1
0,Falsas,VERB,redondear,1
0,Falsas,VERB,amedrentar,1
0,Falsas,VERB,asustar,1
0,Falsas,VERB,descontar,1
0,Falsas,VERB,gravar,1
0,Falsas,VERB,ostentar,1
0,Falsas,VERB,monitoricer,1
0,Falsas,VERB,persistar,1
0,Falsas,VERB,iniceír,1
0,Falsas,VERB,parecer él,1
0,Falsas,VERB,prevalezcar,1
0,Falsas,VERB,percir,1
0,Falsas,VERB,explicarir,1
0,Falsas,VERB,bonificar,1
0,Falsas,VERB,simplificar,1
0,Falsas,VERB,respetar él,1
0,Falsas,VERB,completar él,1
0,Falsas,VERB,2024/1259,1
0,Falsas,VERB,contemplir,1
0,Falsas,VERB,seguir él,1
0,Falsas,VERB,envíeme,1
0,Falsas,VERB,facilite,1
0,Falsas,VERB,liberalizar,1
0,Falsas,VERB,rigen,1
0,Falsas,VERB,pernoctar,1
0,Falsas,VERB,higienir,1
0,Falsas,VERB,readmitir,1
0,Falsas,VERB,retornir,1
0,Falsas,VERB,dependar,1
0,Falsas,VERB,deambular,1
0,Falsas,VERB,preparándose,1
0,Falsas,VERB,influencer,1
0,Falsas,VERB,env,1
0,Falsas,VERB,almacenar,1
0,Falsas,VERB,activar él,1
0,Falsas,VERB,cuidadir,1
0,Falsas,VERB,visualizar,1
0,Falsas,VERB,extorsionar él,1
0,Falsas,VERB,exigir él,1
0,Falsas,VERB,reportar él,1
0,Falsas,VERB,hayas,1
0,Falsas,VERB,escoger,1
0,Falsas,VERB,divorciar él,1
0,Falsas,VERB,percibirir,1
0,Falsas,VERB,cuantir,1
0,Falsas,VERB,ratificarir,1
0,Falsas,VERB,radicar,1
0,Falsas,VERB,atendierar,1
0,Falsas,VERB,ateir,1
0,Falsas,VERB,disfrutir,1
0,Falsas,VERB,concurrar,1
0,Falsas,VERB,acuerdir,1
0,Falsas,VERB,conmutar,1
0,Falsas,VERB,asignándolir,1
0,Falsas,VERB,decrecir,1
0,Falsas,VERB,extrapolar él,1
0,Falsas,VERB,comparar él,1
0,Falsas,VERB,capturar,1
0,Falsas,VERB,enlazar,1
0,Falsas,VERB,administrar,1
0,Falsas,VERB,suministran,1
0,Falsas,VERB,leer él,1
0,Falsas,VERB,dretar,1
0,Falsas,VERB,congregar,1
0,Falsas,VERB,resultarir,1
0,Falsas,VERB,programar,1
0,Falsas,VERB,secar,1
0,Falsas,VERB,trasplantar,1
0,Falsas,VERB,amar,1
0,Falsas,VERB,digan,1
0,Falsas,VERB,co él,1
0,Falsas,VERB,filiar,1
0,Falsas,VERB,evalúir,1
0,Falsas,VERB,parar él,1
0,Falsas,VERB,indicándolser,1
0,Falsas,VERB,verificamos,1
0,Falsas,VERB,sobresalir,1
0,Falsas,VERB,andar,1
0,Falsas,VERB,guiar,1
0,Falsas,VERB,procediesar,1
0,Falsas,VERB,colindar,1
0,Falsas,VERB,concluímos,1
0,Falsas,VERB,cotejar,1
0,Falsas,VERB,acreditar él,1
0,Falsas,VERB,ostentir,1
0,Falsas,VERB,abonar él,1
0,Falsas,VERB,autoricir,1
0,Falsas,VERB,desinstalar,1
0,Falsas,VERB,orquestar,1
0,Falsas,VERB,desproteger,1
0,Falsas,VERB,exculpe,1
0,Falsas,VERB,asegurar él,1
0,Falsas,VERB,compruebir,1
0,Falsas,VERB,quincenar,1
0,Falsas,VERB,desempeñar,1
0,Falsas,VERB,desconocer él,1
0,Falsas,VERB,hicierir,1
0,Falsas,VERB,1:25:27,1
0,Falsas,VERB,desglosar,1
0,Falsas,VERB,colindir,1
0,Falsas,VERB,convergir,1
0,Falsas,VERB,convocar él,1
0,Falsas,VERB,llama,1
0,Falsas,VERB,transcurrir,1
0,Falsas,VERB,plantar él,1
0,Falsas,VERB,modera,1
0,Falsas,VERB,enmarcir,1
0,Falsas,VERB,liberar,1
0,Falsas,VERB,compartir él,1
0,Falsas,VERB,pusierar,1
0,Falsas,VERB,mentar,1
0,Falsas,VERB,embarrar,1
0,Falsas,VERB,pic.twitter.com/ti98y9xop9,1
0,Falsas,VERB,hágar,1
0,Falsas,VERB,image,1
0,Falsas,VERB,cameron,1
0,Falsas,VERB,mostraríir,1
0,Falsas,VERB,glaciar,1
0,Falsas,VERB,examinar él,1
0,Falsas,VERB,examinartir,1
0,Falsas,VERB,rece él,1
0,Falsas,VERB,eliminar él,1
0,Falsas,VERB,realice,1
0,Falsas,VERB,reclutar,1
0,Falsas,VERB,primar,1
0,Falsas,VERB,oer,1
0,Falsas,VERB,recar,1
0,Falsas,VERB,repatriar él,1
0,Falsas,VERB,acordar él,1
0,Falsas,VERB,descontar él,1
0,Falsas,VERB,socorreír,1
0,Falsas,VERB,lucrar,1
0,Falsas,VERB,traficar,1
0,Falsas,VERB,presenciar,1
0,Falsas,VERB,avistar,1
0,Falsas,VERB,cataloguir,1
0,Falsas,VERB,mencionir,1
0,Falsas,VERB,reestructurar,1
0,Falsas,VERB,trasponir,1
0,Falsas,VERB,vacunar él,1
0,Falsas,VERB,determine,1
0,Falsas,VERB,malvar,1
0,Falsas,VERB,acabir,1
0,Falsas,VERB,sismos,1
0,Falsas,VERB,volcánicar,1
0,Falsas,VERB,incluyerar,1
0,Falsas,VERB,reprimeir,1
0,Falsas,VERB,admitar,1
0,Falsas,VERB,aferramos,1
0,Falsas,VERB,asemejar,1
0,Falsas,VERB,recogar,1
0,Falsas,VERB,deportar él,1
0,Falsas,VERB,corroborar,1
0,Falsas,VERB,asistirir,1
0,Falsas,VERB,mire,1
0,Falsas,VERB,fiar él,1
0,Falsas,VERB,repartar,1
0,Falsas,VERB,deje,1
0,Falsas,VERB,estornudar,1
0,Falsas,VERB,amarillentar,1
0,Falsas,VERB,ceda,1
0,Falsas,VERB,sonificar él,1
0,Falsas,VERB,sabes,1
0,Falsas,VERB,pic.twitter.com/osqacqlhqd,1
0,Falsas,VERB,atenuar,1
0,Falsas,VERB,ralentizar,1
0,Falsas,VERB,oscurecer,1
0,Falsas,VERB,agachar,1
0,Falsas,VERB,balanceir,1
0,Falsas,VERB,sobredimensionar,1
0,Falsas,VERB,entorpecer,1
0,Falsas,VERB,viralicir,1
0,Falsas,VERB,anticipar él,1
0,Falsas,VERB,homologadar,1
0,Falsas,VERB,adquirir él,1
0,Falsas,VERB,promocionir,1
0,Falsas,VERB,redirigen,1
0,Falsas,VERB,reintroducir,1
0,Falsas,VERB,salvaguardar,1
0,Falsas,VERB,restablecerir,1
0,Falsas,VERB,represaliar,1
0,Falsas,VERB,prorrogar él,1
0,Falsas,VERB,desaparezcar,1
0,Falsas,VERB,motivar,1
0,Falsas,VERB,redirigir,1
0,Falsas,VERB,recolectar,1
0,Falsas,VERB,entré,1
0,Falsas,VERB,caístir,1
0,Falsas,VERB,requeer,1
0,Falsas,VERB,ayuso,1
0,Falsas,VERB,arrendar,1
0,Falsas,VERB,incentivar,1
0,Falsas,VERB,sustentir,1
0,Falsas,VERB,cierre,1
0,Falsas,VERB,uniformes,1
0,Falsas,VERB,militarizar,1
0,Falsas,VERB,externalizar,1
0,Falsas,VERB,telar,1
0,Falsas,VERB,localizar él,1
0,Falsas,VERB,acordonar,1
0,Falsas,VERB,descolonizar,1
0,Falsas,VERB,preguntar yo,1
0,Falsas,VERB,olvidamos,1
0,Falsas,VERB,postear,1
0,Falsas,VERB,desparecir,1
0,Falsas,VERB,volviar,1
0,Falsas,VERB,oir,1
0,Falsas,VERB,increparar,1
0,Falsas,VERB,adjuntir,1
0,Falsas,VERB,sujetar,1
0,Falsas,VERB,rol él,1
0,Falsas,VERB,beber,1
0,Falsas,VERB,ondear,1
0,Falsas,VERB,alojar él,1
0,Falsas,VERB,mostrarir,1
0,Falsas,VERB,sustituir él,1
0,Falsas,VERB,corresponderir,1
0,Falsas,VERB,tambalear él,1
0,Falsas,VERB,mostrariar,1
0,Falsas,VERB,devolverer,1
0,Falsas,VERB,cediendo él,1
0,Falsas,VERB,colonizadorar,1
0,Falsas,VERB,an,1
0,Falsas,VERB,over,1
0,Falsas,VERB,immigration,1
0,Falsas,VERB,explained,1
0,Falsas,VERB,agreguir,1
0,Falsas,VERB,inviertar,1
0,Falsas,VERB,explicitar,1
0,Falsas,VERB,invierte,1
0,Falsas,VERB,desarollar,1
0,Falsas,VERB,superponer,1
0,Falsas,VERB,descontextualizar,1
0,Falsas,VERB,apresurar,1
0,Falsas,VERB,ayudarar,1
0,Falsas,VERB,extiendar,1
0,Falsas,VERB,comercializar,1
0,Falsas,VERB,placar,1
0,Falsas,VERB,corrección,1
0,Falsas,VERB,exponíar,1
0,Falsas,VERB,comprobamos,1
0,Falsas,VERB,adscritar,1
0,Falsas,VERB,deformar,1
0,Falsas,VERB,distorsionar,1
0,Falsas,VERB,difund,1
0,Falsas,VERB,campeonar,1
0,Falsas,VERB,manejar él,1
0,Falsas,VERB,teledirigir,1
0,Falsas,VERB,saludar,1
0,Falsas,VERB,lancir,1
0,Falsas,VERB,olvidir,1
0,Falsas,VERB,exaltar,1
0,Falsas,VERB,resignificar,1
0,Falsas,VERB,resignificar él,1
0,Falsas,VERB,resignificir,1
0,Falsas,VERB,ajustar él,1
0,Falsas,VERB,aclaran,1
0,Falsas,VERB,veranear,1
0,Falsas,VERB,dedicar él,1
0,Falsas,VERB,grúas,1
0,Falsas,VERB,viertar,1
0,Falsas,VERB,pertenecerir,1
0,Falsas,VERB,fluctuar,1
0,Falsas,VERB,echar él,1
0,Falsas,VERB,inclusivir,1
0,Falsas,VERB,contábir,1
0,Falsas,VERB,precisen,1
0,Falsas,VERB,cuestionar él,1
0,Falsas,VERB,exceder,1
0,Falsas,VERB,desvirtuar,1
0,Falsas,VERB,establecer él,1
0,Falsas,VERB,tramitir,1
0,Falsas,VERB,glosar,1
0,Falsas,VERB,distraer,1
0,Falsas,VERB,prometer él,1
0,Falsas,VERB,prolongar él,1
0,Falsas,VERB,percatir,1
0,Falsas,VERB,elaboran,1
0,Falsas,VERB,cerciorar él,1
0,Falsas,VERB,festejar,1
0,Falsas,VERB,adecuar,1
0,Falsas,VERB,impedir él,1
0,Falsas,VERB,pacensir,1
0,Falsas,VERB,desear él,1
0,Falsas,VERB,sabotear él,1
0,Falsas,VERB,extingar,1
0,Falsas,VERB,suspender él,1
0,Falsas,VERB,judicializar,1
0,Falsas,VERB,licitar,1
0,Falsas,VERB,transfierar,1
0,Falsas,VERB,tipificar,1
0,Falsas,VERB,refierar,1
0,Falsas,VERB,conllevir,1
0,Falsas,VERB,aportar él,1
0,Falsas,VERB,requeír,1
0,Falsas,VERB,acreditasar,1
0,Falsas,VERB,puntuar,1
0,Falsas,VERB,beneficien,1
0,Falsas,VERB,condensar,1
0,Falsas,VERB,predominar,1
0,Falsas,VERB,inhibir,1
0,Falsas,VERB,usar él,1
0,Falsas,VERB,reconozar,1
0,Falsas,VERB,bajamos,1
0,Falsas,VERB,recibir él,1
0,Falsas,VERB,duplicar él,1
0,Falsas,VERB,intencionar,1
0,Falsas,VERB,calcinar,1
0,Falsas,VERB,relativicir,1
0,Falsas,VERB,limpien,1
0,Falsas,VERB,penalizar,1
0,Falsas,VERB,adoptar él,1
0,Falsas,VERB,avancir,1
0,Falsas,VERB,citir,1
0,Falsas,VERB,englor,1
0,Falsas,VERB,utilicen,1
0,Falsas,VERB,eurocámar,1
0,Falsas,VERB,rechazar él,1
0,Falsas,VERB,escanear,1
0,Falsas,VERB,obstaculizar,1
0,Falsas,VERB,altercar,1
0,Falsas,VERB,alistar,1
0,Falsas,VERB,habitar,1
0,Falsas,VERB,colonizar,1
0,Falsas,VERB,cicatrizar,1
0,Falsas,VERB,acud,1
0,Falsas,VERB,meter él,1
0,Falsas,VERB,computar,1
0,Falsas,VERB,demonicir,1
0,Falsas,VERB,abordar él,1
0,Falsas,VERB,expedir,1
0,Falsas,VERB,aterrizar,1
0,Falsas,VERB,venir él,1
0,Falsas,VERB,sobreponer,1
0,Falsas,VERB,jugarir,1
0,Falsas,VERB,infiltrar,1
0,Falsas,VERB,trolear,1
0,Falsas,ADJ,nuevo,358
0,Falsas,ADJ,social,337
0,Falsas,ADJ,político,248
0,Falsas,ADJ,primero,247
0,Falsas,ADJ,español,220
0,Falsas,ADJ,público,208
0,Falsas,ADJ,último,196
0,Falsas,ADJ,general,172
0,Falsas,ADJ,viral,133
0,Falsas,ADJ,electoral,132
0,Falsas,ADJ,recomendado,131
0,Falsas,ADJ,falso,126
0,Falsas,ADJ,menor,125
0,Falsas,ADJ,supuesto,122
0,Falsas,ADJ,próximo,116
0,Falsas,ADJ,junto,110
0,Falsas,ADJ,autonómico,106
0,Falsas,ADJ,autónomo,106
0,Falsas,ADJ,económico,104
0,Falsas,ADJ,marroquí,103
0,Falsas,ADJ,pasado,102
0,Falsas,ADJ,actual,101
0,Falsas,ADJ,posible,96
0,Falsas,ADJ,segundo,92
0,Falsas,ADJ,parlamentario,89
0,Falsas,ADJ,oficial,88
0,Falsas,ADJ,gran,86
0,Falsas,ADJ,europeo,84
0,Falsas,ADJ,principal,83
0,Falsas,ADJ,mayor,83
0,Falsas,ADJ,único,82
0,Falsas,ADJ,migratorio,82
0,Falsas,ADJ,nacional,81
0,Falsas,ADJ,masivo,81
0,Falsas,ADJ,socialista,78
0,Falsas,ADJ,fiscal,78
0,Falsas,ADJ,real,78
0,Falsas,ADJ,alto,77
0,Falsas,ADJ,catalán,77
0,Falsas,ADJ,madrileño,77
0,Falsas,ADJ,laboral,73
0,Falsas,ADJ,presunto,70
0,Falsas,ADJ,municipal,69
0,Falsas,ADJ,morado,67
0,Falsas,ADJ,andaluz,64
0,Falsas,ADJ,publicado,64
0,Falsas,ADJ,necesario,61
0,Falsas,ADJ,dicho,57
0,Falsas,ADJ,sanitario,56
0,Falsas,ADJ,previsto,55
0,Falsas,ADJ,judicial,55
0,Falsas,ADJ,histórico,53
0,Falsas,ADJ,importante,53
0,Falsas,ADJ,grande,53
0,Falsas,ADJ,generado,51
0,Falsas,ADJ,solo,50
0,Falsas,ADJ,internacional,49
0,Falsas,ADJ,relacionado,49
0,Falsas,ADJ,popular,48
0,Falsas,ADJ,interno,47
0,Falsas,ADJ,extremo,47
0,Falsas,ADJ,propio,47
0,Falsas,ADJ,concreto,47
0,Falsas,ADJ,anterior,47
0,Falsas,ADJ,franquista,45
0,Falsas,ADJ,personal,45
0,Falsas,ADJ,abierto,44
0,Falsas,ADJ,común,44
0,Falsas,ADJ,antiguo,44
0,Falsas,ADJ,ilegal,43
0,Falsas,ADJ,independentista,42
0,Falsas,ADJ,artificial,42
0,Falsas,ADJ,climático,41
0,Falsas,ADJ,forestal,41
0,Falsas,ADJ,absoluto,40
0,Falsas,ADJ,jurídico,40
0,Falsas,ADJ,grave,40
0,Falsas,ADJ,buen,40
0,Falsas,ADJ,llamado,40
0,Falsas,ADJ,educativo,39
0,Falsas,ADJ,policial,39
0,Falsas,ADJ,legal,38
0,Falsas,ADJ,territorial,38
0,Falsas,ADJ,mejor,37
0,Falsas,ADJ,extranjero,37
0,Falsas,ADJ,regional,36
0,Falsas,ADJ,total,36
0,Falsas,ADJ,conservador,35
0,Falsas,ADJ,local,35
0,Falsas,ADJ,aprobado,35
0,Falsas,ADJ,diferente,35
0,Falsas,ADJ,ex,34
0,Falsas,ADJ,eléctrico,34
0,Falsas,ADJ,similar,34
0,Falsas,ADJ,política,33
0,Falsas,ADJ,emérito,33
0,Falsas,ADJ,conocido,33
0,Falsas,ADJ,previo,33
0,Falsas,ADJ,siguiente,33
0,Falsas,ADJ,afectado,32
0,Falsas,ADJ,máximo,32
0,Falsas,ADJ,claro,32
0,Falsas,ADJ,técnico,31
0,Falsas,ADJ,irregular,31
0,Falsas,ADJ,cierto,31
0,Falsas,ADJ,privado,30
0,Falsas,ADJ,particular,29
0,Falsas,ADJ,pleno,29
0,Falsas,ADJ,progresista,29
0,Falsas,ADJ,reciente,29
0,Falsas,ADJ,familiar,29
0,Falsas,ADJ,bancario,29
0,Falsas,ADJ,engañoso,29
0,Falsas,ADJ,migrant,29
0,Falsas,ADJ,estatal,28
0,Falsas,ADJ,presentado,28
0,Falsas,ADJ,ultraderechista,28
0,Falsas,ADJ,seguro,28
0,Falsas,ADJ,fuerte,27
0,Falsas,ADJ,procés,27
0,Falsas,ADJ,institucional,27
0,Falsas,ADJ,extraordinario,27
0,Falsas,ADJ,determinado,27
0,Falsas,ADJ,inmediato,27
0,Falsas,ADJ,acompañado,27
0,Falsas,ADJ,apunte,27
0,Falsas,ADJ,disponible,27
0,Falsas,ADJ,hecho,26
0,Falsas,ADJ,iniciativo,25
0,Falsas,ADJ,tercero,25
0,Falsas,ADJ,militar,25
0,Falsas,ADJ,duro,25
0,Falsas,ADJ,debido,25
0,Falsas,ADJ,médico,25
0,Falsas,ADJ,difundido,25
0,Falsas,ADJ,registrado,25
0,Falsas,ADJ,legítimo,24
0,Falsas,ADJ,imputado,24
0,Falsas,ADJ,digital,24
0,Falsas,ADJ,mínimo,24
0,Falsas,ADJ,democrático,24
0,Falsas,ADJ,destinado,24
0,Falsas,ADJ,habitual,24
0,Falsas,ADJ,nacido,24
0,Falsas,ADJ,administrativo,23
0,Falsas,ADJ,ocurrido,23
0,Falsas,ADJ,final,23
0,Falsas,ADJ,fronterizo,23
0,Falsas,ADJ,sexual,22
0,Falsas,ADJ,especial,22
0,Falsas,ADJ,civil,22
0,Falsas,ADJ,penal,22
0,Falsas,ADJ,temporal,22
0,Falsas,ADJ,directo,22
0,Falsas,ADJ,fundamental,22
0,Falsas,ADJ,pequeño,22
0,Falsas,ADJ,gallego,21
0,Falsas,ADJ,financiero,21
0,Falsas,ADJ,vasco,21
0,Falsas,ADJ,suficiente,21
0,Falsas,ADJ,amplio,21
0,Falsas,ADJ,superior,21
0,Falsas,ADJ,inmigrante,21
0,Falsas,ADJ,específico,20
0,Falsas,ADJ,ciudadano,20
0,Falsas,ADJ,libre,20
0,Falsas,ADJ,republicano,20
0,Falsas,ADJ,posterior,20
0,Falsas,ADJ,cercano,20
0,Falsas,ADJ,acusado,20
0,Falsas,ADJ,activo,20
0,Falsas,ADJ,marcado,20
0,Falsas,ADJ,bajo,20
0,Falsas,ADJ,urgente,20
0,Falsas,ADJ,tercer,20
0,Falsas,ADJ,procedente,20
0,Falsas,ADJ,manipulado,20
0,Falsas,ADJ,largo,19
0,Falsas,ADJ,completo,19
0,Falsas,ADJ,numeroso,19
0,Falsas,ADJ,obligado,19
0,Falsas,ADJ,intenso,19
0,Falsas,ADJ,pendiente,19
0,Falsas,ADJ,feminista,18
0,Falsas,ADJ,constitucional,18
0,Falsas,ADJ,central,18
0,Falsas,ADJ,parcial,18
0,Falsas,ADJ,difícil,18
0,Falsas,ADJ,vinculado,18
0,Falsas,ADJ,positivo,18
0,Falsas,ADJ,futuro,18
0,Falsas,ADJ,atribuido,18
0,Falsas,ADJ,cuidado,18
0,Falsas,ADJ,compartido,18
0,Falsas,ADJ,oral,17
0,Falsas,ADJ,mismo,17
0,Falsas,ADJ,confederal,17
0,Falsas,ADJ,criminal,17
0,Falsas,ADJ,legislativo,17
0,Falsas,ADJ,distinto,17
0,Falsas,ADJ,machista,17
0,Falsas,ADJ,individual,17
0,Falsas,ADJ,realizado,17
0,Falsas,ADJ,consultado,17
0,Falsas,ADJ,grabado,17
0,Falsas,ADJ,cuarto,16
0,Falsas,ADJ,anual,16
0,Falsas,ADJ,dispuesto,16
0,Falsas,ADJ,energético,16
0,Falsas,ADJ,correspondiente,16
0,Falsas,ADJ,cerrado,16
0,Falsas,ADJ,votado,16
0,Falsas,ADJ,peor,16
0,Falsas,ADJ,británico,16
0,Falsas,ADJ,definitivo,16
0,Falsas,ADJ,valenciano,15
0,Falsas,ADJ,dirigido,15
0,Falsas,ADJ,ideológico,15
0,Falsas,ADJ,incluido,15
0,Falsas,ADJ,francés,15
0,Falsas,ADJ,polémico,15
0,Falsas,ADJ,obligatorio,15
0,Falsas,ADJ,citado,15
0,Falsas,ADJ,relativo,15
0,Falsas,ADJ,útil,15
0,Falsas,ADJ,permanente,15
0,Falsas,ADJ,contrario,15
0,Falsas,ADJ,fraudulento,15
0,Falsas,ADJ,denominado,15
0,Falsas,ADJ,solar,15
0,Falsas,ADJ,elegido,14
0,Falsas,ADJ,investigado,14
0,Falsas,ADJ,presupuestario,14
0,Falsas,ADJ,crítico,14
0,Falsas,ADJ,encargado,14
0,Falsas,ADJ,detenido,14
0,Falsas,ADJ,adicional,14
0,Falsas,ADJ,independiente,14
0,Falsas,ADJ,situado,14
0,Falsas,ADJ,fallecido,14
0,Falsas,ADJ,africano,14
0,Falsas,ADJ,vigente,14
0,Falsas,ADJ,argentino,14
0,Falsas,ADJ,sacado,14
0,Falsas,ADJ,científico,14
0,Falsas,ADJ,profundo,13
0,Falsas,ADJ,mediático,13
0,Falsas,ADJ,conjunto,13
0,Falsas,ADJ,favorable,13
0,Falsas,ADJ,puesto,13
0,Falsas,ADJ,aplicable,13
0,Falsas,ADJ,capaz,13
0,Falsas,ADJ,procesado,13
0,Falsas,ADJ,telefónico,13
0,Falsas,ADJ,electrónico,13
0,Falsas,ADJ,global,13
0,Falsas,ADJ,deportivo,13
0,Falsas,ADJ,voluntario,13
0,Falsas,ADJ,significativo,13
0,Falsas,ADJ,vecino,13
0,Falsas,ADJ,automático,13
0,Falsas,ADJ,inverso,13
0,Falsas,ADJ,argelino,13
0,Falsas,ADJ,organizado,12
0,Falsas,ADJ,centrado,12
0,Falsas,ADJ,especializado,12
0,Falsas,ADJ,solitario,12
0,Falsas,ADJ,presente,12
0,Falsas,ADJ,malo,12
0,Falsas,ADJ,negro,12
0,Falsas,ADJ,convocado,12
0,Falsas,ADJ,comunitario,12
0,Falsas,ADJ,humanitario,12
0,Falsas,ADJ,utilizado,12
0,Falsas,ADJ,móvil,12
0,Falsas,ADJ,justificado,12
0,Falsas,ADJ,frecuente,12
0,Falsas,ADJ,estadounidense,12
0,Falsas,ADJ,liderado,11
0,Falsas,ADJ,condenado,11
0,Falsas,ADJ,derecho,11
0,Falsas,ADJ,jubilado,11
0,Falsas,ADJ,inconstitucional,11
0,Falsas,ADJ,propuesto,11
0,Falsas,ADJ,verde,11
0,Falsas,ADJ,alternativo,11
0,Falsas,ADJ,separado,11
0,Falsas,ADJ,implicado,11
0,Falsas,ADJ,desconocido,11
0,Falsas,ADJ,anunciado,11
0,Falsas,ADJ,otro,11
0,Falsas,ADJ,original,11
0,Falsas,ADJ,web,11
0,Falsas,ADJ,radical,10
0,Falsas,ADJ,firmado,10
0,Falsas,ADJ,coordinado,10
0,Falsas,ADJ,exclusivo,10
0,Falsas,ADJ,efectivo,10
0,Falsas,ADJ,informático,10
0,Falsas,ADJ,complejo,10
0,Falsas,ADJ,alejado,10
0,Falsas,ADJ,rojo,10
0,Falsas,ADJ,basado,10
0,Falsas,ADJ,provincial,10
0,Falsas,ADJ,turístico,10
0,Falsas,ADJ,israelí,10
0,Falsas,ADJ,celebrado,10
0,Falsas,ADJ,inicial,10
0,Falsas,ADJ,físico,10
0,Falsas,ADJ,terrorista,10
0,Falsas,ADJ,inmuebl,10
0,Falsas,ADJ,bueno,10
0,Falsas,ADJ,ubicado,10
0,Falsas,ADJ,humano,10
0,Falsas,ADJ,impulsado,10
0,Falsas,ADJ,regulador,10
0,Falsas,ADJ,escaso,9
0,Falsas,ADJ,cometido,9
0,Falsas,ADJ,telemático,9
0,Falsas,ADJ,tendido,9
0,Falsas,ADJ,imposible,9
0,Falsas,ADJ,mundial,9
0,Falsas,ADJ,informativo,9
0,Falsas,ADJ,abertzale,9
0,Falsas,ADJ,inclusivo,9
0,Falsas,ADJ,mal,9
0,Falsas,ADJ,contundente,9
0,Falsas,ADJ,naranjo,9
0,Falsas,ADJ,comercial,9
0,Falsas,ADJ,reservado,9
0,Falsas,ADJ,ultra,9
0,Falsas,ADJ,responsable,9
0,Falsas,ADJ,adoptado,9
0,Falsas,ADJ,mensual,9
0,Falsas,ADJ,igual,9
0,Falsas,ADJ,ordinario,9
0,Falsas,ADJ,católico,9
0,Falsas,ADJ,auténtico,9
0,Falsas,ADJ,verdadero,9
0,Falsas,ADJ,prohibido,9
0,Falsas,ADJ,gratuito,9
0,Falsas,ADJ,profesional,9
0,Falsas,ADJ,desigual,9
0,Falsas,ADJ,confirmado,9
0,Falsas,ADJ,exterior,9
0,Falsas,ADJ,muerto,9
0,Falsas,ADJ,compuesto,9
0,Falsas,ADJ,establecido,9
0,Falsas,ADJ,decreto,9
0,Falsas,ADJ,actualizado,9
0,Falsas,ADJ,alcanzado,8
0,Falsas,ADJ,seguido,8
0,Falsas,ADJ,ocupado,8
0,Falsas,ADJ,llegado,8
0,Falsas,ADJ,moderado,8
0,Falsas,ADJ,archivo,8
0,Falsas,ADJ,preciso,8
0,Falsas,ADJ,extremeño,8
0,Falsas,ADJ,cautelar,8
0,Falsas,ADJ,canario,8
0,Falsas,ADJ,integral,8
0,Falsas,ADJ,natural,8
0,Falsas,ADJ,recibido,8
0,Falsas,ADJ,cultural,8
0,Falsas,ADJ,creciente,8
0,Falsas,ADJ,orgánico,8
0,Falsas,ADJ,federal,8
0,Falsas,ADJ,elaborado,8
0,Falsas,ADJ,acordado,8
0,Falsas,ADJ,primario,8
0,Falsas,ADJ,adecuado,8
0,Falsas,ADJ,urbano,8
0,Falsas,ADJ,probable,8
0,Falsas,ADJ,bilateral,8
0,Falsas,ADJ,doble,8
0,Falsas,ADJ,estratégico,8
0,Falsas,ADJ,firme,8
0,Falsas,ADJ,provocado,8
0,Falsas,ADJ,escolar,8
0,Falsas,ADJ,provisional,8
0,Falsas,ADJ,sostenible,8
0,Falsas,ADJ,correcto,8
0,Falsas,ADJ,desplegado,8
0,Falsas,ADJ,renovable,8
0,Falsas,ADJ,sísmico,8
0,Falsas,ADJ,discontinuo,8
0,Falsas,ADJ,quemado,8
0,Falsas,ADJ,artístico,8
0,Falsas,ADJ,fallido,7
0,Falsas,ADJ,denunciado,7
0,Falsas,ADJ,rechazado,7
0,Falsas,ADJ,privilegiado,7
0,Falsas,ADJ,constante,7
0,Falsas,ADJ,pactado,7
0,Falsas,ADJ,valiente,7
0,Falsas,ADJ,perjudicado,7
0,Falsas,ADJ,ambicioso,7
0,Falsas,ADJ,afín,7
0,Falsas,ADJ,incompatible,7
0,Falsas,ADJ,optimista,7
0,Falsas,ADJ,básico,7
0,Falsas,ADJ,desaparecido,7
0,Falsas,ADJ,serio,7
0,Falsas,ADJ,parental,7
0,Falsas,ADJ,parecido,7
0,Falsas,ADJ,existente,7
0,Falsas,ADJ,pagado,7
0,Falsas,ADJ,patrimonial,7
0,Falsas,ADJ,filtrado,7
0,Falsas,ADJ,diplomático,7
0,Falsas,ADJ,garantizado,7
0,Falsas,ADJ,vivido,7
0,Falsas,ADJ,enviado,7
0,Falsas,ADJ,viejo,7
0,Falsas,ADJ,racista,7
0,Falsas,ADJ,rico,7
0,Falsas,ADJ,integrado,7
0,Falsas,ADJ,excepcional,7
0,Falsas,ADJ,empresarial,7
0,Falsas,ADJ,inmobiliario,7
0,Falsas,ADJ,reconocido,7
0,Falsas,ADJ,emitido,7
0,Falsas,ADJ,fiable,7
0,Falsas,ADJ,identificado,7
0,Falsas,ADJ,causado,7
0,Falsas,ADJ,ceutí,7
0,Falsas,ADJ,gestionado,7
0,Falsas,ADJ,recortado,7
0,Falsas,ADJ,comprimido,7
0,Falsas,ADJ,sueco,7
0,Falsas,ADJ,manual,7
0,Falsas,ADJ,equivalente,7
0,Falsas,ADJ,puntual,6
0,Falsas,ADJ,formado,6
0,Falsas,ADJ,gubernamental,6
0,Falsas,ADJ,vestido,6
0,Falsas,ADJ,justo,6
0,Falsas,ADJ,concedido,6
0,Falsas,ADJ,derivado,6
0,Falsas,ADJ,protegido,6
0,Falsas,ADJ,recurrente,6
0,Falsas,ADJ,considerado,6
0,Falsas,ADJ,reflejado,6
0,Falsas,ADJ,decisivo,6
0,Falsas,ADJ,normal,6
0,Falsas,ADJ,lanzado,6
0,Falsas,ADJ,suspendido,6
0,Falsas,ADJ,visto,6
0,Falsas,ADJ,taurino,6
0,Falsas,ADJ,complicado,6
0,Falsas,ADJ,cesado,6
0,Falsas,ADJ,dedicado,6
0,Falsas,ADJ,tomado,6
0,Falsas,ADJ,reducido,6
0,Falsas,ADJ,oportuno,6
0,Falsas,ADJ,negativo,6
0,Falsas,ADJ,erróneo,6
0,Falsas,ADJ,unido,6
0,Falsas,ADJ,penitenciario,6
0,Falsas,ADJ,exdiputado,6
0,Falsas,ADJ,vital,6
0,Falsas,ADJ,externo,6
0,Falsas,ADJ,contable,6
0,Falsas,ADJ,preventivo,6
0,Falsas,ADJ,urbanístico,6
0,Falsas,ADJ,comunista,6
0,Falsas,ADJ,secreto,6
0,Falsas,ADJ,amarillo,6
0,Falsas,ADJ,convencido,6
0,Falsas,ADJ,sindical,6
0,Falsas,ADJ,delegado,6
0,Falsas,ADJ,emocional,6
0,Falsas,ADJ,sospechoso,6
0,Falsas,ADJ,recogido,6
0,Falsas,ADJ,creado,6
0,Falsas,ADJ,ambiental,6
0,Falsas,ADJ,forzoso,6
0,Falsas,ADJ,limitado,6
0,Falsas,ADJ,agredido,6
0,Falsas,ADJ,usuario,6
0,Falsas,ADJ,sintético,6
0,Falsas,ADJ,comparable,6
0,Falsas,ADJ,vacacional,6
0,Falsas,ADJ,italiano,6
0,Falsas,ADJ,fotovoltaico,6
0,Falsas,ADJ,asesinado,5
0,Falsas,ADJ,soberanista,5
0,Falsas,ADJ,respectivo,5
0,Falsas,ADJ,reivindico,5
0,Falsas,ADJ,tranquilo,5
0,Falsas,ADJ,violento,5
0,Falsas,ADJ,titular,5
0,Falsas,ADJ,continuo,5
0,Falsas,ADJ,archivado,5
0,Falsas,ADJ,inminente,5
0,Falsas,ADJ,mayoritario,5
0,Falsas,ADJ,eficaz,5
0,Falsas,ADJ,eficiente,5
0,Falsas,ADJ,lucrativo,5
0,Falsas,ADJ,mental,5
0,Falsas,ADJ,académico,5
0,Falsas,ADJ,antifascista,5
0,Falsas,ADJ,preparado,5
0,Falsas,ADJ,decidido,5
0,Falsas,ADJ,eventual,5
0,Falsas,ADJ,evidente,5
0,Falsas,ADJ,nazi,5
0,Falsas,ADJ,imprescindible,5
0,Falsas,ADJ,aprobada,5
0,Falsas,ADJ,razonable,5
0,Falsas,ADJ,polaco,5
0,Falsas,ADJ,enorme,5
0,Falsas,ADJ,vulnerable,5
0,Falsas,ADJ,límite,5
0,Falsas,ADJ,visible,5
0,Falsas,ADJ,nocturno,5
0,Falsas,ADJ,partidista,5
0,Falsas,ADJ,nacionalista,5
0,Falsas,ADJ,estival,5
0,Falsas,ADJ,criticado,5
0,Falsas,ADJ,infantil,5
0,Falsas,ADJ,viable,5
0,Falsas,ADJ,metropolitano,5
0,Falsas,ADJ,dado,5
0,Falsas,ADJ,perdido,5
0,Falsas,ADJ,entregado,5
0,Falsas,ADJ,escrito,5
0,Falsas,ADJ,retirado,5
0,Falsas,ADJ,sensible,5
0,Falsas,ADJ,fijado,5
0,Falsas,ADJ,señalado,5
0,Falsas,ADJ,obtenido,5
0,Falsas,ADJ,sancionador,5
0,Falsas,ADJ,vecinal,5
0,Falsas,ADJ,fácil,5
0,Falsas,ADJ,femenino,5
0,Falsas,ADJ,rápido,5
0,Falsas,ADJ,relevante,5
0,Falsas,ADJ,tecnológico,5
0,Falsas,ADJ,blanco,5
0,Falsas,ADJ,sometido,5
0,Falsas,ADJ,estrecho,5
0,Falsas,ADJ,roto,5
0,Falsas,ADJ,alemán,5
0,Falsas,ADJ,chino,5
0,Falsas,ADJ,avanzado,5
0,Falsas,ADJ,inglés,5
0,Falsas,ADJ,instalado,5
0,Falsas,ADJ,perteneciente,5
0,Falsas,ADJ,buitre,5
0,Falsas,ADJ,exigido,5
0,Falsas,ADJ,inferior,5
0,Falsas,ADJ,corto,5
0,Falsas,ADJ,mencionado,5
0,Falsas,ADJ,campanada,5
0,Falsas,ADJ,analizado,5
0,Falsas,ADJ,bruto,5
0,Falsas,ADJ,desinformativo,5
0,Falsas,ADJ,norteafricano,5
0,Falsas,ADJ,espontáneo,5
0,Falsas,ADJ,operandi,5
0,Falsas,ADJ,ascendiente,5
0,Falsas,ADJ,diseñado,5
0,Falsas,ADJ,pasivo,5
0,Falsas,ADJ,concebido,5
0,Falsas,ADJ,competente,5
0,Falsas,ADJ,ciego,5
0,Falsas,ADJ,devuelta,5
0,Falsas,ADJ,vinculante,5
0,Falsas,ADJ,notable,4
0,Falsas,ADJ,presidido,4
0,Falsas,ADJ,asegurado,4
0,Falsas,ADJ,matemático,4
0,Falsas,ADJ,diligencia,4
0,Falsas,ADJ,defraudado,4
0,Falsas,ADJ,terrible,4
0,Falsas,ADJ,encontrado,4
0,Falsas,ADJ,redactado,4
0,Falsas,ADJ,salarial,4
0,Falsas,ADJ,inédito,4
0,Falsas,ADJ,desapercibido,4
0,Falsas,ADJ,fijo,4
0,Falsas,ADJ,avalado,4
0,Falsas,ADJ,robado,4
0,Falsas,ADJ,socialdemócrata,4
0,Falsas,ADJ,diverso,4
0,Falsas,ADJ,destruido,4
0,Falsas,ADJ,salpico,4
0,Falsas,ADJ,naranja,4
0,Falsas,ADJ,breve,4
0,Falsas,ADJ,paralelo,4
0,Falsas,ADJ,revisable,4
0,Falsas,ADJ,ilícito,4
0,Falsas,ADJ,derivo,4
0,Falsas,ADJ,enfrentado,4
0,Falsas,ADJ,cumplido,4
0,Falsas,ADJ,residencial,4
0,Falsas,ADJ,fundado,4
0,Falsas,ADJ,plenario,4
0,Falsas,ADJ,insuficiente,4
0,Falsas,ADJ,preso,4
0,Falsas,ADJ,opaco,4
0,Falsas,ADJ,irónico,4
0,Falsas,ADJ,acumulado,4
0,Falsas,ADJ,vacío,4
0,Falsas,ADJ,débil,4
0,Falsas,ADJ,negacionista,4
0,Falsas,ADJ,introducido,4
0,Falsas,ADJ,excesivo,4
0,Falsas,ADJ,propietario,4
0,Falsas,ADJ,afiliado,4
0,Falsas,ADJ,joven,4
0,Falsas,ADJ,desleal,4
0,Falsas,ADJ,expulsado,4
0,Falsas,ADJ,balear,4
0,Falsas,ADJ,inventado,4
0,Falsas,ADJ,encarcelado,4
0,Falsas,ADJ,mordazo,4
0,Falsas,ADJ,ausente,4
0,Falsas,ADJ,idéntico,4
0,Falsas,ADJ,anticrisi,4
0,Falsas,ADJ,innecesario,4
0,Falsas,ADJ,extra,4
0,Falsas,ADJ,brutal,4
0,Falsas,ADJ,iniciado,4
0,Falsas,ADJ,transaccional,4
0,Falsas,ADJ,lingüístico,4
0,Falsas,ADJ,quinto,4
0,Falsas,ADJ,aplicado,4
0,Falsas,ADJ,reaccionario,4
0,Falsas,ADJ,nombrado,4
0,Falsas,ADJ,récord,4
0,Falsas,ADJ,digno,4
0,Falsas,ADJ,hipotético,4
0,Falsas,ADJ,sólido,4
0,Falsas,ADJ,radiofónico,4
0,Falsas,ADJ,sentado,4
0,Falsas,ADJ,leve,4
0,Falsas,ADJ,sucesorio,4
0,Falsas,ADJ,moral,4
0,Falsas,ADJ,múltiple,4
0,Falsas,ADJ,firmante,4
0,Falsas,ADJ,adjunto,4
0,Falsas,ADJ,abusivo,4
0,Falsas,ADJ,fechado,4
0,Falsas,ADJ,lés,4
0,Falsas,ADJ,solicitado,4
0,Falsas,ADJ,callejero,4
0,Falsas,ADJ,estable,4
0,Falsas,ADJ,consciente,4
0,Falsas,ADJ,experto,4
0,Falsas,ADJ,abogado,4
0,Falsas,ADJ,caliente,4
0,Falsas,ADJ,planteado,4
0,Falsas,ADJ,comprometido,4
0,Falsas,ADJ,integrante,4
0,Falsas,ADJ,latinoamericano,4
0,Falsas,ADJ,destacado,4
0,Falsas,ADJ,medio,4
0,Falsas,ADJ,increpado,4
0,Falsas,ADJ,oscuro,4
0,Falsas,ADJ,documental,4
0,Falsas,ADJ,interior,4
0,Falsas,ADJ,periodístico,4
0,Falsas,ADJ,nefasto,4
0,Falsas,ADJ,neonazi,4
0,Falsas,ADJ,condenatorio,4
0,Falsas,ADJ,unilateral,4
0,Falsas,ADJ,publicitario,4
0,Falsas,ADJ,dependiente,4
0,Falsas,ADJ,liberal,4
0,Falsas,ADJ,indebido,4
0,Falsas,ADJ,herido,4
0,Falsas,ADJ,mutuo,4
0,Falsas,ADJ,famoso,4
0,Falsas,ADJ,colectivo,4
0,Falsas,ADJ,migrante,4
0,Falsas,ADJ,contemplado,4
0,Falsas,ADJ,vetado,4
0,Falsas,ADJ,psicológico,4
0,Falsas,ADJ,lleno,4
0,Falsas,ADJ,accesible,4
0,Falsas,ADJ,modifico,4
0,Falsas,ADJ,cargado,4
0,Falsas,ADJ,ejecutivo,4
0,Falsas,ADJ,íntegro,4
0,Falsas,ADJ,plataforma,4
0,Falsas,ADJ,restante,4
0,Falsas,ADJ,colombiano,4
0,Falsas,ADJ,porcentual,4
0,Falsas,ADJ,estampado,4
0,Falsas,ADJ,ingresado,4
0,Falsas,ADJ,desarrollado,4
0,Falsas,ADJ,facilitado,4
0,Falsas,ADJ,híbrido,4
0,Falsas,ADJ,extendido,4
0,Falsas,ADJ,wifi,4
0,Falsas,ADJ,visual,4
0,Falsas,ADJ,atendido,4
0,Falsas,ADJ,asistencial,4
0,Falsas,ADJ,comparativo,4
0,Falsas,ADJ,aleatorio,4
0,Falsas,ADJ,titulado,4
0,Falsas,ADJ,práctico,4
0,Falsas,ADJ,gráfico,4
0,Falsas,ADJ,compatible,4
0,Falsas,ADJ,satelital,4
0,Falsas,ADJ,marítimo,4
0,Falsas,ADJ,hallado,4
0,Falsas,ADJ,astronómico,4
0,Falsas,ADJ,colapsado,4
0,Falsas,ADJ,recomendable,4
0,Falsas,ADJ,colonia,4
0,Falsas,ADJ,monedero,4
0,Falsas,ADJ,controlado,4
0,Falsas,ADJ,concertado,3
0,Falsas,ADJ,programado,3
0,Falsas,ADJ,universitario,3
0,Falsas,ADJ,preferente,3
0,Falsas,ADJ,informado,3
0,Falsas,ADJ,severo,3
0,Falsas,ADJ,culpable,3
0,Falsas,ADJ,religioso,3
0,Falsas,ADJ,enésimo,3
0,Falsas,ADJ,contemporáneo,3
0,Falsas,ADJ,delictivo,3
0,Falsas,ADJ,suizo,3
0,Falsas,ADJ,dividido,3
0,Falsas,ADJ,tenso,3
0,Falsas,ADJ,caído,3
0,Falsas,ADJ,referido,3
0,Falsas,ADJ,parapolicial,3
0,Falsas,ADJ,irresponsable,3
0,Falsas,ADJ,logre,3
0,Falsas,ADJ,remoto,3
0,Falsas,ADJ,comprado,3
0,Falsas,ADJ,generoso,3
0,Falsas,ADJ,amenazado,3
0,Falsas,ADJ,electoralista,3
0,Falsas,ADJ,mercantil,3
0,Falsas,ADJ,conformado,3
0,Falsas,ADJ,transfronterizo,3
0,Falsas,ADJ,determinante,3
0,Falsas,ADJ,ultraconservador,3
0,Falsas,ADJ,normalizado,3
0,Falsas,ADJ,ejemplar,3
0,Falsas,ADJ,asturiano,3
0,Falsas,ADJ,defendido,3
0,Falsas,ADJ,andalucista,3
0,Falsas,ADJ,inscrito,3
0,Falsas,ADJ,doctoral,3
0,Falsas,ADJ,plurinacional,3
0,Falsas,ADJ,satisfecho,3
0,Falsas,ADJ,inmenso,3
0,Falsas,ADJ,sorprendente,3
0,Falsas,ADJ,minoritario,3
0,Falsas,ADJ,valorado,3
0,Falsas,ADJ,interpuesto,3
0,Falsas,ADJ,constitutivo,3
0,Falsas,ADJ,salvaje,3
0,Falsas,ADJ,repartido,3
0,Falsas,ADJ,corrupto,3
0,Falsas,ADJ,programático,3
0,Falsas,ADJ,japonés,3
0,Falsas,ADJ,incomprensible,3
0,Falsas,ADJ,nulo,3
0,Falsas,ADJ,inesperado,3
0,Falsas,ADJ,íntimo,3
0,Falsas,ADJ,sujeto,3
0,Falsas,ADJ,acalorado,3
0,Falsas,ADJ,oculto,3
0,Falsas,ADJ,musical,3
0,Falsas,ADJ,murciano,3
0,Falsas,ADJ,bloqueado,3
0,Falsas,ADJ,mediano,3
0,Falsas,ADJ,perjudicial,3
0,Falsas,ADJ,subsidiario,3
0,Falsas,ADJ,esencial,3
0,Falsas,ADJ,reproductivo,3
0,Falsas,ADJ,directivo,3
0,Falsas,ADJ,epidemiológico,3
0,Falsas,ADJ,constitucionalista,3
0,Falsas,ADJ,preguntado,3
0,Falsas,ADJ,operativo,3
0,Falsas,ADJ,electo,3
0,Falsas,ADJ,demócrata,3
0,Falsas,ADJ,medioambiental,3
0,Falsas,ADJ,solemne,3
0,Falsas,ADJ,tirado,3
0,Falsas,ADJ,favorito,3
0,Falsas,ADJ,desclasificado,3
0,Falsas,ADJ,céntrico,3
0,Falsas,ADJ,magistrado,3
0,Falsas,ADJ,exministro,3
0,Falsas,ADJ,mantenido,3
0,Falsas,ADJ,drástico,3
0,Falsas,ADJ,estructural,3
0,Falsas,ADJ,procesal,3
0,Falsas,ADJ,golpista,3
0,Falsas,ADJ,variable,3
0,Falsas,ADJ,diagnóstico,3
0,Falsas,ADJ,mero,3
0,Falsas,ADJ,opuesto,3
0,Falsas,ADJ,restringido,3
0,Falsas,ADJ,ibérico,3
0,Falsas,ADJ,ordenado,3
0,Falsas,ADJ,socioeconómico,3
0,Falsas,ADJ,adscrito,3
0,Falsas,ADJ,imperioso,3
0,Falsas,ADJ,complementario,3
0,Falsas,ADJ,ligado,3
0,Falsas,ADJ,asequible,3
0,Falsas,ADJ,estadístico,3
0,Falsas,ADJ,prometido,3
0,Falsas,ADJ,incierto,3
0,Falsas,ADJ,homosexual,3
0,Falsas,ADJ,unánime,3
0,Falsas,ADJ,inevitable,3
0,Falsas,ADJ,pobre,3
0,Falsas,ADJ,volcado,3
0,Falsas,ADJ,remitido,3
0,Falsas,ADJ,potencial,3
0,Falsas,ADJ,negocio,3
0,Falsas,ADJ,izquierdo,3
0,Falsas,ADJ,asiático,3
0,Falsas,ADJ,exiliado,3
0,Falsas,ADJ,preocupado,3
0,Falsas,ADJ,subvencionado,3
0,Falsas,ADJ,refugiado,3
0,Falsas,ADJ,cotizado,3
0,Falsas,ADJ,rentable,3
0,Falsas,ADJ,fósil,3
0,Falsas,ADJ,localizado,3
0,Falsas,ADJ,adulto,3
0,Falsas,ADJ,disfrazado,3
0,Falsas,ADJ,lógico,3
0,Falsas,ADJ,autorizado,3
0,Falsas,ADJ,volvía,3
0,Falsas,ADJ,reunido,3
0,Falsas,ADJ,armado,3
0,Falsas,ADJ,inaceptable,3
0,Falsas,ADJ,prolongado,3
0,Falsas,ADJ,sucedido,3
0,Falsas,ADJ,pacífico,3
0,Falsas,ADJ,adelantado,3
0,Falsas,ADJ,habilitado,3
0,Falsas,ADJ,tipográfico,3
0,Falsas,ADJ,indefinido,3
0,Falsas,ADJ,expropiado,3
0,Falsas,ADJ,verificado,3
0,Falsas,ADJ,rasgado,3
0,Falsas,ADJ,ingeniero,3
0,Falsas,ADJ,cántico,3
0,Falsas,ADJ,anticonstitucional,3
0,Falsas,ADJ,contratado,3
0,Falsas,ADJ,vengativo,3
0,Falsas,ADJ,variado,3
0,Falsas,ADJ,brasileño,3
0,Falsas,ADJ,incompleto,3
0,Falsas,ADJ,funcionario,3
0,Falsas,ADJ,originado,3
0,Falsas,ADJ,detectado,3
0,Falsas,ADJ,investigador,3
0,Falsas,ADJ,residual,3
0,Falsas,ADJ,exacto,3
0,Falsas,ADJ,clínico,3
0,Falsas,ADJ,vitalicio,3
0,Falsas,ADJ,participant,3
0,Falsas,ADJ,lector,3
0,Falsas,ADJ,eliminado,3
0,Falsas,ADJ,residente,3
0,Falsas,ADJ,distribuido,3
0,Falsas,ADJ,antidisturbios,3
0,Falsas,ADJ,nado,3
0,Falsas,ADJ,capital,3
0,Falsas,ADJ,conectado,3
0,Falsas,ADJ,sísmica,3
0,Falsas,ADJ,asociado,3
0,Falsas,ADJ,terrestre,3
0,Falsas,ADJ,alarmista,3
0,Falsas,ADJ,activado,3
0,Falsas,ADJ,posado,3
0,Falsas,ADJ,ucraniano,3
0,Falsas,ADJ,túnel,3
0,Falsas,ADJ,fletado,3
0,Falsas,ADJ,aproximado,3
0,Falsas,ADJ,galo,3
0,Falsas,ADJ,larga,3
0,Falsas,ADJ,registral,3
0,Falsas,ADJ,asimilado,3
0,Falsas,ADJ,certificado,3
0,Falsas,ADJ,anticiclónico,3
0,Falsas,ADJ,occidental,3
0,Falsas,ADJ,dorsal,3
0,Falsas,ADJ,anticiclónica,3
0,Falsas,ADJ,contributivo,3
0,Falsas,ADJ,tradicional,2
0,Falsas,ADJ,sexto,2
0,Falsas,ADJ,cómodo,2
0,Falsas,ADJ,nuclear,2
0,Falsas,ADJ,unitario,2
0,Falsas,ADJ,domiciliario,2
0,Falsas,ADJ,bolivariano,2
0,Falsas,ADJ,catedrático,2
0,Falsas,ADJ,prudente,2
0,Falsas,ADJ,exabogado,2
0,Falsas,ADJ,caro,2
0,Falsas,ADJ,protagonizado,2
0,Falsas,ADJ,incapaz,2
0,Falsas,ADJ,territorializado,2
0,Falsas,ADJ,fluido,2
0,Falsas,ADJ,incorrecto,2
0,Falsas,ADJ,prorrogado,2
0,Falsas,ADJ,acreditado,2
0,Falsas,ADJ,infanto,2
0,Falsas,ADJ,alcaldable,2
0,Falsas,ADJ,partidario,2
0,Falsas,ADJ,dirigente,2
0,Falsas,ADJ,dominicano,2
0,Falsas,ADJ,dañado,2
0,Falsas,ADJ,saco,2
0,Falsas,ADJ,claudico,2
0,Falsas,ADJ,normativo,2
0,Falsas,ADJ,respaldado,2
0,Falsas,ADJ,quirúrgico,2
0,Falsas,ADJ,tributario,2
0,Falsas,ADJ,susanista,2
0,Falsas,ADJ,eterno,2
0,Falsas,ADJ,rural,2
0,Falsas,ADJ,extraño,2
0,Falsas,ADJ,personado,2
0,Falsas,ADJ,formal,2
0,Falsas,ADJ,rodeado,2
0,Falsas,ADJ,fascista,2
0,Falsas,ADJ,inviable,2
0,Falsas,ADJ,obsoleto,2
0,Falsas,ADJ,devastador,2
0,Falsas,ADJ,razonado,2
0,Falsas,ADJ,aforado,2
0,Falsas,ADJ,extremista,2
0,Falsas,ADJ,izquierdista,2
0,Falsas,ADJ,aceptable,2
0,Falsas,ADJ,encantado,2
0,Falsas,ADJ,rogado,2
0,Falsas,ADJ,fragmentado,2
0,Falsas,ADJ,envuelto,2
0,Falsas,ADJ,intensifico,2
0,Falsas,ADJ,ligero,2
0,Falsas,ADJ,hipotecario,2
0,Falsas,ADJ,xenófobo,2
0,Falsas,ADJ,suscrito,2
0,Falsas,ADJ,trans,2
0,Falsas,ADJ,implícito,2
0,Falsas,ADJ,falangista,2
0,Falsas,ADJ,antitransfuguismo,2
0,Falsas,ADJ,forense,2
0,Falsas,ADJ,pedido,2
0,Falsas,ADJ,cooficial,2
0,Falsas,ADJ,industrial,2
0,Falsas,ADJ,clasificado,2
0,Falsas,ADJ,exdirigente,2
0,Falsas,ADJ,intolerable,2
0,Falsas,ADJ,interino,2
0,Falsas,ADJ,inviolable,2
0,Falsas,ADJ,improvisado,2
0,Falsas,ADJ,autoritario,2
0,Falsas,ADJ,represivo,2
0,Falsas,ADJ,indeciso,2
0,Falsas,ADJ,ajeno,2
0,Falsas,ADJ,amable,2
0,Falsas,ADJ,vandálico,2
0,Falsas,ADJ,nobiliario,2
0,Falsas,ADJ,ministerial,2
0,Falsas,ADJ,frenético,2
0,Falsas,ADJ,calificado,2
0,Falsas,ADJ,mordida,2
0,Falsas,ADJ,insular,2
0,Falsas,ADJ,animal,2
0,Falsas,ADJ,ecológico,2
0,Falsas,ADJ,amigo,2
0,Falsas,ADJ,caducado,2
0,Falsas,ADJ,homófobo,2
0,Falsas,ADJ,proporcional,2
0,Falsas,ADJ,listo,2
0,Falsas,ADJ,reivindicativo,2
0,Falsas,ADJ,vergonzoso,2
0,Falsas,ADJ,fugado,2
0,Falsas,ADJ,superado,2
0,Falsas,ADJ,multitudinario,2
0,Falsas,ADJ,apoyado,2
0,Falsas,ADJ,irrespetuoso,2
0,Falsas,ADJ,manchada,2
0,Falsas,ADJ,adquirido,2
0,Falsas,ADJ,sopés,2
0,Falsas,ADJ,designado,2
0,Falsas,ADJ,opuesta,2
0,Falsas,ADJ,tutelado,2
0,Falsas,ADJ,letrado,2
0,Falsas,ADJ,foral,2
0,Falsas,ADJ,indigno,2
0,Falsas,ADJ,memorialista,2
0,Falsas,ADJ,continuado,2
0,Falsas,ADJ,concentrado,2
0,Falsas,ADJ,acuerdo,2
0,Falsas,ADJ,timo,2
0,Falsas,ADJ,atípico,2
0,Falsas,ADJ,consecutivo,2
0,Falsas,ADJ,nítido,2
0,Falsas,ADJ,revolucionario,2
0,Falsas,ADJ,insostenible,2
0,Falsas,ADJ,agrícola,2
0,Falsas,ADJ,gobernante,2
0,Falsas,ADJ,involucrado,2
0,Falsas,ADJ,exhaustivo,2
0,Falsas,ADJ,preelectoral,2
0,Falsas,ADJ,excusa,2
0,Falsas,ADJ,censal,2
0,Falsas,ADJ,incautado,2
0,Falsas,ADJ,acabado,2
0,Falsas,ADJ,adaptado,2
0,Falsas,ADJ,incorporado,2
0,Falsas,ADJ,venezolano,2
0,Falsas,ADJ,innovadoro,2
0,Falsas,ADJ,colaborativo,2
0,Falsas,ADJ,carismático,2
0,Falsas,ADJ,fresco,2
0,Falsas,ADJ,fantasma,2
0,Falsas,ADJ,bélico,2
0,Falsas,ADJ,enterrado,2
0,Falsas,ADJ,indispensable,2
0,Falsas,ADJ,esperanzador,2
0,Falsas,ADJ,millonario,2
0,Falsas,ADJ,almeriense,2
0,Falsas,ADJ,inadmisible,2
0,Falsas,ADJ,informal,2
0,Falsas,ADJ,enfocado,2
0,Falsas,ADJ,hostil,2
0,Falsas,ADJ,plural,2
0,Falsas,ADJ,cruzado,2
0,Falsas,ADJ,desescalado,2
0,Falsas,ADJ,coherente,2
0,Falsas,ADJ,irrenunciable,2
0,Falsas,ADJ,acorralado,2
0,Falsas,ADJ,sumido,2
0,Falsas,ADJ,poderoso,2
0,Falsas,ADJ,practicado,2
0,Falsas,ADJ,cordial,2
0,Falsas,ADJ,protocolo,2
0,Falsas,ADJ,expoliado,2
0,Falsas,ADJ,traslado,2
0,Falsas,ADJ,docente,2
0,Falsas,ADJ,online,2
0,Falsas,ADJ,importado,2
0,Falsas,ADJ,vizcaíno,2
0,Falsas,ADJ,yihadista,2
0,Falsas,ADJ,simbólico,2
0,Falsas,ADJ,cosechado,2
0,Falsas,ADJ,chivo,2
0,Falsas,ADJ,anticipado,2
0,Falsas,ADJ,étnico,2
0,Falsas,ADJ,contesta,2
0,Falsas,ADJ,tocado,2
0,Falsas,ADJ,fomente,2
0,Falsas,ADJ,prioritario,2
0,Falsas,ADJ,disciplinario,2
0,Falsas,ADJ,absolutorio,2
0,Falsas,ADJ,investido,2
0,Falsas,ADJ,flamenco,2
0,Falsas,ADJ,flamante,2
0,Falsas,ADJ,estancado,2
0,Falsas,ADJ,cedido,2
0,Falsas,ADJ,recuperado,2
0,Falsas,ADJ,estrepitoso,2
0,Falsas,ADJ,audiovisual,2
0,Falsas,ADJ,perimetral,2
0,Falsas,ADJ,homogéneo,2
0,Falsas,ADJ,moderno,2
0,Falsas,ADJ,veto,2
0,Falsas,ADJ,estricto,2
0,Falsas,ADJ,creativo,2
0,Falsas,ADJ,desnortado,2
0,Falsas,ADJ,permitido,2
0,Falsas,ADJ,recabado,2
0,Falsas,ADJ,antagónico,2
0,Falsas,ADJ,radicalizado,2
0,Falsas,ADJ,equitativo,2
0,Falsas,ADJ,invertido,2
0,Falsas,ADJ,exmarido,2
0,Falsas,ADJ,destructivo,2
0,Falsas,ADJ,escupido,2
0,Falsas,ADJ,reiterado,2
0,Falsas,ADJ,desato,2
0,Falsas,ADJ,tumbo,2
0,Falsas,ADJ,presidencial,2
0,Falsas,ADJ,golpeado,2
0,Falsas,ADJ,árabe,2
0,Falsas,ADJ,obrero,2
0,Falsas,ADJ,alquilado,2
0,Falsas,ADJ,escondido,2
0,Falsas,ADJ,renovador,2
0,Falsas,ADJ,expuesto,2
0,Falsas,ADJ,presencial,2
0,Falsas,ADJ,contado,2
0,Falsas,ADJ,fiel,2
0,Falsas,ADJ,motivado,2
0,Falsas,ADJ,ruso,2
0,Falsas,ADJ,financiado,2
0,Falsas,ADJ,juvenil,2
0,Falsas,ADJ,cínico,2
0,Falsas,ADJ,licenciado,2
0,Falsas,ADJ,asesor,2
0,Falsas,ADJ,entero,2
0,Falsas,ADJ,tejido,2
0,Falsas,ADJ,productivo,2
0,Falsas,ADJ,farmaceútico,2
0,Falsas,ADJ,ridículo,2
0,Falsas,ADJ,consensuado,2
0,Falsas,ADJ,negociado,2
0,Falsas,ADJ,contrincante,2
0,Falsas,ADJ,contagiado,2
0,Falsas,ADJ,confidencial,2
0,Falsas,ADJ,comprensible,2
0,Falsas,ADJ,diario,2
0,Falsas,ADJ,sistemático,2
0,Falsas,ADJ,patinet,2
0,Falsas,ADJ,andorrano,2
0,Falsas,ADJ,llamativo,2
0,Falsas,ADJ,fino,2
0,Falsas,ADJ,burdo,2
0,Falsas,ADJ,perinatal,2
0,Falsas,ADJ,gestacional,2
0,Falsas,ADJ,arrestado,2
0,Falsas,ADJ,penúltimo,2
0,Falsas,ADJ,expreso,2
0,Falsas,ADJ,representado,2
0,Falsas,ADJ,portugués,2
0,Falsas,ADJ,excluyente,2
0,Falsas,ADJ,prominente,2
0,Falsas,ADJ,antiabortista,2
0,Falsas,ADJ,planeo,2
0,Falsas,ADJ,simple,2
0,Falsas,ADJ,retribuido,2
0,Falsas,ADJ,confuso,2
0,Falsas,ADJ,revoco,2
0,Falsas,ADJ,reactivo,2
0,Falsas,ADJ,cabrero,2
0,Falsas,ADJ,reportado,2
0,Falsas,ADJ,etarra,2
0,Falsas,ADJ,homónimo,2
0,Falsas,ADJ,estimado,2
0,Falsas,ADJ,acampada,2
0,Falsas,ADJ,documentado,2
0,Falsas,ADJ,contradictorio,2
0,Falsas,ADJ,semanal,2
0,Falsas,ADJ,ignorante,2
0,Falsas,ADJ,sencillo,2
0,Falsas,ADJ,veraz,2
0,Falsas,ADJ,medido,2
0,Falsas,ADJ,sacada,2
0,Falsas,ADJ,colocado,2
0,Falsas,ADJ,inundado,2
0,Falsas,ADJ,desmentido,2
0,Falsas,ADJ,tramitado,2
0,Falsas,ADJ,emboscada,2
0,Falsas,ADJ,proporcionado,2
0,Falsas,ADJ,metálico,2
0,Falsas,ADJ,empadronada,2
0,Falsas,ADJ,reglado,2
0,Falsas,ADJ,transcurrido,2
0,Falsas,ADJ,genérico,2
0,Falsas,ADJ,regulado,2
0,Falsas,ADJ,empleado,2
0,Falsas,ADJ,consular,2
0,Falsas,ADJ,imperceptible,2
0,Falsas,ADJ,desglós,2
0,Falsas,ADJ,limítrofe,2
0,Falsas,ADJ,álgido,2
0,Falsas,ADJ,universal,2
0,Falsas,ADJ,salvadoreño,2
0,Falsas,ADJ,evaluada,2
0,Falsas,ADJ,representativo,2
0,Falsas,ADJ,asentado,2
0,Falsas,ADJ,parasitario,2
0,Falsas,ADJ,hospitalario,2
0,Falsas,ADJ,traducido,2
0,Falsas,ADJ,trasplantabl,2
0,Falsas,ADJ,norte,2
0,Falsas,ADJ,compensatorio,2
0,Falsas,ADJ,mena,2
0,Falsas,ADJ,coincident,2
0,Falsas,ADJ,equipado,2
0,Falsas,ADJ,concluyente,2
0,Falsas,ADJ,geográfico,2
0,Falsas,ADJ,disuasorio,2
0,Falsas,ADJ,estafada,2
0,Falsas,ADJ,peninsular,2
0,Falsas,ADJ,singular,2
0,Falsas,ADJ,cápita,2
0,Falsas,ADJ,masculino,2
0,Falsas,ADJ,refrendado,2
0,Falsas,ADJ,regular,2
0,Falsas,ADJ,navarro,2
0,Falsas,ADJ,asignado,2
0,Falsas,ADJ,feo,2
0,Falsas,ADJ,roca,2
0,Falsas,ADJ,repentino,2
0,Falsas,ADJ,catastrófico,2
0,Falsas,ADJ,glacial,2
0,Falsas,ADJ,glaciar,2
0,Falsas,ADJ,mortal,2
0,Falsas,ADJ,arrasado,2
0,Falsas,ADJ,captado,2
0,Falsas,ADJ,reclutado,2
0,Falsas,ADJ,atrapado,2
0,Falsas,ADJ,felina,2
0,Falsas,ADJ,verificable,2
0,Falsas,ADJ,sano,2
0,Falsas,ADJ,penalizado,2
0,Falsas,ADJ,neurocirujano,2
0,Falsas,ADJ,temprano,2
0,Falsas,ADJ,andino,2
0,Falsas,ADJ,custodiado,2
0,Falsas,ADJ,ocular,2
0,Falsas,ADJ,irreversible,2
0,Falsas,ADJ,eclipso,2
0,Falsas,ADJ,eclipse,2
0,Falsas,ADJ,ofrecido,2
0,Falsas,ADJ,aéreo,2
0,Falsas,ADJ,derrumbado,2
0,Falsas,ADJ,alterado,2
0,Falsas,ADJ,inexistente,2
0,Falsas,ADJ,restrictivo,2
0,Falsas,ADJ,detallado,2
0,Falsas,ADJ,incendiado,2
0,Falsas,ADJ,trasero,2
0,Falsas,ADJ,gritar,2
0,Falsas,ADJ,abarrotado,2
0,Falsas,ADJ,lancha,2
0,Falsas,ADJ,abandonado,2
0,Falsas,ADJ,producido,2
0,Falsas,ADJ,retenido,2
0,Falsas,ADJ,subterráneo,2
0,Falsas,ADJ,vandalizado,2
0,Falsas,ADJ,reclamado,2
0,Falsas,ADJ,sentenciador,2
0,Falsas,ADJ,declarado,2
0,Falsas,ADJ,colonial,2
0,Falsas,ADJ,mandado,2
0,Falsas,ADJ,racional,2
0,Falsas,ADJ,peligroso,2
0,Falsas,ADJ,antidopaje,2
0,Falsas,ADJ,matriculado,2
0,Falsas,ADJ,laborista,2
0,Falsas,ADJ,enchufabl,2
0,Falsas,ADJ,neto,2
0,Falsas,ADJ,cálido,2
0,Falsas,ADJ,antropocéntrico,2
0,Falsas,ADJ,colaboradoro,2
0,Falsas,ADJ,prejudicial,2
0,Falsas,ADJ,intencionado,2
0,Falsas,ADJ,derogado,2
0,Falsas,ADJ,antropogénico,2
0,Falsas,ADJ,inmunitario,2
0,Falsas,ADJ,tendencioso,2
0,Falsas,ADJ,maltés,2
0,Falsas,ADJ,nacionalizado,2
0,Falsas,ADJ,contributiva,2
0,Falsas,ADJ,olímpico,1
0,Falsas,ADJ,rehacerlo,1
0,Falsas,ADJ,vivo,1
0,Falsas,ADJ,memorial,1
0,Falsas,ADJ,foráneo,1
0,Falsas,ADJ,trazado,1
0,Falsas,ADJ,virtud,1
0,Falsas,ADJ,cuánta,1
0,Falsas,ADJ,galardonado,1
0,Falsas,ADJ,amañado,1
0,Falsas,ADJ,saudí,1
0,Falsas,ADJ,encallado,1
0,Falsas,ADJ,laborable,1
0,Falsas,ADJ,mentiroso,1
0,Falsas,ADJ,esquivo,1
0,Falsas,ADJ,cardiorrespiratorio,1
0,Falsas,ADJ,ortodoxo,1
0,Falsas,ADJ,acertado,1
0,Falsas,ADJ,propagandístico,1
0,Falsas,ADJ,cómico,1
0,Falsas,ADJ,prevaricadoro,1
0,Falsas,ADJ,averiguado,1
0,Falsas,ADJ,inmunizado,1
0,Falsas,ADJ,energío,1
0,Falsas,ADJ,analógico,1
0,Falsas,ADJ,estalla,1
0,Falsas,ADJ,dialogante,1
0,Falsas,ADJ,pegado,1
0,Falsas,ADJ,tiro,1
0,Falsas,ADJ,turco,1
0,Falsas,ADJ,budista,1
0,Falsas,ADJ,birmán,1
0,Falsas,ADJ,inconveniente,1
0,Falsas,ADJ,corresponsable,1
0,Falsas,ADJ,cubano,1
0,Falsas,ADJ,temático,1
0,Falsas,ADJ,tejer,1
0,Falsas,ADJ,paralizado,1
0,Falsas,ADJ,impulsor,1
0,Falsas,ADJ,solidario,1
0,Falsas,ADJ,hegemónico,1
0,Falsas,ADJ,paragua,1
0,Falsas,ADJ,potente,1
0,Falsas,ADJ,fertilizant,1
0,Falsas,ADJ,pre15,1
0,Falsas,ADJ,extenso,1
0,Falsas,ADJ,pericial,1
0,Falsas,ADJ,perpetuo,1
0,Falsas,ADJ,gigante,1
0,Falsas,ADJ,antidedazo,1
0,Falsas,ADJ,progesista,1
0,Falsas,ADJ,mediador,1
0,Falsas,ADJ,culpándolo,1
0,Falsas,ADJ,dispar,1
0,Falsas,ADJ,derechista,1
0,Falsas,ADJ,competencial,1
0,Falsas,ADJ,misterioso,1
0,Falsas,ADJ,discriminado,1
0,Falsas,ADJ,ultracatólica,1
0,Falsas,ADJ,neoliberal,1
0,Falsas,ADJ,elegible,1
0,Falsas,ADJ,gitán,1
0,Falsas,ADJ,visceral,1
0,Falsas,ADJ,desastroso,1
0,Falsas,ADJ,filofascista,1
0,Falsas,ADJ,conflictivo,1
0,Falsas,ADJ,converso,1
0,Falsas,ADJ,base,1
0,Falsas,ADJ,bello,1
0,Falsas,ADJ,durmient,1
0,Falsas,ADJ,estelar,1
0,Falsas,ADJ,cacicado,1
0,Falsas,ADJ,crispado,1
0,Falsas,ADJ,presumen,1
0,Falsas,ADJ,satisfactorio,1
0,Falsas,ADJ,monocolor,1
0,Falsas,ADJ,iberoamericano,1
0,Falsas,ADJ,innumerable,1
0,Falsas,ADJ,concesionario,1
0,Falsas,ADJ,mudo,1
0,Falsas,ADJ,disonante,1
0,Falsas,ADJ,encerrado,1
0,Falsas,ADJ,evento,1
0,Falsas,ADJ,angular,1
0,Falsas,ADJ,reticente,1
0,Falsas,ADJ,discursivo,1
0,Falsas,ADJ,ubico,1
0,Falsas,ADJ,canadiense,1
0,Falsas,ADJ,arquitecto,1
0,Falsas,ADJ,guapo,1
0,Falsas,ADJ,disuelto,1
0,Falsas,ADJ,inercia,1
0,Falsas,ADJ,ofendido,1
0,Falsas,ADJ,humorístico,1
0,Falsas,ADJ,constituido,1
0,Falsas,ADJ,tatuado,1
0,Falsas,ADJ,cántabro,1
0,Falsas,ADJ,sindicalista,1
0,Falsas,ADJ,vote,1
0,Falsas,ADJ,abocado,1
0,Falsas,ADJ,tímido,1
0,Falsas,ADJ,previsible,1
0,Falsas,ADJ,vigilante,1
0,Falsas,ADJ,regionalista,1
0,Falsas,ADJ,inocente,1
0,Falsas,ADJ,miente,1
0,Falsas,ADJ,sórdido,1
0,Falsas,ADJ,deleznable,1
0,Falsas,ADJ,revelada,1
0,Falsas,ADJ,lento,1
0,Falsas,ADJ,turbulento,1
0,Falsas,ADJ,abucheo,1
0,Falsas,ADJ,líquido,1
0,Falsas,ADJ,exintegrante,1
0,Falsas,ADJ,vicepresidido,1
0,Falsas,ADJ,descoloco,1
0,Falsas,ADJ,deseado,1
0,Falsas,ADJ,temido,1
0,Falsas,ADJ,tuitero,1
0,Falsas,ADJ,ecologista,1
0,Falsas,ADJ,purgo,1
0,Falsas,ADJ,encubierto,1
0,Falsas,ADJ,adjudicatario,1
0,Falsas,ADJ,selectivo,1
0,Falsas,ADJ,animalista,1
0,Falsas,ADJ,merecemo,1
0,Falsas,ADJ,desmedido,1
0,Falsas,ADJ,secesionista,1
0,Falsas,ADJ,lesbiano,1
0,Falsas,ADJ,realista,1
0,Falsas,ADJ,edificada,1
0,Falsas,ADJ,decretado,1
0,Falsas,ADJ,incriminatorio,1
0,Falsas,ADJ,estudiantil,1
0,Falsas,ADJ,ventajoso,1
0,Falsas,ADJ,enquista,1
0,Falsas,ADJ,encuestado,1
0,Falsas,ADJ,vaciado,1
0,Falsas,ADJ,desgraciado,1
0,Falsas,ADJ,representación-,1
0,Falsas,ADJ,negligencia,1
0,Falsas,ADJ,poblacional,1
0,Falsas,ADJ,tangible,1
0,Falsas,ADJ,potenciándola,1
0,Falsas,ADJ,subalterno,1
0,Falsas,ADJ,ofrezca,1
0,Falsas,ADJ,espectacular,1
0,Falsas,ADJ,beca,1
0,Falsas,ADJ,anticrisis,1
0,Falsas,ADJ,debutante,1
0,Falsas,ADJ,demando,1
0,Falsas,ADJ,heredado,1
0,Falsas,ADJ,grandísimo,1
0,Falsas,ADJ,homofobo,1
0,Falsas,ADJ,escindido,1
0,Falsas,ADJ,predilecto,1
0,Falsas,ADJ,vertedero,1
0,Falsas,ADJ,antimonárquico,1
0,Falsas,ADJ,autodefinido,1
0,Falsas,ADJ,antípoda,1
0,Falsas,ADJ,allegado,1
0,Falsas,ADJ,mala,1
0,Falsas,ADJ,tenebroso,1
0,Falsas,ADJ,patibulario,1
0,Falsas,ADJ,illa,1
0,Falsas,ADJ,autónomica,1
0,Falsas,ADJ,prostituida,1
0,Falsas,ADJ,supedito,1
0,Falsas,ADJ,rescatado,1
0,Falsas,ADJ,chocante,1
0,Falsas,ADJ,póstumo,1
0,Falsas,ADJ,iluminado,1
0,Falsas,ADJ,formativamente,1
0,Falsas,ADJ,ayuntamiento,1
0,Falsas,ADJ,embarrado,1
0,Falsas,ADJ,cobrándol,1
0,Falsas,ADJ,lujoso,1
0,Falsas,ADJ,sucesivo,1
0,Falsas,ADJ,aislado,1
0,Falsas,ADJ,emblemático,1
0,Falsas,ADJ,sordo,1
0,Falsas,ADJ,sancionándolo,1
0,Falsas,ADJ,vocal,1
0,Falsas,ADJ,gijonés,1
0,Falsas,ADJ,indulto,1
0,Falsas,ADJ,exonero,1
0,Falsas,ADJ,atraído,1
0,Falsas,ADJ,jugoso,1
0,Falsas,ADJ,estafado,1
0,Falsas,ADJ,antisalpicadura,1
0,Falsas,ADJ,omiso,1
0,Falsas,ADJ,moqueta,1
0,Falsas,ADJ,sobremanero,1
0,Falsas,ADJ,subrogado,1
0,Falsas,ADJ,exvicepresidento,1
0,Falsas,ADJ,catastrofisto,1
0,Falsas,ADJ,perjudico,1
0,Falsas,ADJ,inimaginable,1
0,Falsas,ADJ,pillado,1
0,Falsas,ADJ,sobrepasado,1
0,Falsas,ADJ,presumible,1
0,Falsas,ADJ,paguito,1
0,Falsas,ADJ,fomentado,1
0,Falsas,ADJ,maquiavélico,1
0,Falsas,ADJ,multicultural,1
0,Falsas,ADJ,leído,1
0,Falsas,ADJ,reformista,1
0,Falsas,ADJ,regeneradoro,1
0,Falsas,ADJ,impugnado,1
0,Falsas,ADJ,gobernado,1
0,Falsas,ADJ,buena,1
0,Falsas,ADJ,vehemente,1
0,Falsas,ADJ,ocasionado,1
0,Falsas,ADJ,escayolado,1
0,Falsas,ADJ,homologable,1
0,Falsas,ADJ,interminable,1
0,Falsas,ADJ,conseguido,1
0,Falsas,ADJ,prestigioso,1
0,Falsas,ADJ,ascenso,1
0,Falsas,ADJ,responsabilidad,1
0,Falsas,ADJ,adinerado,1
0,Falsas,ADJ,próspero,1
0,Falsas,ADJ,valent,1
0,Falsas,ADJ,acorde,1
0,Falsas,ADJ,delicado,1
0,Falsas,ADJ,holgado,1
0,Falsas,ADJ,esgrimido,1
0,Falsas,ADJ,decente,1
0,Falsas,ADJ,experimente,1
0,Falsas,ADJ,velado,1
0,Falsas,ADJ,presidento,1
0,Falsas,ADJ,geopolítico,1
0,Falsas,ADJ,maniobra,1
0,Falsas,ADJ,interesado,1
0,Falsas,ADJ,presidencialista,1
0,Falsas,ADJ,socava,1
0,Falsas,ADJ,cuanta,1
0,Falsas,ADJ,inmatriculado,1
0,Falsas,ADJ,inconclús,1
0,Falsas,ADJ,otorgado,1
0,Falsas,ADJ,archivístico,1
0,Falsas,ADJ,dañino,1
0,Falsas,ADJ,irrito,1
0,Falsas,ADJ,ofensa,1
0,Falsas,ADJ,flagrante,1
0,Falsas,ADJ,despejen,1
0,Falsas,ADJ,injusta,1
0,Falsas,ADJ,huido,1
0,Falsas,ADJ,ilegítimo,1
0,Falsas,ADJ,vendido,1
0,Falsas,ADJ,extrajudicial,1
0,Falsas,ADJ,modernista,1
0,Falsas,ADJ,forjado,1
0,Falsas,ADJ,virtual,1
0,Falsas,ADJ,desnudo,1
0,Falsas,ADJ,bloqueo,1
0,Falsas,ADJ,tropiezo,1
0,Falsas,ADJ,participativo,1
0,Falsas,ADJ,municipalista,1
0,Falsas,ADJ,costoso,1
0,Falsas,ADJ,imperfecto,1
0,Falsas,ADJ,avís,1
0,Falsas,ADJ,monarquía-repúblico,1
0,Falsas,ADJ,helvético,1
0,Falsas,ADJ,esbozada,1
0,Falsas,ADJ,recurrible,1
0,Falsas,ADJ,culmín,1
0,Falsas,ADJ,prestado,1
0,Falsas,ADJ,correlacionado,1
0,Falsas,ADJ,ahogo,1
0,Falsas,ADJ,instaurado,1
0,Falsas,ADJ,enrocado,1
0,Falsas,ADJ,semipúblico,1
0,Falsas,ADJ,exresponsable,1
0,Falsas,ADJ,nostálgico,1
0,Falsas,ADJ,contaminado,1
0,Falsas,ADJ,alicantino,1
0,Falsas,ADJ,lícito,1
0,Falsas,ADJ,honorífico,1
0,Falsas,ADJ,revuelta,1
0,Falsas,ADJ,repetido,1
0,Falsas,ADJ,caótico,1
0,Falsas,ADJ,remitente,1
0,Falsas,ADJ,penado,1
0,Falsas,ADJ,judío,1
0,Falsas,ADJ,honesta,1
0,Falsas,ADJ,enemigo,1
0,Falsas,ADJ,perverso,1
0,Falsas,ADJ,maduro,1
0,Falsas,ADJ,caprichoso,1
0,Falsas,ADJ,dialéctico,1
0,Falsas,ADJ,belicista,1
0,Falsas,ADJ,exhumado,1
0,Falsas,ADJ,saliente,1
0,Falsas,ADJ,acérrimo,1
0,Falsas,ADJ,bovino,1
0,Falsas,ADJ,transparente,1
0,Falsas,ADJ,ambiguo,1
0,Falsas,ADJ,funcional,1
0,Falsas,ADJ,bregado,1
0,Falsas,ADJ,neutral,1
0,Falsas,ADJ,infame,1
0,Falsas,ADJ,ingeniera,1
0,Falsas,ADJ,entrante,1
0,Falsas,ADJ,auguro,1
0,Falsas,ADJ,transferido,1
0,Falsas,ADJ,pronostico,1
0,Falsas,ADJ,burbuja,1
0,Falsas,ADJ,confinado,1
0,Falsas,ADJ,orientado,1
0,Falsas,ADJ,afgán,1
0,Falsas,ADJ,veraniego,1
0,Falsas,ADJ,amparado,1
0,Falsas,ADJ,contiguo,1
0,Falsas,ADJ,exasesor,1
0,Falsas,ADJ,ascendido,1
0,Falsas,ADJ,desacredita,1
0,Falsas,ADJ,copiado,1
0,Falsas,ADJ,antidemocrático,1
0,Falsas,ADJ,legitimado,1
0,Falsas,ADJ,vacante,1
0,Falsas,ADJ,equidistante,1
0,Falsas,ADJ,horrorizado,1
0,Falsas,ADJ,retroceso,1
0,Falsas,ADJ,huído,1
0,Falsas,ADJ,apuntado,1
0,Falsas,ADJ,ima,1
0,Falsas,ADJ,estipulado,1
0,Falsas,ADJ,vigésimo,1
0,Falsas,ADJ,alarmante,1
0,Falsas,ADJ,confiable,1
0,Falsas,ADJ,recalco,1
0,Falsas,ADJ,logrado,1
0,Falsas,ADJ,quelo,1
0,Falsas,ADJ,ganador,1
0,Falsas,ADJ,marxista,1
0,Falsas,ADJ,desolado,1
0,Falsas,ADJ,desinteresado,1
0,Falsas,ADJ,aparecido,1
0,Falsas,ADJ,ajustado,1
0,Falsas,ADJ,presido,1
0,Falsas,ADJ,lesivo,1
0,Falsas,ADJ,inútil,1
0,Falsas,ADJ,exaliado,1
0,Falsas,ADJ,expectativa,1
0,Falsas,ADJ,ninguneo,1
0,Falsas,ADJ,afortunado,1
0,Falsas,ADJ,bilingüe,1
0,Falsas,ADJ,austero,1
0,Falsas,ADJ,discrepante,1
0,Falsas,ADJ,pinchado,1
0,Falsas,ADJ,químico,1
0,Falsas,ADJ,ratificado,1
0,Falsas,ADJ,concursal,1
0,Falsas,ADJ,explosivo,1
0,Falsas,ADJ,cremallero,1
0,Falsas,ADJ,archivada,1
0,Falsas,ADJ,hipotecaria,1
0,Falsas,ADJ,leal,1
0,Falsas,ADJ,abriero,1
0,Falsas,ADJ,magnífico,1
0,Falsas,ADJ,entristecido,1
0,Falsas,ADJ,inasumible,1
0,Falsas,ADJ,grosero,1
0,Falsas,ADJ,subido,1
0,Falsas,ADJ,europeísta,1
0,Falsas,ADJ,co-redactado,1
0,Falsas,ADJ,moradas,1
0,Falsas,ADJ,costado,1
0,Falsas,ADJ,gitano,1
0,Falsas,ADJ,destacadísimo,1
0,Falsas,ADJ,objetivo,1
0,Falsas,ADJ,paritario,1
0,Falsas,ADJ,acojonado,1
0,Falsas,ADJ,apadrinado,1
0,Falsas,ADJ,accionista,1
0,Falsas,ADJ,proponent,1
0,Falsas,ADJ,paso,1
0,Falsas,ADJ,vicario,1
0,Falsas,ADJ,anómalo,1
0,Falsas,ADJ,discapacitado,1
0,Falsas,ADJ,demoledor,1
0,Falsas,ADJ,plano,1
0,Falsas,ADJ,krítica’.¿dónde,1
0,Falsas,ADJ,decimocuarto,1
0,Falsas,ADJ,portada,1
0,Falsas,ADJ,descarnado,1
0,Falsas,ADJ,tránsfoba,1
0,Falsas,ADJ,transexual,1
0,Falsas,ADJ,transfóbico,1
0,Falsas,ADJ,ofensivo,1
0,Falsas,ADJ,hispanoamericán,1
0,Falsas,ADJ,monárquico,1
0,Falsas,ADJ,consolidado,1
0,Falsas,ADJ,borbónica,1
0,Falsas,ADJ,estéril,1
0,Falsas,ADJ,azul,1
0,Falsas,ADJ,apoderado,1
0,Falsas,ADJ,chavista,1
0,Falsas,ADJ,vallisoletano,1
0,Falsas,ADJ,salvado,1
0,Falsas,ADJ,influido,1
0,Falsas,ADJ,evangélico,1
0,Falsas,ADJ,espiritual,1
0,Falsas,ADJ,nigerián,1
0,Falsas,ADJ,mejorado,1
0,Falsas,ADJ,ilusionante,1
0,Falsas,ADJ,motor,1
0,Falsas,ADJ,forzado,1
0,Falsas,ADJ,prospectivo,1
0,Falsas,ADJ,antitético,1
0,Falsas,ADJ,oscarizado,1
0,Falsas,ADJ,reñido,1
0,Falsas,ADJ,infranqueable,1
0,Falsas,ADJ,aprendido,1
0,Falsas,ADJ,movilizado,1
0,Falsas,ADJ,cronificado,1
0,Falsas,ADJ,imprevista,1
0,Falsas,ADJ,aplazado,1
0,Falsas,ADJ,generalizado,1
0,Falsas,ADJ,antiterrorista,1
0,Falsas,ADJ,acoso,1
0,Falsas,ADJ,pontevedrés,1
0,Falsas,ADJ,anónimo,1
0,Falsas,ADJ,acomodado,1
0,Falsas,ADJ,trágico,1
0,Falsas,ADJ,tajante,1
0,Falsas,ADJ,repescado,1
0,Falsas,ADJ,sustancial,1
0,Falsas,ADJ,presupuestaria,1
0,Falsas,ADJ,conceptual,1
0,Falsas,ADJ,palpable,1
0,Falsas,ADJ,vulnerador,1
0,Falsas,ADJ,supremacista,1
0,Falsas,ADJ,cárnico,1
0,Falsas,ADJ,manchado,1
0,Falsas,ADJ,poco,1
0,Falsas,ADJ,impropio,1
0,Falsas,ADJ,incurso,1
0,Falsas,ADJ,limpio,1
0,Falsas,ADJ,abultado,1
0,Falsas,ADJ,farmacéutico,1
0,Falsas,ADJ,callado,1
0,Falsas,ADJ,navarra,1
0,Falsas,ADJ,televisivo,1
0,Falsas,ADJ,protocolarias,1
0,Falsas,ADJ,norteamericano,1
0,Falsas,ADJ,appeal,1
0,Falsas,ADJ,cultivado,1
0,Falsas,ADJ,intacto,1
0,Falsas,ADJ,desconocimiento,1
0,Falsas,ADJ,lejano,1
0,Falsas,ADJ,ficticio,1
0,Falsas,ADJ,desfavorecido,1
0,Falsas,ADJ,sintecho,1
0,Falsas,ADJ,constituyente,1
0,Falsas,ADJ,dudoso,1
0,Falsas,ADJ,tóxico,1
0,Falsas,ADJ,empobrecido,1
0,Falsas,ADJ,islamófobo,1
0,Falsas,ADJ,alguno,1
0,Falsas,ADJ,recio,1
0,Falsas,ADJ,recluido,1
0,Falsas,ADJ,oso,1
0,Falsas,ADJ,latino,1
0,Falsas,ADJ,independista,1
0,Falsas,ADJ,maltrecho,1
0,Falsas,ADJ,abismal,1
0,Falsas,ADJ,ganadero,1
0,Falsas,ADJ,agrario,1
0,Falsas,ADJ,loncheado,1
0,Falsas,ADJ,cuestionado,1
0,Falsas,ADJ,convertido,1
0,Falsas,ADJ,autonomista,1
0,Falsas,ADJ,mafioso,1
0,Falsas,ADJ,demoro,1
0,Falsas,ADJ,coruñés,1
0,Falsas,ADJ,bajado,1
0,Falsas,ADJ,celíaca,1
0,Falsas,ADJ,adoptivo,1
0,Falsas,ADJ,incumplidora,1
0,Falsas,ADJ,contrarresta,1
0,Falsas,ADJ,insatisfecho,1
0,Falsas,ADJ,cupaire,1
0,Falsas,ADJ,motivacional,1
0,Falsas,ADJ,emocionado,1
0,Falsas,ADJ,sabio,1
0,Falsas,ADJ,ferroviario,1
0,Falsas,ADJ,degenerado,1
0,Falsas,ADJ,congresual,1
0,Falsas,ADJ,eclesiástico,1
0,Falsas,ADJ,antifranquista,1
0,Falsas,ADJ,orgulloso,1
0,Falsas,ADJ,rapado,1
0,Falsas,ADJ,remunerado,1
0,Falsas,ADJ,sexista,1
0,Falsas,ADJ,relegado,1
0,Falsas,ADJ,grancanario,1
0,Falsas,ADJ,abonado,1
0,Falsas,ADJ,inaccesible,1
0,Falsas,ADJ,incalificable,1
0,Falsas,ADJ,respetuoso,1
0,Falsas,ADJ,enraizado,1
0,Falsas,ADJ,cauto,1
0,Falsas,ADJ,novelista,1
0,Falsas,ADJ,finalista,1
0,Falsas,ADJ,corriente,1
0,Falsas,ADJ,aportado,1
0,Falsas,ADJ,embajada,1
0,Falsas,ADJ,aguirrista,1
0,Falsas,ADJ,dificulto,1
0,Falsas,ADJ,euskera,1
0,Falsas,ADJ,desarrollista,1
0,Falsas,ADJ,cursado,1
0,Falsas,ADJ,protocolario,1
0,Falsas,ADJ,frontal,1
0,Falsas,ADJ,suceso,1
0,Falsas,ADJ,nervioso,1
0,Falsas,ADJ,aritmético,1
0,Falsas,ADJ,denosta,1
0,Falsas,ADJ,hindú,1
0,Falsas,ADJ,atascada,1
0,Falsas,ADJ,totalitario,1
0,Falsas,ADJ,sagrado,1
0,Falsas,ADJ,octavo,1
0,Falsas,ADJ,aludido,1
0,Falsas,ADJ,público-privado,1
0,Falsas,ADJ,insuperable,1
0,Falsas,ADJ,ético,1
0,Falsas,ADJ,sabedor,1
0,Falsas,ADJ,afectivo,1
0,Falsas,ADJ,trabajador,1
0,Falsas,ADJ,cifro,1
0,Falsas,ADJ,basílico,1
0,Falsas,ADJ,aconfesional,1
0,Falsas,ADJ,cohesionado,1
0,Falsas,ADJ,propagado,1
0,Falsas,ADJ,distendido,1
0,Falsas,ADJ,conservado,1
0,Falsas,ADJ,conmemorativo,1
0,Falsas,ADJ,hurgo,1
0,Falsas,ADJ,húmedo,1
0,Falsas,ADJ,insolente,1
0,Falsas,ADJ,progresivo,1
0,Falsas,ADJ,giratorio,1
0,Falsas,ADJ,impositiva,1
0,Falsas,ADJ,sublevado,1
0,Falsas,ADJ,disoluto,1
0,Falsas,ADJ,encabezado,1
0,Falsas,ADJ,regresivo,1
0,Falsas,ADJ,conspiracionista,1
0,Falsas,ADJ,precipitado,1
0,Falsas,ADJ,meditado,1
0,Falsas,ADJ,transversal,1
0,Falsas,ADJ,cercado,1
0,Falsas,ADJ,detall,1
0,Falsas,ADJ,vacunado,1
0,Falsas,ADJ,vacunada,1
0,Falsas,ADJ,chico,1
0,Falsas,ADJ,fraguado,1
0,Falsas,ADJ,legendario,1
0,Falsas,ADJ,copado,1
0,Falsas,ADJ,intrafamiliar,1
0,Falsas,ADJ,nauseabundo,1
0,Falsas,ADJ,dialogado,1
0,Falsas,ADJ,subordinada,1
0,Falsas,ADJ,sumado,1
0,Falsas,ADJ,empuja,1
0,Falsas,ADJ,arriesgado,1
0,Falsas,ADJ,limite,1
0,Falsas,ADJ,tensionado,1
0,Falsas,ADJ,ultracatólico,1
0,Falsas,ADJ,pin,1
0,Falsas,ADJ,carcelario,1
0,Falsas,ADJ,palabra,1
0,Falsas,ADJ,igualidísimo,1
0,Falsas,ADJ,transformador,1
0,Falsas,ADJ,excomisario,1
0,Falsas,ADJ,suscitado,1
0,Falsas,ADJ,navideño,1
0,Falsas,ADJ,ornamental,1
0,Falsas,ADJ,plagado,1
0,Falsas,ADJ,afincado,1
0,Falsas,ADJ,flagrantemente,1
0,Falsas,ADJ,sufragado,1
0,Falsas,ADJ,antifeminista,1
0,Falsas,ADJ,amortizado,1
0,Falsas,ADJ,instructor,1
0,Falsas,ADJ,tibio,1
0,Falsas,ADJ,agudo,1
0,Falsas,ADJ,perfecto,1
0,Falsas,ADJ,sanchista,1
0,Falsas,ADJ,arbitrario,1
0,Falsas,ADJ,-bajo,1
0,Falsas,ADJ,feudo,1
0,Falsas,ADJ,formativo,1
0,Falsas,ADJ,extraescolar,1
0,Falsas,ADJ,triste,1
0,Falsas,ADJ,tripartito,1
0,Falsas,ADJ,ignorancio,1
0,Falsas,ADJ,controvertido,1
0,Falsas,ADJ,inimputable,1
0,Falsas,ADJ,pesado,1
0,Falsas,ADJ,encubierta,1
0,Falsas,ADJ,merecedor,1
0,Falsas,ADJ,furibundo,1
0,Falsas,ADJ,elemental,1
0,Falsas,ADJ,engañado,1
0,Falsas,ADJ,invitado,1
0,Falsas,ADJ,fenomenal,1
0,Falsas,ADJ,vencido,1
0,Falsas,ADJ,omnipresente,1
0,Falsas,ADJ,identitario,1
0,Falsas,ADJ,explícito,1
0,Falsas,ADJ,aliado,1
0,Falsas,ADJ,senadoro,1
0,Falsas,ADJ,desguazado,1
0,Falsas,ADJ,diagnosticado,1
0,Falsas,ADJ,desatado,1
0,Falsas,ADJ,ejercido,1
0,Falsas,ADJ,llorado,1
0,Falsas,ADJ,islámico,1
0,Falsas,ADJ,definido,1
0,Falsas,ADJ,comandado,1
0,Falsas,ADJ,blando,1
0,Falsas,ADJ,participado,1
0,Falsas,ADJ,hotelero,1
0,Falsas,ADJ,válido,1
0,Falsas,ADJ,inexpulsabl,1
0,Falsas,ADJ,topónimo,1
0,Falsas,ADJ,reprobable,1
0,Falsas,ADJ,tremendo,1
0,Falsas,ADJ,vergonzante,1
0,Falsas,ADJ,ultraconservadoro,1
0,Falsas,ADJ,municial,1
0,Falsas,ADJ,perito,1
0,Falsas,ADJ,poblado,1
0,Falsas,ADJ,mediocre,1
0,Falsas,ADJ,cosmético,1
0,Falsas,ADJ,soberbio,1
0,Falsas,ADJ,anarquista,1
0,Falsas,ADJ,lituano,1
0,Falsas,ADJ,mexicano,1
0,Falsas,ADJ,multilateral,1
0,Falsas,ADJ,ansiós,1
0,Falsas,ADJ,derechito,1
0,Falsas,ADJ,semántico,1
0,Falsas,ADJ,determín,1
0,Falsas,ADJ,vallecano,1
0,Falsas,ADJ,imparable,1
0,Falsas,ADJ,pospandemio,1
0,Falsas,ADJ,mezclado,1
0,Falsas,ADJ,adquisitivo,1
0,Falsas,ADJ,bipartidista,1
0,Falsas,ADJ,demoscópico,1
0,Falsas,ADJ,implementada,1
0,Falsas,ADJ,recurrido,1
0,Falsas,ADJ,inducido,1
0,Falsas,ADJ,rancio,1
0,Falsas,ADJ,descubierto,1
0,Falsas,ADJ,cualificado,1
0,Falsas,ADJ,fracasado,1
0,Falsas,ADJ,renovado,1
0,Falsas,ADJ,fecal,1
0,Falsas,ADJ,simpatizante,1
0,Falsas,ADJ,americano,1
0,Falsas,ADJ,penológica,1
0,Falsas,ADJ,nominal,1
0,Falsas,ADJ,voto,1
0,Falsas,ADJ,recuperable,1
0,Falsas,ADJ,peculiar,1
0,Falsas,ADJ,incorporo,1
0,Falsas,ADJ,sentencia,1
0,Falsas,ADJ,certifico,1
0,Falsas,ADJ,coyuntural,1
0,Falsas,ADJ,corporativo,1
0,Falsas,ADJ,benévolo,1
0,Falsas,ADJ,denunciante,1
0,Falsas,ADJ,abronco,1
0,Falsas,ADJ,granítico,1
0,Falsas,ADJ,deseable,1
0,Falsas,ADJ,cúlmen,1
0,Falsas,ADJ,varón,1
0,Falsas,ADJ,equilibrado,1
0,Falsas,ADJ,exprimer,1
0,Falsas,ADJ,anormal,1
0,Falsas,ADJ,exento,1
0,Falsas,ADJ,cruento,1
0,Falsas,ADJ,paulatino,1
0,Falsas,ADJ,formulado,1
0,Falsas,ADJ,debilitado,1
0,Falsas,ADJ,franco,1
0,Falsas,ADJ,bestial,1
0,Falsas,ADJ,educado,1
0,Falsas,ADJ,priorizado,1
0,Falsas,ADJ,zanjado,1
0,Falsas,ADJ,soldado,1
0,Falsas,ADJ,dejado,1
0,Falsas,ADJ,jurado,1
0,Falsas,ADJ,brigado,1
0,Falsas,ADJ,descartable,1
0,Falsas,ADJ,tapadero,1
0,Falsas,ADJ,montado,1
0,Falsas,ADJ,finco,1
0,Falsas,ADJ,febrrero,1
0,Falsas,ADJ,troceado,1
0,Falsas,ADJ,absurdo,1
0,Falsas,ADJ,ejecutable,1
0,Falsas,ADJ,manualmente,1
0,Falsas,ADJ,especulativo,1
0,Falsas,ADJ,habitacional,1
0,Falsas,ADJ,protagonista,1
0,Falsas,ADJ,pésimo,1
0,Falsas,ADJ,delirio,1
0,Falsas,ADJ,inquilino,1
0,Falsas,ADJ,curioso,1
0,Falsas,ADJ,expropiatorio,1
0,Falsas,ADJ,acampado,1
0,Falsas,ADJ,sucio,1
0,Falsas,ADJ,izmierdós,1
0,Falsas,ADJ,proveniente,1
0,Falsas,ADJ,duplicado,1
0,Falsas,ADJ,desproporcionado,1
0,Falsas,ADJ,estereotipado,1
0,Falsas,ADJ,concluyent,1
0,Falsas,ADJ,interpretativo,1
0,Falsas,ADJ,devengada,1
0,Falsas,ADJ,aledaña,1
0,Falsas,ADJ,campana,1
0,Falsas,ADJ,sonido,1
0,Falsas,ADJ,horizontal,1
0,Falsas,ADJ,sufrido,1
0,Falsas,ADJ,descrito,1
0,Falsas,ADJ,hispano-francés,1
0,Falsas,ADJ,sancionado,1
0,Falsas,ADJ,casado,1
0,Falsas,ADJ,arrendado,1
0,Falsas,ADJ,listillo,1
0,Falsas,ADJ,periódico,1
0,Falsas,ADJ,consistente,1
0,Falsas,ADJ,sénior,1
0,Falsas,ADJ,enfrento,1
0,Falsas,ADJ,generativo,1
0,Falsas,ADJ,identificarla,1
0,Falsas,ADJ,agresivo,1
0,Falsas,ADJ,inadvertido,1
0,Falsas,ADJ,chequeado,1
0,Falsas,ADJ,clico,1
0,Falsas,ADJ,copropietario,1
0,Falsas,ADJ,ensobrado,1
0,Falsas,ADJ,cotidiano,1
0,Falsas,ADJ,siente,1
0,Falsas,ADJ,verifico,1
0,Falsas,ADJ,calmado,1
0,Falsas,ADJ,sincero,1
0,Falsas,ADJ,honesto,1
0,Falsas,ADJ,disparado,1
0,Falsas,ADJ,editado,1
0,Falsas,ADJ,manifestant,1
0,Falsas,ADJ,ecuestre,1
0,Falsas,ADJ,satírico,1
0,Falsas,ADJ,recortada,1
0,Falsas,ADJ,maravilloso,1
0,Falsas,ADJ,desconociero,1
0,Falsas,ADJ,educacional,1
0,Falsas,ADJ,atribuible,1
0,Falsas,ADJ,disposición,1
0,Falsas,ADJ,semillo,1
0,Falsas,ADJ,despojado,1
0,Falsas,ADJ,consulado,1
0,Falsas,ADJ,fehaciente,1
0,Falsas,ADJ,gradual,1
0,Falsas,ADJ,prorrogada,1
0,Falsas,ADJ,añadido,1
0,Falsas,ADJ,impulsoro,1
0,Falsas,ADJ,hospitalizado,1
0,Falsas,ADJ,equivocado,1
0,Falsas,ADJ,concertina,1
0,Falsas,ADJ,irrazonable,1
0,Falsas,ADJ,populista,1
0,Falsas,ADJ,padronal,1
0,Falsas,ADJ,identificativo,1
0,Falsas,ADJ,acreditativo,1
0,Falsas,ADJ,contenido,1
0,Falsas,ADJ,mpulsada,1
0,Falsas,ADJ,narrativo,1
0,Falsas,ADJ,alfa,1
0,Falsas,ADJ,vuestra,1
0,Falsas,ADJ,rebaja,1
0,Falsas,ADJ,finalizado,1
0,Falsas,ADJ,2024/1349,1
0,Falsas,ADJ,notificado,1
0,Falsas,ADJ,intérprete,1
0,Falsas,ADJ,instantáneo,1
0,Falsas,ADJ,sospechar,1
0,Falsas,ADJ,antispam,1
0,Falsas,ADJ,incondicional,1
0,Falsas,ADJ,cortado,1
0,Falsas,ADJ,soberano,1
0,Falsas,ADJ,interprofesional,1
0,Falsas,ADJ,dotado,1
0,Falsas,ADJ,formalizado,1
0,Falsas,ADJ,portátil,1
0,Falsas,ADJ,dueño,1
0,Falsas,ADJ,deformado,1
0,Falsas,ADJ,distorsionado,1
0,Falsas,ADJ,militante,1
0,Falsas,ADJ,presentarla,1
0,Falsas,ADJ,expansionista,1
0,Falsas,ADJ,guardado,1
0,Falsas,ADJ,agendada,1
0,Falsas,ADJ,comprometedor,1
0,Falsas,ADJ,prorruso,1
0,Falsas,ADJ,umbral,1
0,Falsas,ADJ,divorciado,1
0,Falsas,ADJ,percibido,1
0,Falsas,ADJ,referente,1
0,Falsas,ADJ,yemení,1
0,Falsas,ADJ,coreano,1
0,Falsas,ADJ,norcoreano,1
0,Falsas,ADJ,séptimo,1
0,Falsas,ADJ,fisioterapeuta,1
0,Falsas,ADJ,colapso,1
0,Falsas,ADJ,sobrevivient,1
0,Falsas,ADJ,análogo,1
0,Falsas,ADJ,evaluado,1
0,Falsas,ADJ,centroamericano,1
0,Falsas,ADJ,proporcionarl,1
0,Falsas,ADJ,estimación,1
0,Falsas,ADJ,metodológico,1
0,Falsas,ADJ,estratificado,1
0,Falsas,ADJ,tópico,1
0,Falsas,ADJ,higiénico-sanitaria,1
0,Falsas,ADJ,ambulatorio,1
0,Falsas,ADJ,comercializador,1
0,Falsas,ADJ,mayorista,1
0,Falsas,ADJ,antirracista,1
0,Falsas,ADJ,bautizado,1
0,Falsas,ADJ,inventariado,1
0,Falsas,ADJ,ferial,1
0,Falsas,ADJ,sustituibl,1
0,Falsas,ADJ,trasplantado,1
0,Falsas,ADJ,anecdótico,1
0,Falsas,ADJ,quincenal,1
0,Falsas,ADJ,portuario,1
0,Falsas,ADJ,desfavorable,1
0,Falsas,ADJ,suplantado,1
0,Falsas,ADJ,vigilado,1
0,Falsas,ADJ,rocoso,1
0,Falsas,ADJ,desbordado,1
0,Falsas,ADJ,gendarm,1
0,Falsas,ADJ,destrozado,1
0,Falsas,ADJ,siniestrado,1
0,Falsas,ADJ,nublado,1
0,Falsas,ADJ,consultivo,1
0,Falsas,ADJ,teórico,1
0,Falsas,ADJ,resuelto,1
0,Falsas,ADJ,amontonado,1
0,Falsas,ADJ,pelota,1
0,Falsas,ADJ,balístico,1
0,Falsas,ADJ,sofisticado,1
0,Falsas,ADJ,consejo,1
0,Falsas,ADJ,animan,1
0,Falsas,ADJ,acaecido,1
0,Falsas,ADJ,marrroquí,1
0,Falsas,ADJ,socorrido,1
0,Falsas,ADJ,mando,1
0,Falsas,ADJ,lamentable,1
0,Falsas,ADJ,desinformativa,1
0,Falsas,ADJ,ahorrado,1
0,Falsas,ADJ,ofrecerl,1
0,Falsas,ADJ,promoverla,1
0,Falsas,ADJ,indiscutible,1
0,Falsas,ADJ,predicable,1
0,Falsas,ADJ,subjetivo,1
0,Falsas,ADJ,paramilitar,1
0,Falsas,ADJ,colindant,1
0,Falsas,ADJ,periodo,1
0,Falsas,ADJ,actualizada,1
0,Falsas,ADJ,traidor,1
0,Falsas,ADJ,harto,1
0,Falsas,ADJ,molesto,1
0,Falsas,ADJ,surgido,1
0,Falsas,ADJ,hogareño,1
0,Falsas,ADJ,selvo,1
0,Falsas,ADJ,dieta,1
0,Falsas,ADJ,pensado,1
0,Falsas,ADJ,clamoroso,1
0,Falsas,ADJ,@sirarego.bsky.social,1
0,Falsas,ADJ,acredito,1
0,Falsas,ADJ,alojamiento,1
0,Falsas,ADJ,geológico,1
0,Falsas,ADJ,inconcebible,1
0,Falsas,ADJ,intelectual,1
0,Falsas,ADJ,ilimitado,1
0,Falsas,ADJ,bienvenido,1
0,Falsas,ADJ,primordial,1
0,Falsas,ADJ,material,1
0,Falsas,ADJ,priorizo,1
0,Falsas,ADJ,elevado,1
0,Falsas,ADJ,llevado,1
0,Falsas,ADJ,encuesta,1
0,Falsas,ADJ,elección,1
0,Falsas,ADJ,electoconservador,1
0,Falsas,ADJ,encuestadora,1
0,Falsas,ADJ,uniformado,1
0,Falsas,ADJ,sepultado,1
0,Falsas,ADJ,natal,1
0,Falsas,ADJ,cartel,1
0,Falsas,ADJ,institucionalizado,1
0,Falsas,ADJ,beneficio,1
0,Falsas,ADJ,señalada,1
0,Falsas,ADJ,interceptado,1
0,Falsas,ADJ,interceptada,1
0,Falsas,ADJ,llevadas,1
0,Falsas,ADJ,vida,1
0,Falsas,ADJ,cerrarl,1
0,Falsas,ADJ,devorada,1
0,Falsas,ADJ,consumiéndola,1
0,Falsas,ADJ,bárbaro,1
0,Falsas,ADJ,civilizado,1
0,Falsas,ADJ,creíble,1
0,Falsas,ADJ,colado,1
0,Falsas,ADJ,bianual,1
0,Falsas,ADJ,organizativo,1
0,Falsas,ADJ,aborto,1
0,Falsas,ADJ,tardío,1
0,Falsas,ADJ,abortivo,1
0,Falsas,ADJ,letal,1
0,Falsas,ADJ,desgarrador,1
0,Falsas,ADJ,inherente,1
0,Falsas,ADJ,impaciente,1
0,Falsas,ADJ,shido,1
0,Falsas,ADJ,keniato,1
0,Falsas,ADJ,ghanés,1
0,Falsas,ADJ,especificado,1
0,Falsas,ADJ,geólogo,1
0,Falsas,ADJ,septentrional,1
0,Falsas,ADJ,telúrico,1
0,Falsas,ADJ,tectónico,1
0,Falsas,ADJ,tectónica,1
0,Falsas,ADJ,abarco,1
0,Falsas,ADJ,distante,1
0,Falsas,ADJ,volcánico,1
0,Falsas,ADJ,lineal,1
0,Falsas,ADJ,predictivo,1
0,Falsas,ADJ,exagerado,1
0,Falsas,ADJ,examinada,1
0,Falsas,ADJ,acelerado,1
0,Falsas,ADJ,garantista,1
0,Falsas,ADJ,contactado,1
0,Falsas,ADJ,saudito,1
0,Falsas,ADJ,columnista,1
0,Falsas,ADJ,incuestionable,1
0,Falsas,ADJ,saludable,1
0,Falsas,ADJ,chantajeado,1
0,Falsas,ADJ,exitoso,1
0,Falsas,ADJ,indisoluble,1
0,Falsas,ADJ,agrupada,1
0,Falsas,ADJ,aragonés,1
0,Falsas,ADJ,suboficial,1
0,Falsas,ADJ,ofertado,1
0,Falsas,ADJ,candidato,1
0,Falsas,ADJ,adecuadamente,1
0,Falsas,ADJ,desinformador,1
0,Falsas,ADJ,atmósfero,1
0,Falsas,ADJ,gafa,1
0,Falsas,ADJ,doloroso,1
0,Falsas,ADJ,homologada,1
0,Falsas,ADJ,invadido,1
0,Falsas,ADJ,literario,1
0,Falsas,ADJ,tratado,1
0,Falsas,ADJ,prescrito,1
0,Falsas,ADJ,contagiós,1
0,Falsas,ADJ,paciente,1
0,Falsas,ADJ,autóctono,1
0,Falsas,ADJ,prenda,1
0,Falsas,ADJ,bacterián,1
0,Falsas,ADJ,tensionada,1
0,Falsas,ADJ,diferenciado,1
0,Falsas,ADJ,transmisibl,1
0,Falsas,ADJ,brillante,1
0,Falsas,ADJ,interesante,1
0,Falsas,ADJ,alerto,1
0,Falsas,ADJ,anticipatorio,1
0,Falsas,ADJ,propicio,1
0,Falsas,ADJ,encendido,1
0,Falsas,ADJ,hermano,1
0,Falsas,ADJ,eximido,1
0,Falsas,ADJ,deficiente,1
0,Falsas,ADJ,infectado,1
0,Falsas,ADJ,afirmado,1
0,Falsas,ADJ,maliens,1
0,Falsas,ADJ,desplazado,1
0,Falsas,ADJ,específicamente,1
0,Falsas,ADJ,planeado,1
0,Falsas,ADJ,adjudicado,1
0,Falsas,ADJ,publicación,1
0,Falsas,ADJ,sorprés,1
0,Falsas,ADJ,alimenticio,1
0,Falsas,ADJ,narrado,1
0,Falsas,ADJ,antieuropeísta,1
0,Falsas,ADJ,neerlandés,1
0,Falsas,ADJ,orquestado,1
0,Falsas,ADJ,deliberado,1
0,Falsas,ADJ,admirado,1
0,Falsas,ADJ,carambo,1
0,Falsas,ADJ,permisiva,1
0,Falsas,ADJ,dibujado,1
0,Falsas,ADJ,cartográfico,1
0,Falsas,ADJ,intercalado,1
0,Falsas,ADJ,descontextualizado,1
0,Falsas,ADJ,falsamente,1
0,Falsas,ADJ,montañoso,1
0,Falsas,ADJ,ortográfico,1
0,Falsas,ADJ,verídico,1
0,Falsas,ADJ,parado,1
0,Falsas,ADJ,uniforme,1
0,Falsas,ADJ,belga,1
0,Falsas,ADJ,capturado,1
0,Falsas,ADJ,selfi,1
0,Falsas,ADJ,malagueño,1
0,Falsas,ADJ,calcinado,1
0,Falsas,ADJ,descontrolado,1
0,Falsas,ADJ,sudanés,1
0,Falsas,ADJ,formalizada,1
0,Falsas,ADJ,judicializado,1
0,Falsas,ADJ,correspondo,1
0,Falsas,ADJ,cazado,1
0,Falsas,ADJ,indio,1
0,Falsas,ADJ,circulo,1
0,Falsas,ADJ,caucásico,1
0,Falsas,ADJ,conquense,1
0,Falsas,ADJ,inusual,1
0,Falsas,ADJ,clorhídrico,1
0,Falsas,ADJ,intercepto,1
0,Falsas,ADJ,varado,1
0,Falsas,ADJ,apedreado,1
0,Falsas,ADJ,podrido,1
0,Falsas,ADJ,conocedor,1
0,Falsas,ADJ,suplanto,1
0,Falsas,ADJ,pelea,1
0,Falsas,ADJ,saqueado,1
0,Falsas,ADJ,humillado,1
0,Falsas,ADJ,retratado,1
0,Falsas,ADJ,recaudado,1
0,Falsas,ADJ,jurisdiccional,1
0,Falsas,ADJ,limitador,1
0,Falsas,ADJ,preceptivo,1
0,Falsas,ADJ,privativo,1
0,Falsas,ADJ,sustitutiva,1
0,Falsas,ADJ,impuesto,1
0,Falsas,ADJ,descolonizada,1
0,Falsas,ADJ,pro-israel,1
0,Falsas,ADJ,alineado,1
0,Falsas,ADJ,indígena,1
0,Falsas,ADJ,emergency,1
0,Falsas,ADJ,reino,1
0,Falsas,ADJ,musulmán,1
0,Falsas,ADJ,disputado,1
0,Falsas,ADJ,inestable,1
0,Falsas,ADJ,desactualizado,1
0,Falsas,ADJ,ejecutado,1
0,Falsas,ADJ,patente,1
0,Falsas,ADJ,noruego,1
0,Falsas,ADJ,llano,1
0,Falsas,ADJ,eldiario.es,1
0,Falsas,ADJ,fotovoltaica,1
0,Falsas,ADJ,logístico,1
0,Falsas,ADJ,atribuirlo,1
0,Falsas,ADJ,chileno,1
0,Falsas,ADJ,aledaño,1
0,Falsas,ADJ,delantero,1
0,Falsas,ADJ,mixto,1
0,Falsas,ADJ,sudamericano,1
0,Falsas,ADJ,sobrenatural,1
0,Falsas,ADJ,pasional,1
0,Falsas,ADJ,conspiranoico,1
0,Falsas,ADJ,arbitral,1
0,Falsas,ADJ,apodado,1
0,Falsas,ADJ,pitido,1
0,Falsas,ADJ,futbolístico,1
0,Falsas,ADJ,alado,1
0,Falsas,ADJ,escultórico,1
0,Falsas,ADJ,arquitectónico,1
0,Falsas,ADJ,recorrido,1
0,Falsas,ADJ,implantado,1
0,Falsas,ADJ,compro,1
0,Falsas,ADJ,terciario,1
0,Falsas,ADJ,oriental,1
0,Falsas,ADJ,gibraltareño,1
0,Falsas,ADJ,cuantitativo,1
0,Falsas,ADJ,indirecto,1
0,Falsas,ADJ,evidencia,1
0,Falsas,ADJ,mapo,1
0,Falsas,ADJ,condicionado,1
0,Falsas,ADJ,preindustrial,1
0,Falsas,ADJ,causante,1
0,Falsas,ADJ,volcánica,1
0,Falsas,ADJ,categórico,1
0,Falsas,ADJ,incapacitante,1
0,Falsas,ADJ,embarazado,1
0,Falsas,ADJ,gestor,1
0,Falsas,ADJ,coloquial,1
0,Falsas,ADJ,justificativo,1
0,Falsas,ADJ,infrareglamentario,1
0,Falsas,ADJ,ampliándolo,1
0,Falsas,ADJ,reglamentario,1
0,Falsas,ADJ,optante,1
0,Falsas,ADJ,electora,1
0,Falsas,ADJ,inactivo,1
0,Falsas,ADJ,formidable,1
0,Falsas,ADJ,credencial,1
0,Falsas,ADJ,convincente,1
0,Falsas,ADJ,mundialista,1
0,Falsas,ADJ,unanimidad,1
0,Falsas,ADJ,dictado,1
0,Falsas,ADJ,avergonzado,1
0,Falsas,ADJ,humillo,1
0,Falsas,ADJ,extinguido,1
0,Falsas,ADJ,descartado,1
0,Falsas,ADJ,salido,1
0,Falsas,ADJ,imputabl,1
0,Falsas,ADJ,pic.twitter.com/bsgvoxtvmw,1
0,Falsas,ADJ,ampliado,1
0,Falsas,ADJ,hábil,1
0,Falsas,ADJ,colegiado,1
0,Falsas,ADJ,sostenido,1
0,Falsas,ADJ,meteorológico,1
0,Falsas,ADJ,nubós,1
0,Falsas,ADJ,post,1
0,Falsas,ADJ,mediterráneo,1
0,Falsas,ADJ,despejado,1
0,Falsas,ADJ,atmosférico,1
0,Falsas,ADJ,sahariano,1
0,Falsas,ADJ,ascendente,1
0,Falsas,ADJ,seco,1
0,Falsas,ADJ,involuntario,1
0,Falsas,ADJ,sensacionalista,1
0,Falsas,ADJ,criptomoneda,1
0,Falsas,ADJ,reputacional,1
0,Falsas,ADJ,cognitivo,1
0,Falsas,ADJ,táctico,1
0,Falsas,ADJ,clonada,1
0,Falsas,ADJ,verificada,1
0,Falsas,ADJ,cashless,1
0,Falsas,ADJ,vegetal,1
0,Falsas,ADJ,novedoso,1
0,Falsas,ADJ,conveniente,1
0,Falsas,ADJ,atento,1
0,Falsas,ADJ,cambiada,1
0,Falsas,ADJ,eprivacy,1
0,Falsas,ADJ,kurdo,1
0,Falsas,ADJ,vibrio,1
0,Falsas,ADJ,favorecido,1
0,Falsas,ADJ,acuático,1
0,Falsas,ADJ,cutánea,1
0,Falsas,ADJ,marino,1
0,Falsas,ADJ,templado,1
0,Falsas,ADJ,recreativa,1
0,Falsas,ADJ,costero,1
0,Falsas,ADJ,dulce,1
0,Falsas,ADJ,cocido,1
0,Falsas,ADJ,crudo,1
0,Falsas,ADJ,hepático,1
0,Falsas,ADJ,necrosant,1
0,Falsas,ADJ,debidas,1
0,Falsas,ADJ,identifique,1
0,Falsas,ADJ,añadiero,1
0,Falsas,ADJ,predeterminado,1
0,Falsas,ADJ,octava,1
0,Falsas,ADJ,trimestral,1
0,Falsas,ADJ,bruta,1
0,Falsas,ADJ,empadronado,1
0,Falsas,ADJ,taxativo,1
0,Falsas,ADJ,innegociable,1
0,Falsas,ADJ,anacrónico,1
0,Falsas,ADJ,poquito,1
0,Falsas,ADJ,postobligatoria,1
0,Falsas,ADJ,decorado,1
0,Falsas,ADJ,danés,1
0,Falsas,ADV,no,2161
0,Falsas,ADV,más,670
0,Falsas,ADV,también,397
0,Falsas,ADV,ya,340
0,Falsas,ADV,además,189
0,Falsas,ADV,antes,189
0,Falsas,ADV,después,182
0,Falsas,ADV,así,143
0,Falsas,ADV,ahora,126
0,Falsas,ADV,mucho,113
0,Falsas,ADV,menos,102
0,Falsas,ADV,tanto,72
0,Falsas,ADV,casi,65
0,Falsas,ADV,hoy,61
0,Falsas,ADV,tampoco,58
0,Falsas,ADV,solo,55
0,Falsas,ADV,siempre,54
0,Falsas,ADV,sólo,54
0,Falsas,ADV,fuera,53
0,Falsas,ADV,supuestamente,52
0,Falsas,ADV,nunca,49
0,Falsas,ADV,entonces,48
0,Falsas,ADV,todavía,47
0,Falsas,ADV,bien,45
0,Falsas,ADV,adelante,43
0,Falsas,ADV,dentro,40
0,Falsas,ADV,aún,39
0,Falsas,ADV,cerca,37
0,Falsas,ADV,incluso,35
0,Falsas,ADV,aquí,32
0,Falsas,ADV,finalmente,27
0,Falsas,ADV,actualmente,26
0,Falsas,ADV,allá,25
0,Falsas,ADV,especialmente,24
0,Falsas,ADV,atrás,23
0,Falsas,ADV,detrás,23
0,Falsas,ADV,directamente,23
0,Falsas,ADV,apenas,18
0,Falsas,ADV,previamente,18
0,Falsas,ADV,ayer,17
0,Falsas,ADV,posteriormente,17
0,Falsas,ADV,asimismo,17
0,Falsas,ADV,encima,16
0,Falsas,ADV,poco,16
0,Falsas,ADV,principalmente,16
0,Falsas,ADV,alrededor,16
0,Falsas,ADV,allí,15
0,Falsas,ADV,totalmente,14
0,Falsas,ADV,recientemente,13
0,Falsas,ADV,únicamente,13
0,Falsas,ADV,abajo,12
0,Falsas,ADV,previsiblemente,12
0,Falsas,ADV,claro,11
0,Falsas,ADV,luego,11
0,Falsas,ADV,prácticamente,11
0,Falsas,ADV,mejor,11
0,Falsas,ADV,ni,11
0,Falsas,ADV,legalmente,11
0,Falsas,ADV,concretamente,10
0,Falsas,ADV,irregularmente,10
0,Falsas,ADV,exclusivamente,9
0,Falsas,ADV,frente,9
0,Falsas,ADV,justo,9
0,Falsas,ADV,definitivamente,9
0,Falsas,ADV,respectivamente,9
0,Falsas,ADV,hasta,9
0,Falsas,ADV,delante,9
0,Falsas,ADV,tarde,9
0,Falsas,ADV,precisamente,9
0,Falsas,ADV,ahí,9
0,Falsas,ADV,aberrante,9
0,Falsas,ADV,claramente,8
0,Falsas,ADV,pronto,8
0,Falsas,ADV,inmediatamente,8
0,Falsas,ADV,mañana,7
0,Falsas,ADV,expresidente,7
0,Falsas,ADV,absolutamente,7
0,Falsas,ADV,presuntamente,7
0,Falsas,ADV,lejos,7
0,Falsas,ADV,expresamente,7
0,Falsas,ADV,automáticamente,7
0,Falsas,ADV,públicamente,6
0,Falsas,ADV,nada,6
0,Falsas,ADV,bastante,6
0,Falsas,ADV,jurídicamente,6
0,Falsas,ADV,aparentemente,6
0,Falsas,ADV,plenamente,5
0,Falsas,ADV,formalmente,5
0,Falsas,ADV,personalmente,5
0,Falsas,ADV,exactamente,5
0,Falsas,ADV,mal,5
0,Falsas,ADV,inicialmente,5
0,Falsas,ADV,completamente,5
0,Falsas,ADV,sí,5
0,Falsas,ADV,jamás,5
0,Falsas,ADV,newtral.es,5
0,Falsas,ADV,algo,4
0,Falsas,ADV,arriba,4
0,Falsas,ADV,independientemente,4
0,Falsas,ADV,probablemente,4
0,Falsas,ADV,recién,4
0,Falsas,ADV,abiertamente,4
0,Falsas,ADV,duramente,4
0,Falsas,ADV,realmente,4
0,Falsas,ADV,estrictamente,4
0,Falsas,ADV,simplemente,4
0,Falsas,ADV,demasiado,4
0,Falsas,ADV,sintéticamente,4
0,Falsas,ADV,efectivamente,4
0,Falsas,ADV,habitualmente,4
0,Falsas,ADV,urge,3
0,Falsas,ADV,primero,3
0,Falsas,ADV,parcialmente,3
0,Falsas,ADV,profundamente,3
0,Falsas,ADV,categóricamente,3
0,Falsas,ADV,rápidamente,3
0,Falsas,ADV,conjuntamente,3
0,Falsas,ADV,ampliamente,3
0,Falsas,ADV,teóricamente,3
0,Falsas,ADV,temporalmente,3
0,Falsas,ADV,ilegalmente,3
0,Falsas,ADV,seguramente,3
0,Falsas,ADV,suficientemente,3
0,Falsas,ADV,igualmente,3
0,Falsas,ADV,necesariamente,3
0,Falsas,ADV,perfectamente,3
0,Falsas,ADV,generalmente,3
0,Falsas,ADV,oficialmente,3
0,Falsas,ADV,específicamente,3
0,Falsas,ADV,individualmente,3
0,Falsas,ADV,apunte,3
0,Falsas,ADV,anteriormente,3
0,Falsas,ADV,unilateralmente,3
0,Falsas,ADV,aparte,2
0,Falsas,ADV,rotundamente,2
0,Falsas,ADV,salvo,2
0,Falsas,ADV,puntualmente,2
0,Falsas,ADV,mutuamente,2
0,Falsas,ADV,solamente,2
0,Falsas,ADV,discretamente,2
0,Falsas,ADV,mientras,2
0,Falsas,ADV,aun,2
0,Falsas,ADV,seriamente,2
0,Falsas,ADV,escuche,2
0,Falsas,ADV,acerca,2
0,Falsas,ADV,fía,2
0,Falsas,ADV,próximamente,2
0,Falsas,ADV,igual,2
0,Falsas,ADV,pregunte,2
0,Falsas,ADV,as,2
0,Falsas,ADV,económicamente,2
0,Falsas,ADV,anualmente,2
0,Falsas,ADV,difícilmente,2
0,Falsas,ADV,potencialmente,2
0,Falsas,ADV,aproximadamente,2
0,Falsas,ADV,diariamente,2
0,Falsas,ADV,sobreviviente,2
0,Falsas,ADV,considerablemente,2
0,Falsas,ADV,spoofing,2
0,Falsas,ADV,debajo,2
0,Falsas,ADV,irónicamente,2
0,Falsas,ADV,originalmente,2
0,Falsas,ADV,erróneamente,2
0,Falsas,ADV,participante,2
0,Falsas,ADV,voluntariamente,2
0,Falsas,ADV,quizá,1
0,Falsas,ADV,meyer,1
0,Falsas,ADV,levemente,1
0,Falsas,ADV,constantemente,1
0,Falsas,ADV,anteayer,1
0,Falsas,ADV,parcial,1
0,Falsas,ADV,peor,1
0,Falsas,ADV,presencialmente,1
0,Falsas,ADV,tank,1
0,Falsas,ADV,gratis,1
0,Falsas,ADV,felizmente,1
0,Falsas,ADV,negativamente,1
0,Falsas,ADV,monarca,1
0,Falsas,ADV,satisfactoriamente,1
0,Falsas,ADV,antaño,1
0,Falsas,ADV,notablemente,1
0,Falsas,ADV,injustamente,1
0,Falsas,ADV,paradójicamente,1
0,Falsas,ADV,positivamente,1
0,Falsas,ADV,distante,1
0,Falsas,ADV,arropa,1
0,Falsas,ADV,indebidamente,1
0,Falsas,ADV,gravemente,1
0,Falsas,ADV,activamente,1
0,Falsas,ADV,adecuadamente,1
0,Falsas,ADV,cuanto,1
0,Falsas,ADV,ligeramente,1
0,Falsas,ADV,legítimamente,1
0,Falsas,ADV,ostente,1
0,Falsas,ADV,-previamente,1
0,Falsas,ADV,temprano,1
0,Falsas,ADV,ideológicamente,1
0,Falsas,ADV,cautelarmente,1
0,Falsas,ADV,intensamente,1
0,Falsas,ADV,candente,1
0,Falsas,ADV,fielmente,1
0,Falsas,ADV,nuevamente,1
0,Falsas,ADV,seguro,1
0,Falsas,ADV,defectuosa”,1
0,Falsas,ADV,beamonte,1
0,Falsas,ADV,frontalmente,1
0,Falsas,ADV,internacionalmente,1
0,Falsas,ADV,indiferente,1
0,Falsas,ADV,visiblemente,1
0,Falsas,ADV,sois,1
0,Falsas,ADV,envuelto,1
0,Falsas,ADV,posiblemente,1
0,Falsas,ADV,telemáticamente,1
0,Falsas,ADV,brevemente,1
0,Falsas,ADV,sorpresivamente,1
0,Falsas,ADV,continuamente,1
0,Falsas,ADV,durísimamente,1
0,Falsas,ADV,insistentemente,1
0,Falsas,ADV,preponderante,1
0,Falsas,ADV,arranca,1
0,Falsas,ADV,indecente,1
0,Falsas,ADV,electoralmente,1
0,Falsas,ADV,ferozmente,1
0,Falsas,ADV,debidamente,1
0,Falsas,ADV,políticamente,1
0,Falsas,ADV,incorrectamente,1
0,Falsas,ADV,sic,1
0,Falsas,ADV,artificialmente,1
0,Falsas,ADV,din-don,1
0,Falsas,ADV,básicamente,1
0,Falsas,ADV,engañosamente,1
0,Falsas,ADV,enseguida,1
0,Falsas,ADV,represente,1
0,Falsas,ADV,explícitamente,1
0,Falsas,ADV,algorítmicamente,1
0,Falsas,ADV,décima,1
0,Falsas,ADV,progresivamente,1
0,Falsas,ADV,significativamente,1
0,Falsas,ADV,so,1
0,Falsas,ADV,lógicamente,1
0,Falsas,ADV,altamente,1
0,Falsas,ADV,literalmente,1
0,Falsas,ADV,correctamente,1
0,Falsas,ADV,preliminarmente,1
0,Falsas,ADV,severamente,1
0,Falsas,ADV,solicitante,1
0,Falsas,ADV,falcon,1
0,Falsas,ADV,ayuso,1
0,Falsas,ADV,permanentemente,1
0,Falsas,ADV,históricamente,1
0,Falsas,ADV,excesivamente,1
0,Falsas,ADV,falsamente,1
0,Falsas,ADV,violentamente,1
0,Falsas,ADV,judicialmente,1
0,Falsas,ADV,ingesa,1
0,Falsas,ADV,indirectamente,1
0,Falsas,ADV,íntegramente,1
0,Falsas,ADV,quizás,1
0,Falsas,ADV,mayoritariamente,1
0,Falsas,ADV,sucesivamente,1
0,Falsas,ADV,nomás,1
0,Falsas,ADV,relativamente,1
0,Falsas,ADV,últimamente,1
0,Falsas,ADV,sustente,1
0,Falsas,ADV,favorablemente,1
0,Falsas,ADV,administrativamente,1
0,Falsas,ADV,civilmente,1
0,Falsas,ADV,gestante,1
0,Falsas,ADV,cuidadosamente,1
0,Falsas,ADV,sobrante,1
0,Falsas,ADV,atribuyéndolos,1
0,Falsas,ADV,recurrentemente,1
0,Falsas,ADV,coloquialmente,1
0,Falsas,ADV,trimestralmente,1
0,Falsas,ADV,deliberadamente,1
0,Falsas,PRON,él,3999
0,Falsas,PRON,que,3548
0,Falsas,PRON,qué,293
0,Falsas,PRON,este,205
0,Falsas,PRON,uno,192
0,Falsas,PRON,yo,174
0,Falsas,PRON,donde,128
0,Falsas,PRON,quien,119
0,Falsas,PRON,otro,107
0,Falsas,PRON,cómo,94
0,Falsas,PRON,alguno,67
0,Falsas,PRON,todo,60
0,Falsas,PRON,quién,51
0,Falsas,PRON,ese,45
0,Falsas,PRON,algo,43
0,Falsas,PRON,nada,41
0,Falsas,PRON,cuyo,40
0,Falsas,PRON,tú,36
0,Falsas,PRON,mismo,27
0,Falsas,PRON,nadie,25
0,Falsas,PRON,cual,23
0,Falsas,PRON,dónde,18
0,Falsas,PRON,cuándo,15
0,Falsas,PRON,ninguno,14
0,Falsas,PRON,mucho,14
0,Falsas,PRON,cuál,14
0,Falsas,PRON,cuando,13
0,Falsas,PRON,aquel,13
0,Falsas,PRON,alguien,13
0,Falsas,PRON,tal,10
0,Falsas,PRON,varios,10
0,Falsas,PRON,usted,8
0,Falsas,PRON,demá,7
0,Falsas,PRON,su,5
0,Falsas,PRON,ábalo,5
0,Falsas,PRON,cuánto,5
0,Falsas,PRON,como,3
0,Falsas,PRON,urge,2
0,Falsas,PRON,habéi,2
0,Falsas,PRON,cualquiera,1
0,Falsas,PRON,eh-psc,1
0,Falsas,PRON,rol,1
0,Falsas,PRON,uño,1
0,Falsas,PRON,tranquilo,1
0,Falsas,PRON,poco,1
0,Falsas,PRON,c,1
0,Falsas,PRON,procese,1
0,Falsas,PRON,visitarlo,1
0,Falsas,PRON,nuestro,1
0,Falsas,PRON,lle,1
1,Verdaderas,NOUN,año,857
1,Verdaderas,NOUN,país,562
1,Verdaderas,NOUN,presidente,454
1,Verdaderas,NOUN,persona,400
1,Verdaderas,NOUN,partido,363
1,Verdaderas,NOUN,gobierno,354
1,Verdaderas,NOUN,parte,351
1,Verdaderas,NOUN,día,337
1,Verdaderas,NOUN,caso,329
1,Verdaderas,NOUN,acuerdo,292
1,Verdaderas,NOUN,imagen,290
1,Verdaderas,NOUN,millón,251
1,Verdaderas,NOUN,vez,236
1,Verdaderas,NOUN,terremoto,232
1,Verdaderas,NOUN,grupo,225
1,Verdaderas,NOUN,elección,224
1,Verdaderas,NOUN,líder,224
1,Verdaderas,NOUN,noticia,219
1,Verdaderas,NOUN,ley,215
1,Verdaderas,NOUN,mes,211
1,Verdaderas,NOUN,lugar,205
1,Verdaderas,NOUN,mujer,199
1,Verdaderas,NOUN,medida,188
1,Verdaderas,NOUN,empresa,184
1,Verdaderas,NOUN,familia,180
1,Verdaderas,NOUN,momento,179
1,Verdaderas,NOUN,derecho,176
1,Verdaderas,NOUN,semana,174
1,Verdaderas,NOUN,tiempo,169
1,Verdaderas,NOUN,situación,165
1,Verdaderas,NOUN,vida,164
1,Verdaderas,NOUN,derecha,163
1,Verdaderas,NOUN,ciudad,163
1,Verdaderas,NOUN,voto,160
1,Verdaderas,NOUN,formación,160
1,Verdaderas,NOUN,historia,158
1,Verdaderas,NOUN,hora,156
1,Verdaderas,NOUN,fuente,156
1,Verdaderas,NOUN,candidato,156
1,Verdaderas,NOUN,frente,155
1,Verdaderas,NOUN,mayoría,154
1,Verdaderas,NOUN,juez,149
1,Verdaderas,NOUN,apoyo,147
1,Verdaderas,NOUN,cambio,145
1,Verdaderas,NOUN,viernes,145
1,Verdaderas,NOUN,poder,145
1,Verdaderas,NOUN,víctima,142
1,Verdaderas,NOUN,medio,140
1,Verdaderas,NOUN,euros,139
1,Verdaderas,NOUN,ministro,136
1,Verdaderas,NOUN,decisión,134
1,Verdaderas,NOUN,política,133
1,Verdaderas,NOUN,seguridad,133
1,Verdaderas,NOUN,zona,131
1,Verdaderas,NOUN,embargo,130
1,Verdaderas,NOUN,investigación,129
1,Verdaderas,NOUN,hijo,129
1,Verdaderas,NOUN,comunidad,128
1,Verdaderas,NOUN,mundo,127
1,Verdaderas,NOUN,proyecto,126
1,Verdaderas,NOUN,reforma,125
1,Verdaderas,NOUN,campaña,125
1,Verdaderas,NOUN,proceso,124
1,Verdaderas,NOUN,región,123
1,Verdaderas,NOUN,recurso,122
1,Verdaderas,NOUN,izquierda,121
1,Verdaderas,NOUN,trabajo,120
1,Verdaderas,NOUN,presidenta,119
1,Verdaderas,NOUN,acto,119
1,Verdaderas,NOUN,autoridad,119
1,Verdaderas,NOUN,estado,117
1,Verdaderas,NOUN,relación,117
1,Verdaderas,NOUN,problema,116
1,Verdaderas,NOUN,cuenta,114
1,Verdaderas,NOUN,punto,114
1,Verdaderas,NOUN,cargo,113
1,Verdaderas,NOUN,portavoz,112
1,Verdaderas,NOUN,forma,112
1,Verdaderas,NOUN,fuerza,111
1,Verdaderas,NOUN,necesita,111
1,Verdaderas,NOUN,dato,109
1,Verdaderas,NOUN,sistema,109
1,Verdaderas,NOUN,delito,107
1,Verdaderas,NOUN,organización,107
1,Verdaderas,NOUN,lunes,107
1,Verdaderas,NOUN,década,107
1,Verdaderas,NOUN,padre,106
1,Verdaderas,NOUN,centro,105
1,Verdaderas,NOUN,informe,104
1,Verdaderas,NOUN,prisión,102
1,Verdaderas,NOUN,discurso,102
1,Verdaderas,NOUN,canal,102
1,Verdaderas,NOUN,libertad,101
1,Verdaderas,NOUN,información,100
1,Verdaderas,NOUN,manera,100
1,Verdaderas,NOUN,resultado,100
1,Verdaderas,NOUN,rey,99
1,Verdaderas,NOUN,diputado,99
1,Verdaderas,NOUN,isla,99
1,Verdaderas,NOUN,gente,99
1,Verdaderas,NOUN,magnitud,99
1,Verdaderas,NOUN,hecho,98
1,Verdaderas,NOUN,causa,98
1,Verdaderas,NOUN,agua,98
1,Verdaderas,NOUN,selección,98
1,Verdaderas,NOUN,crisis,97
1,Verdaderas,NOUN,contenido,96
1,Verdaderas,NOUN,sismo,96
1,Verdaderas,NOUN,sector,95
1,Verdaderas,NOUN,experto,95
1,Verdaderas,NOUN,actividad,95
1,Verdaderas,NOUN,red,95
1,Verdaderas,NOUN,casa,94
1,Verdaderas,NOUN,tipo,92
1,Verdaderas,NOUN,número,92
1,Verdaderas,NOUN,hombre,91
1,Verdaderas,NOUN,pese,91
1,Verdaderas,NOUN,cosa,90
1,Verdaderas,NOUN,capital,89
1,Verdaderas,NOUN,violencia,89
1,Verdaderas,NOUN,falta,89
1,Verdaderas,NOUN,madre,89
1,Verdaderas,NOUN,ministra,88
1,Verdaderas,NOUN,control,88
1,Verdaderas,NOUN,vivienda,88
1,Verdaderas,NOUN,martes,87
1,Verdaderas,NOUN,condición,87
1,Verdaderas,NOUN,secretario,87
1,Verdaderas,NOUN,reunión,86
1,Verdaderas,NOUN,jueves,86
1,Verdaderas,NOUN,equipo,86
1,Verdaderas,NOUN,juicio,86
1,Verdaderas,NOUN,aplicación,85
1,Verdaderas,NOUN,debate,85
1,Verdaderas,NOUN,tema,85
1,Verdaderas,NOUN,miembro,85
1,Verdaderas,NOUN,edificio,85
1,Verdaderas,NOUN,cárcel,84
1,Verdaderas,NOUN,propuesta,84
1,Verdaderas,NOUN,fin,84
1,Verdaderas,NOUN,análisis,84
1,Verdaderas,NOUN,clave,83
1,Verdaderas,NOUN,muerte,82
1,Verdaderas,NOUN,población,82
1,Verdaderas,NOUN,abogado,82
1,Verdaderas,NOUN,ejemplo,82
1,Verdaderas,NOUN,alerta,81
1,Verdaderas,NOUN,sentencia,81
1,Verdaderas,NOUN,newsletter,81
1,Verdaderas,NOUN,objetivo,80
1,Verdaderas,NOUN,resto,80
1,Verdaderas,NOUN,contra,80
1,Verdaderas,NOUN,programa,79
1,Verdaderas,NOUN,oposición,79
1,Verdaderas,NOUN,alcalde,79
1,Verdaderas,NOUN,paso,78
1,Verdaderas,NOUN,nombre,78
1,Verdaderas,NOUN,pacto,77
1,Verdaderas,NOUN,nivel,77
1,Verdaderas,NOUN,movimiento,77
1,Verdaderas,NOUN,tribunal,77
1,Verdaderas,NOUN,libro,77
1,Verdaderas,NOUN,espacio,76
1,Verdaderas,NOUN,institución,76
1,Verdaderas,NOUN,respuesta,76
1,Verdaderas,NOUN,través,75
1,Verdaderas,NOUN,negociación,75
1,Verdaderas,NOUN,guerra,75
1,Verdaderas,NOUN,final,75
1,Verdaderas,NOUN,entrevista,75
1,Verdaderas,NOUN,riesgo,74
1,Verdaderas,NOUN,mensaje,74
1,Verdaderas,NOUN,servicio,74
1,Verdaderas,NOUN,daño,74
1,Verdaderas,NOUN,agosto,74
1,Verdaderas,NOUN,operación,74
1,Verdaderas,NOUN,periodista,73
1,Verdaderas,NOUN,ayuda,73
1,Verdaderas,NOUN,joven,72
1,Verdaderas,NOUN,niño,72
1,Verdaderas,NOUN,territorio,72
1,Verdaderas,NOUN,documento,71
1,Verdaderas,NOUN,solo,71
1,Verdaderas,NOUN,idea,71
1,Verdaderas,NOUN,coalición,70
1,Verdaderas,NOUN,declaración,70
1,Verdaderas,NOUN,departamento,70
1,Verdaderas,NOUN,mano,69
1,Verdaderas,NOUN,investidura,69
1,Verdaderas,NOUN,julio,69
1,Verdaderas,NOUN,posibilidad,68
1,Verdaderas,NOUN,agente,68
1,Verdaderas,NOUN,petróleo,68
1,Verdaderas,NOUN,comisión,67
1,Verdaderas,NOUN,negocio,67
1,Verdaderas,NOUN,emergencia,67
1,Verdaderas,NOUN,municipio,67
1,Verdaderas,NOUN,fondo,67
1,Verdaderas,NOUN,dirección,67
1,Verdaderas,NOUN,puerta,67
1,Verdaderas,NOUN,detención,67
1,Verdaderas,NOUN,inversión,67
1,Verdaderas,NOUN,cara,66
1,Verdaderas,NOUN,atención,66
1,Verdaderas,NOUN,hospital,66
1,Verdaderas,NOUN,septiembre,65
1,Verdaderas,NOUN,escombro,65
1,Verdaderas,NOUN,pesar,64
1,Verdaderas,NOUN,estrategia,64
1,Verdaderas,NOUN,orden,64
1,Verdaderas,NOUN,lista,63
1,Verdaderas,NOUN,vicepresidenta,63
1,Verdaderas,NOUN,iniciativa,63
1,Verdaderas,NOUN,acceso,63
1,Verdaderas,NOUN,expresidente,62
1,Verdaderas,NOUN,ultraderecha,62
1,Verdaderas,NOUN,candidatura,62
1,Verdaderas,NOUN,corrupción,62
1,Verdaderas,NOUN,dinero,62
1,Verdaderas,NOUN,favor,62
1,Verdaderas,NOUN,mayo,62
1,Verdaderas,NOUN,x,62
1,Verdaderas,NOUN,calle,61
1,Verdaderas,NOUN,precio,61
1,Verdaderas,NOUN,salud,61
1,Verdaderas,NOUN,ataque,60
1,Verdaderas,NOUN,plan,60
1,Verdaderas,NOUN,socio,60
1,Verdaderas,NOUN,socialista,60
1,Verdaderas,NOUN,capacidad,60
1,Verdaderas,NOUN,prueba,59
1,Verdaderas,NOUN,enero,59
1,Verdaderas,NOUN,posición,59
1,Verdaderas,NOUN,plazo,59
1,Verdaderas,NOUN,diferencia,59
1,Verdaderas,NOUN,economía,59
1,Verdaderas,NOUN,dirigente,58
1,Verdaderas,NOUN,junio,58
1,Verdaderas,NOUN,régimen,58
1,Verdaderas,NOUN,democracia,58
1,Verdaderas,NOUN,empresario,58
1,Verdaderas,NOUN,hija,58
1,Verdaderas,NOUN,decena,57
1,Verdaderas,NOUN,especie,57
1,Verdaderas,NOUN,acción,57
1,Verdaderas,NOUN,acusación,57
1,Verdaderas,NOUN,responsabilidad,57
1,Verdaderas,NOUN,sociedad,57
1,Verdaderas,NOUN,magistrado,56
1,Verdaderas,NOUN,palabra,56
1,Verdaderas,NOUN,cifra,56
1,Verdaderas,NOUN,condena,56
1,Verdaderas,NOUN,realidad,56
1,Verdaderas,NOUN,respecto,56
1,Verdaderas,NOUN,alimento,56
1,Verdaderas,NOUN,pueblo,55
1,Verdaderas,NOUN,escaño,55
1,Verdaderas,NOUN,estudiante,55
1,Verdaderas,NOUN,moción,54
1,Verdaderas,NOUN,contrato,54
1,Verdaderas,NOUN,pandemia,54
1,Verdaderas,NOUN,vía,54
1,Verdaderas,NOUN,familiar,54
1,Verdaderas,NOUN,petición,53
1,Verdaderas,NOUN,comunicado,53
1,Verdaderas,NOUN,presencia,53
1,Verdaderas,NOUN,lucha,53
1,Verdaderas,NOUN,noche,53
1,Verdaderas,NOUN,kilómetro,53
1,Verdaderas,NOUN,crítica,52
1,Verdaderas,NOUN,papel,52
1,Verdaderas,NOUN,clase,52
1,Verdaderas,NOUN,prensa,52
1,Verdaderas,NOUN,interés,51
1,Verdaderas,NOUN,presión,51
1,Verdaderas,NOUN,obra,51
1,Verdaderas,NOUN,político,51
1,Verdaderas,NOUN,independencia,51
1,Verdaderas,NOUN,ciudadano,50
1,Verdaderas,NOUN,policía,50
1,Verdaderas,NOUN,protesta,50
1,Verdaderas,NOUN,preso,50
1,Verdaderas,NOUN,cuerpo,50
1,Verdaderas,NOUN,director,49
1,Verdaderas,NOUN,crimen,49
1,Verdaderas,NOUN,gestión,49
1,Verdaderas,NOUN,denuncia,49
1,Verdaderas,NOUN,presidencia,49
1,Verdaderas,NOUN,marco,48
1,Verdaderas,NOUN,muerto,48
1,Verdaderas,NOUN,fenómeno,48
1,Verdaderas,NOUN,producción,48
1,Verdaderas,NOUN,inteligencia,48
1,Verdaderas,NOUN,texto,47
1,Verdaderas,NOUN,carrera,47
1,Verdaderas,NOUN,pregunta,47
1,Verdaderas,NOUN,tensión,47
1,Verdaderas,NOUN,marzo,47
1,Verdaderas,NOUN,oportunidad,47
1,Verdaderas,NOUN,rescate,47
1,Verdaderas,NOUN,reserva,47
1,Verdaderas,NOUN,matrimonio,47
1,Verdaderas,NOUN,encuesta,46
1,Verdaderas,NOUN,derechos,46
1,Verdaderas,NOUN,humanos,46
1,Verdaderas,NOUN,luz,46
1,Verdaderas,NOUN,militar,46
1,Verdaderas,NOUN,base,46
1,Verdaderas,NOUN,visita,46
1,Verdaderas,NOUN,placa,46
1,Verdaderas,NOUN,conflicto,45
1,Verdaderas,NOUN,defensa,45
1,Verdaderas,NOUN,siglo,45
1,Verdaderas,NOUN,miércoles,45
1,Verdaderas,NOUN,uso,45
1,Verdaderas,NOUN,época,45
1,Verdaderas,NOUN,puesto,45
1,Verdaderas,NOUN,unidad,45
1,Verdaderas,NOUN,mandatario,45
1,Verdaderas,NOUN,niña,45
1,Verdaderas,NOUN,ingreso,45
1,Verdaderas,NOUN,jefe,44
1,Verdaderas,NOUN,identidad,44
1,Verdaderas,NOUN,necesidad,44
1,Verdaderas,NOUN,área,44
1,Verdaderas,NOUN,president,44
1,Verdaderas,NOUN,razón,44
1,Verdaderas,NOUN,tierra,44
1,Verdaderas,NOUN,justicia,44
1,Verdaderas,NOUN,pareja,44
1,Verdaderas,NOUN,partir,43
1,Verdaderas,NOUN,jueza,43
1,Verdaderas,NOUN,hermano,43
1,Verdaderas,NOUN,localidad,43
1,Verdaderas,NOUN,impacto,43
1,Verdaderas,NOUN,residencia,43
1,Verdaderas,NOUN,fecha,43
1,Verdaderas,NOUN,efecto,43
1,Verdaderas,NOUN,video,43
1,Verdaderas,NOUN,soberanía,43
1,Verdaderas,NOUN,profundidad,43
1,Verdaderas,NOUN,diciembre,42
1,Verdaderas,NOUN,actuación,42
1,Verdaderas,NOUN,impuesto,42
1,Verdaderas,NOUN,habitante,42
1,Verdaderas,NOUN,costa,42
1,Verdaderas,NOUN,estudio,42
1,Verdaderas,NOUN,gasto,42
1,Verdaderas,NOUN,principio,42
1,Verdaderas,NOUN,fiscal,42
1,Verdaderas,NOUN,funcionario,42
1,Verdaderas,NOUN,esfuerzo,42
1,Verdaderas,NOUN,epicentro,42
1,Verdaderas,NOUN,escuela,42
1,Verdaderas,NOUN,gracias,41
1,Verdaderas,NOUN,demanda,41
1,Verdaderas,NOUN,alarma,41
1,Verdaderas,NOUN,2022,41
1,Verdaderas,NOUN,estructura,41
1,Verdaderas,NOUN,factor,41
1,Verdaderas,NOUN,amenaza,40
1,Verdaderas,NOUN,legislatura,40
1,Verdaderas,NOUN,responsable,40
1,Verdaderas,NOUN,administración,40
1,Verdaderas,NOUN,censura,40
1,Verdaderas,NOUN,diálogo,40
1,Verdaderas,NOUN,energía,40
1,Verdaderas,NOUN,función,40
1,Verdaderas,NOUN,octubre,40
1,Verdaderas,NOUN,intervención,40
1,Verdaderas,NOUN,término,40
1,Verdaderas,NOUN,experiencia,40
1,Verdaderas,NOUN,intento,40
1,Verdaderas,NOUN,consecuencia,40
1,Verdaderas,NOUN,éxito,40
1,Verdaderas,NOUN,manifestación,39
1,Verdaderas,NOUN,norma,39
1,Verdaderas,NOUN,decreto,39
1,Verdaderas,NOUN,2019,39
1,Verdaderas,NOUN,solicitud,39
1,Verdaderas,NOUN,diputada,39
1,Verdaderas,NOUN,aumento,39
1,Verdaderas,NOUN,empleo,39
1,Verdaderas,NOUN,inicio,39
1,Verdaderas,NOUN,escenario,39
1,Verdaderas,NOUN,construcción,39
1,Verdaderas,NOUN,valor,39
1,Verdaderas,NOUN,compañía,39
1,Verdaderas,NOUN,trabajador,38
1,Verdaderas,NOUN,órgano,38
1,Verdaderas,NOUN,competencia,38
1,Verdaderas,NOUN,sábado,38
1,Verdaderas,NOUN,representante,38
1,Verdaderas,NOUN,mandato,38
1,Verdaderas,NOUN,pérdida,38
1,Verdaderas,NOUN,camino,38
1,Verdaderas,NOUN,vecino,38
1,Verdaderas,NOUN,chagra,38
1,Verdaderas,NOUN,material,37
1,Verdaderas,NOUN,preocupación,37
1,Verdaderas,NOUN,primaria,37
1,Verdaderas,NOUN,torno,37
1,Verdaderas,NOUN,carta,37
1,Verdaderas,NOUN,mesa,37
1,Verdaderas,NOUN,minuto,37
1,Verdaderas,NOUN,cuestión,37
1,Verdaderas,NOUN,modelo,37
1,Verdaderas,NOUN,hambre,37
1,Verdaderas,NOUN,mitad,37
1,Verdaderas,NOUN,versión,37
1,Verdaderas,NOUN,financiación,36
1,Verdaderas,NOUN,figura,36
1,Verdaderas,NOUN,línea,36
1,Verdaderas,NOUN,popular,36
1,Verdaderas,NOUN,futuro,36
1,Verdaderas,NOUN,comunicación,36
1,Verdaderas,NOUN,asunto,36
1,Verdaderas,NOUN,entidad,36
1,Verdaderas,NOUN,asesinato,36
1,Verdaderas,NOUN,jornada,36
1,Verdaderas,NOUN,artículo,36
1,Verdaderas,NOUN,salida,36
1,Verdaderas,NOUN,cabeza,35
1,Verdaderas,NOUN,motivo,35
1,Verdaderas,NOUN,dictadura,35
1,Verdaderas,NOUN,origen,35
1,Verdaderas,NOUN,encuentro,35
1,Verdaderas,NOUN,error,35
1,Verdaderas,NOUN,intención,35
1,Verdaderas,NOUN,mercado,35
1,Verdaderas,NOUN,tanto,35
1,Verdaderas,NOUN,general,35
1,Verdaderas,NOUN,contexto,35
1,Verdaderas,NOUN,agencia,35
1,Verdaderas,NOUN,labor,35
1,Verdaderas,NOUN,inglés,35
1,Verdaderas,NOUN,lado,34
1,Verdaderas,NOUN,vicepresidente,34
1,Verdaderas,NOUN,comisario,34
1,Verdaderas,NOUN,largo,34
1,Verdaderas,NOUN,firma,34
1,Verdaderas,NOUN,exministro,34
1,Verdaderas,NOUN,aeropuerto,34
1,Verdaderas,NOUN,peso,34
1,Verdaderas,NOUN,infraestructura,34
1,Verdaderas,NOUN,recuperación,34
1,Verdaderas,NOUN,2025,34
1,Verdaderas,NOUN,analista,34
1,Verdaderas,NOUN,arma,33
1,Verdaderas,NOUN,participación,33
1,Verdaderas,NOUN,franquismo,33
1,Verdaderas,NOUN,comercio,33
1,Verdaderas,NOUN,votación,33
1,Verdaderas,NOUN,migrant,33
1,Verdaderas,NOUN,provincia,33
1,Verdaderas,NOUN,herramienta,33
1,Verdaderas,NOUN,2018,33
1,Verdaderas,NOUN,entrada,33
1,Verdaderas,NOUN,tragedia,33
1,Verdaderas,NOUN,industria,33
1,Verdaderas,NOUN,memoria,32
1,Verdaderas,NOUN,postura,32
1,Verdaderas,NOUN,género,32
1,Verdaderas,NOUN,conversación,32
1,Verdaderas,NOUN,marcha,32
1,Verdaderas,NOUN,anuncio,32
1,Verdaderas,NOUN,evento,32
1,Verdaderas,NOUN,sanción,32
1,Verdaderas,NOUN,exhumación,32
1,Verdaderas,NOUN,esperanza,32
1,Verdaderas,NOUN,colegio,32
1,Verdaderas,NOUN,educación,32
1,Verdaderas,NOUN,herido,32
1,Verdaderas,NOUN,vínculo,32
1,Verdaderas,NOUN,sobreviviente,32
1,Verdaderas,NOUN,nombramiento,31
1,Verdaderas,NOUN,compromiso,31
1,Verdaderas,NOUN,sede,31
1,Verdaderas,NOUN,sindicato,31
1,Verdaderas,NOUN,ocasión,31
1,Verdaderas,NOUN,español,31
1,Verdaderas,NOUN,cabo,31
1,Verdaderas,NOUN,frontera,31
1,Verdaderas,NOUN,desafío,31
1,Verdaderas,NOUN,voz,31
1,Verdaderas,NOUN,polémica,31
1,Verdaderas,NOUN,profesor,31
1,Verdaderas,NOUN,campo,31
1,Verdaderas,NOUN,desarrollo,31
1,Verdaderas,NOUN,diario,31
1,Verdaderas,NOUN,lectura,31
1,Verdaderas,NOUN,llegada,31
1,Verdaderas,NOUN,ciencia,31
1,Verdaderas,NOUN,narcotráfico,31
1,Verdaderas,NOUN,multa,30
1,Verdaderas,NOUN,pieza,30
1,Verdaderas,NOUN,sesión,30
1,Verdaderas,NOUN,dimisión,30
1,Verdaderas,NOUN,juzgado,30
1,Verdaderas,NOUN,plataforma,30
1,Verdaderas,NOUN,vuelta,30
1,Verdaderas,NOUN,domingo,30
1,Verdaderas,NOUN,golpe,30
1,Verdaderas,NOUN,referencia,30
1,Verdaderas,NOUN,abril,30
1,Verdaderas,NOUN,tortura,30
1,Verdaderas,NOUN,esposa,30
1,Verdaderas,NOUN,pobreza,30
1,Verdaderas,NOUN,producto,30
1,Verdaderas,NOUN,viaje,30
1,Verdaderas,NOUN,actor,30
1,Verdaderas,NOUN,cubano,30
1,Verdaderas,NOUN,pingüino,30
1,Verdaderas,NOUN,tarde,29
1,Verdaderas,NOUN,escrito,29
1,Verdaderas,NOUN,alcaldesa,29
1,Verdaderas,NOUN,aprobación,29
1,Verdaderas,NOUN,prioridad,29
1,Verdaderas,NOUN,asociación,29
1,Verdaderas,NOUN,límite,29
1,Verdaderas,NOUN,movilización,29
1,Verdaderas,NOUN,vista,29
1,Verdaderas,NOUN,trama,29
1,Verdaderas,NOUN,expresión,29
1,Verdaderas,NOUN,senador,29
1,Verdaderas,NOUN,febrero,29
1,Verdaderas,NOUN,noviembre,29
1,Verdaderas,NOUN,caída,29
1,Verdaderas,NOUN,mañana,29
1,Verdaderas,NOUN,hermana,29
1,Verdaderas,NOUN,hogar,29
1,Verdaderas,NOUN,visa,29
1,Verdaderas,NOUN,barril,29
1,Verdaderas,NOUN,rescatista,29
1,Verdaderas,NOUN,mecanismo,28
1,Verdaderas,NOUN,pasado,28
1,Verdaderas,NOUN,barrio,28
1,Verdaderas,NOUN,registro,28
1,Verdaderas,NOUN,personal,28
1,Verdaderas,NOUN,represión,28
1,Verdaderas,NOUN,procés,28
1,Verdaderas,NOUN,suelo,28
1,Verdaderas,NOUN,agenda,28
1,Verdaderas,NOUN,amigo,28
1,Verdaderas,NOUN,abuso,28
1,Verdaderas,NOUN,cantidad,28
1,Verdaderas,NOUN,sigla,28
1,Verdaderas,NOUN,lluvia,28
1,Verdaderas,NOUN,comicio,28
1,Verdaderas,NOUN,beneficio,28
1,Verdaderas,NOUN,sentido,28
1,Verdaderas,NOUN,mar,28
1,Verdaderas,NOUN,suministro,28
1,Verdaderas,NOUN,culpa,28
1,Verdaderas,NOUN,tecnología,28
1,Verdaderas,NOUN,amor,28
1,Verdaderas,NOUN,promedio,28
1,Verdaderas,NOUN,práctica,27
1,Verdaderas,NOUN,2015,27
1,Verdaderas,NOUN,espera,27
1,Verdaderas,NOUN,etapa,27
1,Verdaderas,NOUN,protección,27
1,Verdaderas,NOUN,referéndum,27
1,Verdaderas,NOUN,2023,27
1,Verdaderas,NOUN,cierre,27
1,Verdaderas,NOUN,metro,27
1,Verdaderas,NOUN,gas,27
1,Verdaderas,NOUN,alianza,27
1,Verdaderas,NOUN,buque,27
1,Verdaderas,NOUN,terreno,27
1,Verdaderas,NOUN,dolor,27
1,Verdaderas,NOUN,crudo,27
1,Verdaderas,NOUN,economista,27
1,Verdaderas,NOUN,pleno,26
1,Verdaderas,NOUN,subida,26
1,Verdaderas,NOUN,nota,26
1,Verdaderas,NOUN,contacto,26
1,Verdaderas,NOUN,aliado,26
1,Verdaderas,NOUN,tramitación,26
1,Verdaderas,NOUN,pago,26
1,Verdaderas,NOUN,audiencia,26
1,Verdaderas,NOUN,extranjero,26
1,Verdaderas,NOUN,explotación,26
1,Verdaderas,NOUN,indulto,26
1,Verdaderas,NOUN,organismo,26
1,Verdaderas,NOUN,manos,26
1,Verdaderas,NOUN,vídeo,26
1,Verdaderas,NOUN,periodo,26
1,Verdaderas,NOUN,banda,26
1,Verdaderas,NOUN,sensación,26
1,Verdaderas,NOUN,continente,26
1,Verdaderas,NOUN,edad,26
1,Verdaderas,NOUN,paciente,26
1,Verdaderas,NOUN,sur,26
1,Verdaderas,NOUN,costo,26
1,Verdaderas,NOUN,espionaje,25
1,Verdaderas,NOUN,serie,25
1,Verdaderas,NOUN,garantía,25
1,Verdaderas,NOUN,directora,25
1,Verdaderas,NOUN,propiedad,25
1,Verdaderas,NOUN,trámite,25
1,Verdaderas,NOUN,secretaria,25
1,Verdaderas,NOUN,renovación,25
1,Verdaderas,NOUN,alquiler,25
1,Verdaderas,NOUN,materia,25
1,Verdaderas,NOUN,artista,25
1,Verdaderas,NOUN,cadena,25
1,Verdaderas,NOUN,dictador,25
1,Verdaderas,NOUN,testigo,25
1,Verdaderas,NOUN,solución,25
1,Verdaderas,NOUN,auto,25
1,Verdaderas,NOUN,liderazgo,25
1,Verdaderas,NOUN,enmienda,25
1,Verdaderas,NOUN,2024,25
1,Verdaderas,NOUN,venta,25
1,Verdaderas,NOUN,tasa,25
1,Verdaderas,NOUN,venezolano,25
1,Verdaderas,NOUN,respaldo,24
1,Verdaderas,NOUN,atentado,24
1,Verdaderas,NOUN,odio,24
1,Verdaderas,NOUN,concentración,24
1,Verdaderas,NOUN,pena,24
1,Verdaderas,NOUN,coronavirus,24
1,Verdaderas,NOUN,reducción,24
1,Verdaderas,NOUN,2016,24
1,Verdaderas,NOUN,voluntad,24
1,Verdaderas,NOUN,opción,24
1,Verdaderas,NOUN,entorno,24
1,Verdaderas,NOUN,bloqueo,24
1,Verdaderas,NOUN,fase,24
1,Verdaderas,NOUN,permiso,24
1,Verdaderas,NOUN,compañero,24
1,Verdaderas,NOUN,candidata,24
1,Verdaderas,NOUN,influencia,24
1,Verdaderas,NOUN,detalle,24
1,Verdaderas,NOUN,cultura,24
1,Verdaderas,NOUN,planta,24
1,Verdaderas,NOUN,asilo,24
1,Verdaderas,NOUN,elemento,24
1,Verdaderas,NOUN,crecimiento,24
1,Verdaderas,NOUN,petrolera,24
1,Verdaderas,NOUN,unión,24
1,Verdaderas,NOUN,desastre,24
1,Verdaderas,NOUN,avance,23
1,Verdaderas,NOUN,corte,23
1,Verdaderas,NOUN,tarea,23
1,Verdaderas,NOUN,monarquía,23
1,Verdaderas,NOUN,solidaridad,23
1,Verdaderas,NOUN,conservador,23
1,Verdaderas,NOUN,procedimiento,23
1,Verdaderas,NOUN,acta,23
1,Verdaderas,NOUN,miedo,23
1,Verdaderas,NOUN,paz,23
1,Verdaderas,NOUN,querella,23
1,Verdaderas,NOUN,distancia,23
1,Verdaderas,NOUN,vehículo,23
1,Verdaderas,NOUN,ojo,23
1,Verdaderas,NOUN,perfil,23
1,Verdaderas,NOUN,concejal,23
1,Verdaderas,NOUN,duda,23
1,Verdaderas,NOUN,foto,23
1,Verdaderas,NOUN,piso,23
1,Verdaderas,NOUN,símbolo,23
1,Verdaderas,NOUN,decir,23
1,Verdaderas,NOUN,finales,23
1,Verdaderas,NOUN,especialista,23
1,Verdaderas,NOUN,deportación,23
1,Verdaderas,NOUN,título,22
1,Verdaderas,NOUN,reconocimiento,22
1,Verdaderas,NOUN,secreto,22
1,Verdaderas,NOUN,reto,22
1,Verdaderas,NOUN,pie,22
1,Verdaderas,NOUN,aborto,22
1,Verdaderas,NOUN,homenaje,22
1,Verdaderas,NOUN,animal,22
1,Verdaderas,NOUN,opinión,22
1,Verdaderas,NOUN,proposición,22
1,Verdaderas,NOUN,bandera,22
1,Verdaderas,NOUN,sala,22
1,Verdaderas,NOUN,chavismo,22
1,Verdaderas,NOUN,urgencia,22
1,Verdaderas,NOUN,excepción,22
1,Verdaderas,NOUN,publicación,22
1,Verdaderas,NOUN,detenido,22
1,Verdaderas,NOUN,es,22
1,Verdaderas,NOUN,dólares,22
1,Verdaderas,NOUN,norte,22
1,Verdaderas,NOUN,delfín,22
1,Verdaderas,NOUN,cámara,21
1,Verdaderas,NOUN,celebración,21
1,Verdaderas,NOUN,parque,21
1,Verdaderas,NOUN,estabilidad,21
1,Verdaderas,NOUN,sanidad,21
1,Verdaderas,NOUN,presupuesto,21
1,Verdaderas,NOUN,inhabilitación,21
1,Verdaderas,NOUN,droga,21
1,Verdaderas,NOUN,posesión,21
1,Verdaderas,NOUN,cuanto,21
1,Verdaderas,NOUN,notificación,21
1,Verdaderas,NOUN,1999,21
1,Verdaderas,NOUN,nación,21
1,Verdaderas,NOUN,señal,21
1,Verdaderas,NOUN,cliente,21
1,Verdaderas,NOUN,resolución,21
1,Verdaderas,NOUN,comparecencia,21
1,Verdaderas,NOUN,autonomía,21
1,Verdaderas,NOUN,médico,21
1,Verdaderas,NOUN,obstante,21
1,Verdaderas,NOUN,universidad,21
1,Verdaderas,NOUN,ruta,21
1,Verdaderas,NOUN,turista,21
1,Verdaderas,NOUN,tal,21
1,Verdaderas,NOUN,transición,21
1,Verdaderas,NOUN,crítico,21
1,Verdaderas,NOUN,liberación,21
1,Verdaderas,NOUN,custodia,21
1,Verdaderas,NOUN,yacimiento,21
1,Verdaderas,NOUN,letrado,20
1,Verdaderas,NOUN,independentismo,20
1,Verdaderas,NOUN,apuesta,20
1,Verdaderas,NOUN,cúpula,20
1,Verdaderas,NOUN,juego,20
1,Verdaderas,NOUN,igualdad,20
1,Verdaderas,NOUN,transporte,20
1,Verdaderas,NOUN,oferta,20
1,Verdaderas,NOUN,colectivo,20
1,Verdaderas,NOUN,ministerio,20
1,Verdaderas,NOUN,rueda,20
1,Verdaderas,NOUN,abstención,20
1,Verdaderas,NOUN,inmigración,20
1,Verdaderas,NOUN,coordinador,20
1,Verdaderas,NOUN,votante,20
1,Verdaderas,NOUN,destrucción,20
1,Verdaderas,NOUN,fila,20
1,Verdaderas,NOUN,adelanto,20
1,Verdaderas,NOUN,disputa,20
1,Verdaderas,NOUN,batalla,20
1,Verdaderas,NOUN,fortuna,20
1,Verdaderas,NOUN,plaza,20
1,Verdaderas,NOUN,temor,20
1,Verdaderas,NOUN,aire,20
1,Verdaderas,NOUN,dificultad,20
1,Verdaderas,NOUN,película,20
1,Verdaderas,NOUN,operativo,20
1,Verdaderas,NOUN,investigador,20
1,Verdaderas,NOUN,huracán,20
1,Verdaderas,NOUN,gato,20
1,Verdaderas,NOUN,verdad,19
1,Verdaderas,NOUN,ciudadanía,19
1,Verdaderas,NOUN,compra,19
1,Verdaderas,NOUN,irregularidad,19
1,Verdaderas,NOUN,activista,19
1,Verdaderas,NOUN,aniversario,19
1,Verdaderas,NOUN,carga,19
1,Verdaderas,NOUN,explicación,19
1,Verdaderas,NOUN,actitud,19
1,Verdaderas,NOUN,respeto,19
1,Verdaderas,NOUN,consejero,19
1,Verdaderas,NOUN,existencia,19
1,Verdaderas,NOUN,renta,19
1,Verdaderas,NOUN,evaluación,19
1,Verdaderas,NOUN,autor,19
1,Verdaderas,NOUN,ámbito,19
1,Verdaderas,NOUN,asesor,19
1,Verdaderas,NOUN,generación,19
1,Verdaderas,NOUN,giro,19
1,Verdaderas,NOUN,cuidado,19
1,Verdaderas,NOUN,público,19
1,Verdaderas,NOUN,siquiera,19
1,Verdaderas,NOUN,empleado,18
1,Verdaderas,NOUN,confianza,18
1,Verdaderas,NOUN,prohibición,18
1,Verdaderas,NOUN,archivo,18
1,Verdaderas,NOUN,rechazo,18
1,Verdaderas,NOUN,puerto,18
1,Verdaderas,NOUN,expediente,18
1,Verdaderas,NOUN,reacción,18
1,Verdaderas,NOUN,marido,18
1,Verdaderas,NOUN,fallo,18
1,Verdaderas,NOUN,tráfico,18
1,Verdaderas,NOUN,conocimiento,18
1,Verdaderas,NOUN,ser,18
1,Verdaderas,NOUN,dependencia,18
1,Verdaderas,NOUN,2020,18
1,Verdaderas,NOUN,autorización,18
1,Verdaderas,NOUN,sequía,18
1,Verdaderas,NOUN,objeto,18
1,Verdaderas,NOUN,importancia,18
1,Verdaderas,NOUN,titular,18
1,Verdaderas,NOUN,tránsito,18
1,Verdaderas,NOUN,fórmula,18
1,Verdaderas,NOUN,asistencia,18
1,Verdaderas,NOUN,instalación,18
1,Verdaderas,NOUN,entrega,18
1,Verdaderas,NOUN,pensión,18
1,Verdaderas,NOUN,creación,18
1,Verdaderas,NOUN,colapso,18
1,Verdaderas,NOUN,escala,18
1,Verdaderas,NOUN,búsqueda,18
1,Verdaderas,NOUN,ilegal,18
1,Verdaderas,NOUN,ampliación,17
1,Verdaderas,NOUN,fe,17
1,Verdaderas,NOUN,restricción,17
1,Verdaderas,NOUN,testimonio,17
1,Verdaderas,NOUN,espectáculo,17
1,Verdaderas,NOUN,convocatoria,17
1,Verdaderas,NOUN,indicio,17
1,Verdaderas,NOUN,bloque,17
1,Verdaderas,NOUN,2014,17
1,Verdaderas,NOUN,distrito,17
1,Verdaderas,NOUN,colaboración,17
1,Verdaderas,NOUN,carretera,17
1,Verdaderas,NOUN,deuda,17
1,Verdaderas,NOUN,suicidio,17
1,Verdaderas,NOUN,brazo,17
1,Verdaderas,NOUN,mentira,17
1,Verdaderas,NOUN,baja,17
1,Verdaderas,NOUN,hotel,17
1,Verdaderas,NOUN,sentimiento,17
1,Verdaderas,NOUN,duelo,17
1,Verdaderas,NOUN,corazón,17
1,Verdaderas,NOUN,perspectiva,17
1,Verdaderas,NOUN,avión,17
1,Verdaderas,NOUN,categoría,17
1,Verdaderas,NOUN,arresto,17
1,Verdaderas,NOUN,océano,17
1,Verdaderas,NOUN,matemática,17
1,Verdaderas,NOUN,interior,16
1,Verdaderas,NOUN,consenso,16
1,Verdaderas,NOUN,monarca,16
1,Verdaderas,NOUN,ausencia,16
1,Verdaderas,NOUN,grito,16
1,Verdaderas,NOUN,alcaldía,16
1,Verdaderas,NOUN,misión,16
1,Verdaderas,NOUN,paro,16
1,Verdaderas,NOUN,expulsión,16
1,Verdaderas,NOUN,victoria,16
1,Verdaderas,NOUN,cartel,16
1,Verdaderas,NOUN,sondeo,16
1,Verdaderas,NOUN,catalán,16
1,Verdaderas,NOUN,veto,16
1,Verdaderas,NOUN,raíz,16
1,Verdaderas,NOUN,relato,16
1,Verdaderas,NOUN,terrorismo,16
1,Verdaderas,NOUN,también,16
1,Verdaderas,NOUN,representación,16
1,Verdaderas,NOUN,fundador,16
1,Verdaderas,NOUN,patrimonio,16
1,Verdaderas,NOUN,duración,16
1,Verdaderas,NOUN,peligro,16
1,Verdaderas,NOUN,violación,16
1,Verdaderas,NOUN,retirada,16
1,Verdaderas,NOUN,resistencia,16
1,Verdaderas,NOUN,experta,16
1,Verdaderas,NOUN,consulta,16
1,Verdaderas,NOUN,archipiélago,16
1,Verdaderas,NOUN,visión,16
1,Verdaderas,NOUN,profesora,16
1,Verdaderas,NOUN,turismo,16
1,Verdaderas,NOUN,calidad,16
1,Verdaderas,NOUN,fosa,16
1,Verdaderas,NOUN,crédito,16
1,Verdaderas,NOUN,concepto,16
1,Verdaderas,NOUN,poeta,16
1,Verdaderas,NOUN,combustible,16
1,Verdaderas,NOUN,comida,16
1,Verdaderas,NOUN,exportación,16
1,Verdaderas,NOUN,supuesto,16
1,Verdaderas,NOUN,tonelada,16
1,Verdaderas,NOUN,estadounidense,16
1,Verdaderas,NOUN,habilidad,16
1,Verdaderas,NOUN,2026,16
1,Verdaderas,NOUN,crueldad,16
1,Verdaderas,NOUN,bebé,16
1,Verdaderas,NOUN,temblor,16
1,Verdaderas,NOUN,emérito,15
1,Verdaderas,NOUN,contrario,15
1,Verdaderas,NOUN,ejecución,15
1,Verdaderas,NOUN,voluntario,15
1,Verdaderas,NOUN,transparencia,15
1,Verdaderas,NOUN,regulación,15
1,Verdaderas,NOUN,oficina,15
1,Verdaderas,NOUN,2021,15
1,Verdaderas,NOUN,instrucción,15
1,Verdaderas,NOUN,urna,15
1,Verdaderas,NOUN,máster,15
1,Verdaderas,NOUN,pasaporte,15
1,Verdaderas,NOUN,suspensión,15
1,Verdaderas,NOUN,cumplimiento,15
1,Verdaderas,NOUN,este,15
1,Verdaderas,NOUN,tarjeta,15
1,Verdaderas,NOUN,calendario,15
1,Verdaderas,NOUN,ruido,15
1,Verdaderas,NOUN,reparto,15
1,Verdaderas,NOUN,2012,15
1,Verdaderas,NOUN,reconstrucción,15
1,Verdaderas,NOUN,2010,15
1,Verdaderas,NOUN,profesional,15
1,Verdaderas,NOUN,total,15
1,Verdaderas,NOUN,prevaricación,15
1,Verdaderas,NOUN,edil,15
1,Verdaderas,NOUN,ejército,15
1,Verdaderas,NOUN,tendencia,15
1,Verdaderas,NOUN,centenar,15
1,Verdaderas,NOUN,fundación,15
1,Verdaderas,NOUN,sorpresa,15
1,Verdaderas,NOUN,escándalo,15
1,Verdaderas,NOUN,inflación,15
1,Verdaderas,NOUN,canción,15
1,Verdaderas,NOUN,concesión,15
1,Verdaderas,NOUN,grado,15
1,Verdaderas,NOUN,segundo,15
1,Verdaderas,NOUN,alumno,15
1,Verdaderas,NOUN,madrugada,15
1,Verdaderas,NOUN,conexión,15
1,Verdaderas,NOUN,color,15
1,Verdaderas,NOUN,rendimiento,15
1,Verdaderas,NOUN,sitio,15
1,Verdaderas,NOUN,refugio,15
1,Verdaderas,NOUN,papá,15
1,Verdaderas,NOUN,apartamento,15
1,Verdaderas,NOUN,falla,15
1,Verdaderas,NOUN,eurodiputado,14
1,Verdaderas,NOUN,episodio,14
1,Verdaderas,NOUN,despliegue,14
1,Verdaderas,NOUN,choque,14
1,Verdaderas,NOUN,vulneración,14
1,Verdaderas,NOUN,carácter,14
1,Verdaderas,NOUN,ayuntamiento,14
1,Verdaderas,NOUN,bien,14
1,Verdaderas,NOUN,promesa,14
1,Verdaderas,NOUN,precedente,14
1,Verdaderas,NOUN,conferencia,14
1,Verdaderas,NOUN,normativa,14
1,Verdaderas,NOUN,feminismo,14
1,Verdaderas,NOUN,vergüenza,14
1,Verdaderas,NOUN,techo,14
1,Verdaderas,NOUN,2017,14
1,Verdaderas,NOUN,obligación,14
1,Verdaderas,NOUN,página,14
1,Verdaderas,NOUN,agresión,14
1,Verdaderas,NOUN,lazo,14
1,Verdaderas,NOUN,manifestante,14
1,Verdaderas,NOUN,incertidumbre,14
1,Verdaderas,NOUN,coste,14
1,Verdaderas,NOUN,suerte,14
1,Verdaderas,NOUN,abogada,14
1,Verdaderas,NOUN,toma,14
1,Verdaderas,NOUN,destino,14
1,Verdaderas,NOUN,teléfono,14
1,Verdaderas,NOUN,expansión,14
1,Verdaderas,NOUN,embajador,14
1,Verdaderas,NOUN,legislación,14
1,Verdaderas,NOUN,lesión,14
1,Verdaderas,NOUN,cantante,14
1,Verdaderas,NOUN,regreso,14
1,Verdaderas,NOUN,barco,14
1,Verdaderas,NOUN,dólar,14
1,Verdaderas,NOUN,mamá,14
1,Verdaderas,NOUN,adolescente,14
1,Verdaderas,NOUN,personaje,14
1,Verdaderas,NOUN,argentino,14
1,Verdaderas,NOUN,intensidad,14
1,Verdaderas,NOUN,intercambio,14
1,Verdaderas,NOUN,alternativa,13
1,Verdaderas,NOUN,inmunidad,13
1,Verdaderas,NOUN,vacuna,13
1,Verdaderas,NOUN,caja,13
1,Verdaderas,NOUN,migración,13
1,Verdaderas,NOUN,contratación,13
1,Verdaderas,NOUN,integrante,13
1,Verdaderas,NOUN,presentación,13
1,Verdaderas,NOUN,prórroga,13
1,Verdaderas,NOUN,soledad,13
1,Verdaderas,NOUN,tumba,13
1,Verdaderas,NOUN,vulnerabilidad,13
1,Verdaderas,NOUN,protocolo,13
1,Verdaderas,NOUN,curso,13
1,Verdaderas,NOUN,ofensiva,13
1,Verdaderas,NOUN,parlamentario,13
1,Verdaderas,NOUN,sueldo,13
1,Verdaderas,NOUN,incremento,13
1,Verdaderas,NOUN,señor,13
1,Verdaderas,NOUN,mantenimiento,13
1,Verdaderas,NOUN,enfrentamiento,13
1,Verdaderas,NOUN,marca,13
1,Verdaderas,NOUN,accidente,13
1,Verdaderas,NOUN,gesto,13
1,Verdaderas,NOUN,comportamiento,13
1,Verdaderas,NOUN,ceremonia,13
1,Verdaderas,NOUN,recinto,13
1,Verdaderas,NOUN,margen,13
1,Verdaderas,NOUN,campamento,13
1,Verdaderas,NOUN,agricultura,13
1,Verdaderas,NOUN,fracaso,13
1,Verdaderas,NOUN,trayectoria,13
1,Verdaderas,NOUN,ruptura,13
1,Verdaderas,NOUN,tono,13
1,Verdaderas,NOUN,televisión,13
1,Verdaderas,NOUN,inmediato,13
1,Verdaderas,NOUN,ola,13
1,Verdaderas,NOUN,vuelo,13
1,Verdaderas,NOUN,escasez,13
1,Verdaderas,NOUN,ventana,13
1,Verdaderas,NOUN,iglesia,13
1,Verdaderas,NOUN,ideología,13
1,Verdaderas,NOUN,delincuencia,13
1,Verdaderas,NOUN,humanidad,13
1,Verdaderas,NOUN,propósito,13
1,Verdaderas,NOUN,criterio,13
1,Verdaderas,NOUN,élite,13
1,Verdaderas,NOUN,escena,13
1,Verdaderas,NOUN,clima,13
1,Verdaderas,NOUN,sueño,13
1,Verdaderas,NOUN,espía,13
1,Verdaderas,NOUN,período,13
1,Verdaderas,NOUN,potencial,13
1,Verdaderas,NOUN,congresista,13
1,Verdaderas,NOUN,característica,13
1,Verdaderas,NOUN,superficie,13
1,Verdaderas,NOUN,río,13
1,Verdaderas,NOUN,lago,13
1,Verdaderas,NOUN,clic,13
1,Verdaderas,NOUN,edificación,13
1,Verdaderas,NOUN,división,12
1,Verdaderas,NOUN,eutanasia,12
1,Verdaderas,NOUN,patronal,12
1,Verdaderas,NOUN,música,12
1,Verdaderas,NOUN,músico,12
1,Verdaderas,NOUN,efectivo,12
1,Verdaderas,NOUN,nacionalidad,12
1,Verdaderas,NOUN,banco,12
1,Verdaderas,NOUN,invasión,12
1,Verdaderas,NOUN,directo,12
1,Verdaderas,NOUN,estimación,12
1,Verdaderas,NOUN,gabinete,12
1,Verdaderas,NOUN,cadáver,12
1,Verdaderas,NOUN,mejora,12
1,Verdaderas,NOUN,autodeterminación,12
1,Verdaderas,NOUN,requisito,12
1,Verdaderas,NOUN,persecución,12
1,Verdaderas,NOUN,cita,12
1,Verdaderas,NOUN,honor,12
1,Verdaderas,NOUN,lengua,12
1,Verdaderas,NOUN,consejo,12
1,Verdaderas,NOUN,verano,12
1,Verdaderas,NOUN,amparo,12
1,Verdaderas,NOUN,órden,12
1,Verdaderas,NOUN,trato,12
1,Verdaderas,NOUN,totalidad,12
1,Verdaderas,NOUN,fuga,12
1,Verdaderas,NOUN,diligencia,12
1,Verdaderas,NOUN,logro,12
1,Verdaderas,NOUN,periódico,12
1,Verdaderas,NOUN,extradición,12
1,Verdaderas,NOUN,vigor,12
1,Verdaderas,NOUN,vicepresidencia,12
1,Verdaderas,NOUN,condenado,12
1,Verdaderas,NOUN,concierto,12
1,Verdaderas,NOUN,prestación,12
1,Verdaderas,NOUN,tormenta,12
1,Verdaderas,NOUN,comentario,12
1,Verdaderas,NOUN,recuerdo,12
1,Verdaderas,NOUN,junta,12
1,Verdaderas,NOUN,evidencia,12
1,Verdaderas,NOUN,fianza,12
1,Verdaderas,NOUN,captura,12
1,Verdaderas,NOUN,silencio,12
1,Verdaderas,NOUN,fraude,12
1,Verdaderas,NOUN,gobernante,12
1,Verdaderas,NOUN,embarcación,12
1,Verdaderas,NOUN,colonia,12
1,Verdaderas,NOUN,cuadro,12
1,Verdaderas,NOUN,deterioro,12
1,Verdaderas,NOUN,temperatura,12
1,Verdaderas,NOUN,rol,12
1,Verdaderas,NOUN,viento,12
1,Verdaderas,NOUN,homicidio,12
1,Verdaderas,NOUN,novela,12
1,Verdaderas,NOUN,récord,12
1,Verdaderas,NOUN,hemisferio,12
1,Verdaderas,NOUN,aspecto,12
1,Verdaderas,NOUN,científico,12
1,Verdaderas,NOUN,esposo,12
1,Verdaderas,NOUN,bolsa,12
1,Verdaderas,NOUN,dimensión,12
1,Verdaderas,NOUN,patrón,12
1,Verdaderas,NOUN,ejemplar,12
1,Verdaderas,NOUN,afectación,12
1,Verdaderas,NOUN,abuela,12
1,Verdaderas,NOUN,arte,12
1,Verdaderas,NOUN,azúcar,12
1,Verdaderas,NOUN,individuo,12
1,Verdaderas,NOUN,exconseller,11
1,Verdaderas,NOUN,independentista,11
1,Verdaderas,NOUN,perro,11
1,Verdaderas,NOUN,factura,11
1,Verdaderas,NOUN,normalidad,11
1,Verdaderas,NOUN,vocal,11
1,Verdaderas,NOUN,desigualdad,11
1,Verdaderas,NOUN,consumo,11
1,Verdaderas,NOUN,donación,11
1,Verdaderas,NOUN,2027,11
1,Verdaderas,NOUN,extesorero,11
1,Verdaderas,NOUN,grabación,11
1,Verdaderas,NOUN,2011,11
1,Verdaderas,NOUN,emisión,11
1,Verdaderas,NOUN,rebelión,11
1,Verdaderas,NOUN,cuartel,11
1,Verdaderas,NOUN,salario,11
1,Verdaderas,NOUN,circunstancia,11
1,Verdaderas,NOUN,signo,11
1,Verdaderas,NOUN,apertura,11
1,Verdaderas,NOUN,impunidad,11
1,Verdaderas,NOUN,examen,11
1,Verdaderas,NOUN,traslado,11
1,Verdaderas,NOUN,principios,11
1,Verdaderas,NOUN,confrontación,11
1,Verdaderas,NOUN,desobediencia,11
1,Verdaderas,NOUN,modificación,11
1,Verdaderas,NOUN,cartera,11
1,Verdaderas,NOUN,blanqueo,11
1,Verdaderas,NOUN,implicación,11
1,Verdaderas,NOUN,temporada,11
1,Verdaderas,NOUN,escritor,11
1,Verdaderas,NOUN,potencia,11
1,Verdaderas,NOUN,velocidad,11
1,Verdaderas,NOUN,concreto,11
1,Verdaderas,NOUN,sombra,11
1,Verdaderas,NOUN,inmigrante,11
1,Verdaderas,NOUN,ciclo,11
1,Verdaderas,NOUN,cooperación,11
1,Verdaderas,NOUN,bienestar,11
1,Verdaderas,NOUN,popularidad,11
1,Verdaderas,NOUN,desempleo,11
1,Verdaderas,NOUN,embarazo,11
1,Verdaderas,NOUN,foco,11
1,Verdaderas,NOUN,seguimiento,11
1,Verdaderas,NOUN,enemigo,11
1,Verdaderas,NOUN,2013,11
1,Verdaderas,NOUN,demandante,11
1,Verdaderas,NOUN,radio,11
1,Verdaderas,NOUN,residente,11
1,Verdaderas,NOUN,revista,11
1,Verdaderas,NOUN,instrumento,11
1,Verdaderas,NOUN,fotografía,11
1,Verdaderas,NOUN,opositor,11
1,Verdaderas,NOUN,árbol,11
1,Verdaderas,NOUN,era,11
1,Verdaderas,NOUN,comienzos,11
1,Verdaderas,NOUN,historiador,11
1,Verdaderas,NOUN,pensamiento,11
1,Verdaderas,NOUN,salvadoreño,11
1,Verdaderas,NOUN,probabilidad,11
1,Verdaderas,NOUN,psicólogo,11
1,Verdaderas,NOUN,colombiano,11
1,Verdaderas,NOUN,sujeto,11
1,Verdaderas,NOUN,particular,11
1,Verdaderas,NOUN,psicóloga,11
1,Verdaderas,NOUN,deseo,11
1,Verdaderas,NOUN,occidente,11
1,Verdaderas,NOUN,continuidad,10
1,Verdaderas,NOUN,malestar,10
1,Verdaderas,NOUN,riqueza,10
1,Verdaderas,NOUN,acoso,10
1,Verdaderas,NOUN,conseller,10
1,Verdaderas,NOUN,regla,10
1,Verdaderas,NOUN,protagonista,10
1,Verdaderas,NOUN,recorrido,10
1,Verdaderas,NOUN,militancia,10
1,Verdaderas,NOUN,excomisario,10
1,Verdaderas,NOUN,exdiputado,10
1,Verdaderas,NOUN,guardia,10
1,Verdaderas,NOUN,seguidor,10
1,Verdaderas,NOUN,veintena,10
1,Verdaderas,NOUN,espalda,10
1,Verdaderas,NOUN,asamblea,10
1,Verdaderas,NOUN,naturaleza,10
1,Verdaderas,NOUN,consultora,10
1,Verdaderas,NOUN,delegación,10
1,Verdaderas,NOUN,dureza,10
1,Verdaderas,NOUN,retorno,10
1,Verdaderas,NOUN,precampaña,10
1,Verdaderas,NOUN,cloaca,10
1,Verdaderas,NOUN,sol,10
1,Verdaderas,NOUN,déficit,10
1,Verdaderas,NOUN,tradición,10
1,Verdaderas,NOUN,tren,10
1,Verdaderas,NOUN,testaferro,10
1,Verdaderas,NOUN,incidente,10
1,Verdaderas,NOUN,cohecho,10
1,Verdaderas,NOUN,politólogo,10
1,Verdaderas,NOUN,convivencia,10
1,Verdaderas,NOUN,coche,10
1,Verdaderas,NOUN,militante,10
1,Verdaderas,NOUN,aval,10
1,Verdaderas,NOUN,nieto,10
1,Verdaderas,NOUN,actualidad,10
1,Verdaderas,NOUN,transformación,10
1,Verdaderas,NOUN,ejercicio,10
1,Verdaderas,NOUN,revelación,10
1,Verdaderas,NOUN,minoría,10
1,Verdaderas,NOUN,web,10
1,Verdaderas,NOUN,acusado,10
1,Verdaderas,NOUN,huelga,10
1,Verdaderas,NOUN,biblioteca,10
1,Verdaderas,NOUN,modo,10
1,Verdaderas,NOUN,dispositivo,10
1,Verdaderas,NOUN,extremo,10
1,Verdaderas,NOUN,señora,10
1,Verdaderas,NOUN,acontecimiento,10
1,Verdaderas,NOUN,secuestro,10
1,Verdaderas,NOUN,soldado,10
1,Verdaderas,NOUN,autónomo,10
1,Verdaderas,NOUN,balance,10
1,Verdaderas,NOUN,pared,10
1,Verdaderas,NOUN,extensión,10
1,Verdaderas,NOUN,andaluza,10
1,Verdaderas,NOUN,explosión,10
1,Verdaderas,NOUN,guerrilla,10
1,Verdaderas,NOUN,hallazgo,10
1,Verdaderas,NOUN,frase,10
1,Verdaderas,NOUN,solicitante,10
1,Verdaderas,NOUN,réplica,10
1,Verdaderas,NOUN,trabajadora,10
1,Verdaderas,NOUN,visado,10
1,Verdaderas,NOUN,discriminación,10
1,Verdaderas,NOUN,doctora,10
1,Verdaderas,NOUN,estilo,10
1,Verdaderas,NOUN,cautiverio,10
1,Verdaderas,NOUN,supervivencia,10
1,Verdaderas,NOUN,menudo,10
1,Verdaderas,NOUN,aprendizaje,10
1,Verdaderas,NOUN,establecimiento,10
1,Verdaderas,NOUN,volcán,10
1,Verdaderas,NOUN,productor,10
1,Verdaderas,NOUN,exploración,10
1,Verdaderas,NOUN,habitación,10
1,Verdaderas,NOUN,sangre,10
1,Verdaderas,NOUN,subducción,10
1,Verdaderas,NOUN,gerente,9
1,Verdaderas,NOUN,mitin,9
1,Verdaderas,NOUN,2009,9
1,Verdaderas,NOUN,imputación,9
1,Verdaderas,NOUN,incidencia,9
1,Verdaderas,NOUN,sufragio,9
1,Verdaderas,NOUN,malversación,9
1,Verdaderas,NOUN,llamada,9
1,Verdaderas,NOUN,sedición,9
1,Verdaderas,NOUN,dedo,9
1,Verdaderas,NOUN,exterior,9
1,Verdaderas,NOUN,confinamiento,9
1,Verdaderas,NOUN,renuncia,9
1,Verdaderas,NOUN,reflexión,9
1,Verdaderas,NOUN,mando,9
1,Verdaderas,NOUN,indignación,9
1,Verdaderas,NOUN,repetición,9
1,Verdaderas,NOUN,dado,9
1,Verdaderas,NOUN,electorado,9
1,Verdaderas,NOUN,tuit,9
1,Verdaderas,NOUN,turno,9
1,Verdaderas,NOUN,perdón,9
1,Verdaderas,NOUN,motor,9
1,Verdaderas,NOUN,porcentaje,9
1,Verdaderas,NOUN,cultivo,9
1,Verdaderas,NOUN,indemnización,9
1,Verdaderas,NOUN,recorte,9
1,Verdaderas,NOUN,derogación,9
1,Verdaderas,NOUN,dosis,9
1,Verdaderas,NOUN,ambiente,9
1,Verdaderas,NOUN,gracia,9
1,Verdaderas,NOUN,retraso,9
1,Verdaderas,NOUN,maternidad,9
1,Verdaderas,NOUN,insulto,9
1,Verdaderas,NOUN,conclusión,9
1,Verdaderas,NOUN,teatro,9
1,Verdaderas,NOUN,aula,9
1,Verdaderas,NOUN,olvido,9
1,Verdaderas,NOUN,audio,9
1,Verdaderas,NOUN,exceso,9
1,Verdaderas,NOUN,estación,9
1,Verdaderas,NOUN,contagio,9
1,Verdaderas,NOUN,disminución,9
1,Verdaderas,NOUN,neutralidad,9
1,Verdaderas,NOUN,activo,9
1,Verdaderas,NOUN,altura,9
1,Verdaderas,NOUN,exilio,9
1,Verdaderas,NOUN,reparación,9
1,Verdaderas,NOUN,escalada,9
1,Verdaderas,NOUN,electricidad,9
1,Verdaderas,NOUN,designación,9
1,Verdaderas,NOUN,técnica,9
1,Verdaderas,NOUN,cuota,9
1,Verdaderas,NOUN,salón,9
1,Verdaderas,NOUN,basura,9
1,Verdaderas,NOUN,visitante,9
1,Verdaderas,NOUN,apagón,9
1,Verdaderas,NOUN,conjunto,9
1,Verdaderas,NOUN,legado,9
1,Verdaderas,NOUN,republicano,9
1,Verdaderas,NOUN,parcela,9
1,Verdaderas,NOUN,ropa,9
1,Verdaderas,NOUN,auxilio,9
1,Verdaderas,NOUN,pista,9
1,Verdaderas,NOUN,gasolina,9
1,Verdaderas,NOUN,triunfo,9
1,Verdaderas,NOUN,agricultor,9
1,Verdaderas,NOUN,distribución,9
1,Verdaderas,NOUN,muestra,9
1,Verdaderas,NOUN,agrupación,9
1,Verdaderas,NOUN,ánimo,9
1,Verdaderas,NOUN,antecedente,9
1,Verdaderas,NOUN,contrapeso,9
1,Verdaderas,NOUN,derrumbe,9
1,Verdaderas,NOUN,secundaria,9
1,Verdaderas,NOUN,pánico,9
1,Verdaderas,NOUN,narrativa,9
1,Verdaderas,NOUN,tamaño,9
1,Verdaderas,NOUN,report,9
1,Verdaderas,NOUN,oeste,9
1,Verdaderas,NOUN,hidrocarburo,9
1,Verdaderas,NOUN,minería,9
1,Verdaderas,NOUN,periodismo,9
1,Verdaderas,NOUN,devastador,9
1,Verdaderas,NOUN,muchacho,9
1,Verdaderas,NOUN,exposición,9
1,Verdaderas,NOUN,colección,9
1,Verdaderas,NOUN,pandilla,9
1,Verdaderas,NOUN,selva,9
1,Verdaderas,NOUN,lógica,9
1,Verdaderas,NOUN,túnel,9
1,Verdaderas,NOUN,bombero,9
1,Verdaderas,NOUN,onda,9
1,Verdaderas,NOUN,rumbo,8
1,Verdaderas,NOUN,populismo,8
1,Verdaderas,NOUN,pertenencia,8
1,Verdaderas,NOUN,años,8
1,Verdaderas,NOUN,jurisdicción,8
1,Verdaderas,NOUN,disculpa,8
1,Verdaderas,NOUN,envío,8
1,Verdaderas,NOUN,cumbre,8
1,Verdaderas,NOUN,subvención,8
1,Verdaderas,NOUN,limitación,8
1,Verdaderas,NOUN,embajada,8
1,Verdaderas,NOUN,cobertura,8
1,Verdaderas,NOUN,conciencia,8
1,Verdaderas,NOUN,domicilio,8
1,Verdaderas,NOUN,clínica,8
1,Verdaderas,NOUN,sexo,8
1,Verdaderas,NOUN,cementerio,8
1,Verdaderas,NOUN,brecha,8
1,Verdaderas,NOUN,recta,8
1,Verdaderas,NOUN,paquete,8
1,Verdaderas,NOUN,hipoteca,8
1,Verdaderas,NOUN,cama,8
1,Verdaderas,NOUN,despacho,8
1,Verdaderas,NOUN,pronóstico,8
1,Verdaderas,NOUN,coordinación,8
1,Verdaderas,NOUN,magnate,8
1,Verdaderas,NOUN,congreso,8
1,Verdaderas,NOUN,robo,8
1,Verdaderas,NOUN,partida,8
1,Verdaderas,NOUN,adjudicación,8
1,Verdaderas,NOUN,precariedad,8
1,Verdaderas,NOUN,exigencia,8
1,Verdaderas,NOUN,reencuentro,8
1,Verdaderas,NOUN,puesta,8
1,Verdaderas,NOUN,cese,8
1,Verdaderas,NOUN,2006,8
1,Verdaderas,NOUN,coordinadora,8
1,Verdaderas,NOUN,manifiesto,8
1,Verdaderas,NOUN,rostro,8
1,Verdaderas,NOUN,enfermedad,8
1,Verdaderas,NOUN,argumento,8
1,Verdaderas,NOUN,alrededor,8
1,Verdaderas,NOUN,correo,8
1,Verdaderas,NOUN,préstamo,8
1,Verdaderas,NOUN,desaparición,8
1,Verdaderas,NOUN,canciller,8
1,Verdaderas,NOUN,sucesor,8
1,Verdaderas,NOUN,secretaría,8
1,Verdaderas,NOUN,lenguaje,8
1,Verdaderas,NOUN,disidencia,8
1,Verdaderas,NOUN,descubrimiento,8
1,Verdaderas,NOUN,terrorista,8
1,Verdaderas,NOUN,viabilidad,8
1,Verdaderas,NOUN,rebaja,8
1,Verdaderas,NOUN,herida,8
1,Verdaderas,NOUN,procesamiento,8
1,Verdaderas,NOUN,disparo,8
1,Verdaderas,NOUN,sospecha,8
1,Verdaderas,NOUN,amiga,8
1,Verdaderas,NOUN,contradicción,8
1,Verdaderas,NOUN,apellido,8
1,Verdaderas,NOUN,catedral,8
1,Verdaderas,NOUN,sección,8
1,Verdaderas,NOUN,columna,8
1,Verdaderas,NOUN,constancia,8
1,Verdaderas,NOUN,fiscalía,8
1,Verdaderas,NOUN,montaña,8
1,Verdaderas,NOUN,toque,8
1,Verdaderas,NOUN,gol,8
1,Verdaderas,NOUN,tutela,8
1,Verdaderas,NOUN,dueño,8
1,Verdaderas,NOUN,anciano,8
1,Verdaderas,NOUN,busca,8
1,Verdaderas,NOUN,privilegio,8
1,Verdaderas,NOUN,oficio,8
1,Verdaderas,NOUN,debilidad,8
1,Verdaderas,NOUN,cabecilla,8
1,Verdaderas,NOUN,exalcalde,8
1,Verdaderas,NOUN,caos,8
1,Verdaderas,NOUN,moneda,8
1,Verdaderas,NOUN,personalidad,8
1,Verdaderas,NOUN,recuento,8
1,Verdaderas,NOUN,legitimidad,8
1,Verdaderas,NOUN,entendimiento,8
1,Verdaderas,NOUN,cine,8
1,Verdaderas,NOUN,alimentación,8
1,Verdaderas,NOUN,evacuación,8
1,Verdaderas,NOUN,conductor,8
1,Verdaderas,NOUN,funcionamiento,8
1,Verdaderas,NOUN,tratamiento,8
1,Verdaderas,NOUN,fiesta,8
1,Verdaderas,NOUN,capitán,8
1,Verdaderas,NOUN,importación,8
1,Verdaderas,NOUN,rival,8
1,Verdaderas,NOUN,esquema,8
1,Verdaderas,NOUN,sospechoso,8
1,Verdaderas,NOUN,extracción,8
1,Verdaderas,NOUN,operador,8
1,Verdaderas,NOUN,predicción,8
1,Verdaderas,NOUN,1990,8
1,Verdaderas,NOUN,veces,8
1,Verdaderas,NOUN,talento,8
1,Verdaderas,NOUN,maestra,8
1,Verdaderas,NOUN,reporte,8
1,Verdaderas,NOUN,ambulancia,8
1,Verdaderas,NOUN,reja,8
1,Verdaderas,NOUN,relevancia,8
1,Verdaderas,NOUN,ruso,8
1,Verdaderas,NOUN,estrecho,8
1,Verdaderas,NOUN,telenovela,8
1,Verdaderas,NOUN,crispación,7
1,Verdaderas,NOUN,pensionista,7
1,Verdaderas,NOUN,asignación,7
1,Verdaderas,NOUN,complejo,7
1,Verdaderas,NOUN,caza,7
1,Verdaderas,NOUN,panorama,7
1,Verdaderas,NOUN,anteproyecto,7
1,Verdaderas,NOUN,disturbio,7
1,Verdaderas,NOUN,núcleo,7
1,Verdaderas,NOUN,movilidad,7
1,Verdaderas,NOUN,visto,7
1,Verdaderas,NOUN,auge,7
1,Verdaderas,NOUN,convenio,7
1,Verdaderas,NOUN,fuego,7
1,Verdaderas,NOUN,demócrata,7
1,Verdaderas,NOUN,ascenso,7
1,Verdaderas,NOUN,acercamiento,7
1,Verdaderas,NOUN,pesca,7
1,Verdaderas,NOUN,autoritaria,7
1,Verdaderas,NOUN,cobro,7
1,Verdaderas,NOUN,vacunación,7
1,Verdaderas,NOUN,barómetro,7
1,Verdaderas,NOUN,finca,7
1,Verdaderas,NOUN,vientre,7
1,Verdaderas,NOUN,proporción,7
1,Verdaderas,NOUN,asistente,7
1,Verdaderas,NOUN,disposición,7
1,Verdaderas,NOUN,reivindicación,7
1,Verdaderas,NOUN,controversia,7
1,Verdaderas,NOUN,círculo,7
1,Verdaderas,NOUN,fantasma,7
1,Verdaderas,NOUN,foro,7
1,Verdaderas,NOUN,discrepancia,7
1,Verdaderas,NOUN,fallecimiento,7
1,Verdaderas,NOUN,tesis,7
1,Verdaderas,NOUN,mínimo,7
1,Verdaderas,NOUN,café,7
1,Verdaderas,NOUN,desplazamiento,7
1,Verdaderas,NOUN,inseguridad,7
1,Verdaderas,NOUN,salto,7
1,Verdaderas,NOUN,alteración,7
1,Verdaderas,NOUN,legalidad,7
1,Verdaderas,NOUN,discapacidad,7
1,Verdaderas,NOUN,barón,7
1,Verdaderas,NOUN,2007,7
1,Verdaderas,NOUN,litoral,7
1,Verdaderas,NOUN,república,7
1,Verdaderas,NOUN,vigilancia,7
1,Verdaderas,NOUN,roca,7
1,Verdaderas,NOUN,cero,7
1,Verdaderas,NOUN,preparación,7
1,Verdaderas,NOUN,retrato,7
1,Verdaderas,NOUN,1980,7
1,Verdaderas,NOUN,eje,7
1,Verdaderas,NOUN,gestora,7
1,Verdaderas,NOUN,comparación,7
1,Verdaderas,NOUN,novedad,7
1,Verdaderas,NOUN,inclusión,7
1,Verdaderas,NOUN,pozo,7
1,Verdaderas,NOUN,expectativa,7
1,Verdaderas,NOUN,recomendación,7
1,Verdaderas,NOUN,limpieza,7
1,Verdaderas,NOUN,defensor,7
1,Verdaderas,NOUN,disco,7
1,Verdaderas,NOUN,tropa,7
1,Verdaderas,NOUN,elector,7
1,Verdaderas,NOUN,local,7
1,Verdaderas,NOUN,prostitución,7
1,Verdaderas,NOUN,directivo,7
1,Verdaderas,NOUN,célula,7
1,Verdaderas,NOUN,puntuación,7
1,Verdaderas,NOUN,autoritarismo,7
1,Verdaderas,NOUN,sufrimiento,7
1,Verdaderas,NOUN,restaurante,7
1,Verdaderas,NOUN,nacionalismo,7
1,Verdaderas,NOUN,inmueble,7
1,Verdaderas,NOUN,cuestionamiento,7
1,Verdaderas,NOUN,completo,7
1,Verdaderas,NOUN,depresión,7
1,Verdaderas,NOUN,chaleco,7
1,Verdaderas,NOUN,ahorro,7
1,Verdaderas,NOUN,gravedad,7
1,Verdaderas,NOUN,media,7
1,Verdaderas,NOUN,medicamento,7
1,Verdaderas,NOUN,escritora,7
1,Verdaderas,NOUN,mirada,7
1,Verdaderas,NOUN,accionista,7
1,Verdaderas,NOUN,compensación,7
1,Verdaderas,NOUN,par,7
1,Verdaderas,NOUN,impulso,7
1,Verdaderas,NOUN,presente,7
1,Verdaderas,NOUN,1979,7
1,Verdaderas,NOUN,vendedor,7
1,Verdaderas,NOUN,tío,7
1,Verdaderas,NOUN,cinturón,7
1,Verdaderas,NOUN,enfoque,7
1,Verdaderas,NOUN,cacao,7
1,Verdaderas,NOUN,gobernador,7
1,Verdaderas,NOUN,repente,7
1,Verdaderas,NOUN,playa,7
1,Verdaderas,NOUN,museo,7
1,Verdaderas,NOUN,sostenibilidad,7
1,Verdaderas,NOUN,jugador,7
1,Verdaderas,NOUN,ubicación,7
1,Verdaderas,NOUN,certeza,7
1,Verdaderas,NOUN,financiamiento,7
1,Verdaderas,NOUN,dama,7
1,Verdaderas,NOUN,angustia,7
1,Verdaderas,NOUN,documental,7
1,Verdaderas,NOUN,x.,7
1,Verdaderas,NOUN,comerciante,7
1,Verdaderas,NOUN,mineral,7
1,Verdaderas,NOUN,meta,7
1,Verdaderas,NOUN,2000,7
1,Verdaderas,NOUN,humano,7
1,Verdaderas,NOUN,planeta,7
1,Verdaderas,NOUN,conservación,7
1,Verdaderas,NOUN,nacimiento,7
1,Verdaderas,NOUN,reclamo,7
1,Verdaderas,NOUN,cura,7
1,Verdaderas,NOUN,embalse,7
1,Verdaderas,NOUN,ingeniería,7
1,Verdaderas,NOUN,entrenamiento,7
1,Verdaderas,NOUN,sea,7
1,Verdaderas,NOUN,colonialismo,7
1,Verdaderas,NOUN,cosecha,7
1,Verdaderas,NOUN,cooperativa,7
1,Verdaderas,NOUN,pedazo,7
1,Verdaderas,NOUN,torre,7
1,Verdaderas,NOUN,catástrofe,7
1,Verdaderas,NOUN,gobernadora,7
1,Verdaderas,NOUN,ultra,6
1,Verdaderas,NOUN,desahucio,6
1,Verdaderas,NOUN,etarra,6
1,Verdaderas,NOUN,cena,6
1,Verdaderas,NOUN,expresident,6
1,Verdaderas,NOUN,obstáculo,6
1,Verdaderas,NOUN,ave,6
1,Verdaderas,NOUN,rango,6
1,Verdaderas,NOUN,botella,6
1,Verdaderas,NOUN,masacre,6
1,Verdaderas,NOUN,derrota,6
1,Verdaderas,NOUN,hemiciclo,6
1,Verdaderas,NOUN,valenciano,6
1,Verdaderas,NOUN,fábrica,6
1,Verdaderas,NOUN,huida,6
1,Verdaderas,NOUN,incógnita,6
1,Verdaderas,NOUN,preacuerdo,6
1,Verdaderas,NOUN,bulo,6
1,Verdaderas,NOUN,aportación,6
1,Verdaderas,NOUN,unanimidad,6
1,Verdaderas,NOUN,teoría,6
1,Verdaderas,NOUN,ver,6
1,Verdaderas,NOUN,hegemonía,6
1,Verdaderas,NOUN,callejero,6
1,Verdaderas,NOUN,lema,6
1,Verdaderas,NOUN,precisión,6
1,Verdaderas,NOUN,propietario,6
1,Verdaderas,NOUN,contaminación,6
1,Verdaderas,NOUN,1998,6
1,Verdaderas,NOUN,chantaje,6
1,Verdaderas,NOUN,torturador,6
1,Verdaderas,NOUN,rector,6
1,Verdaderas,NOUN,auditoría,6
1,Verdaderas,NOUN,retroceso,6
1,Verdaderas,NOUN,llamamiento,6
1,Verdaderas,NOUN,despido,6
1,Verdaderas,NOUN,reelección,6
1,Verdaderas,NOUN,sumario,6
1,Verdaderas,NOUN,colaborador,6
1,Verdaderas,NOUN,banquillo,6
1,Verdaderas,NOUN,eliminación,6
1,Verdaderas,NOUN,bendición,6
1,Verdaderas,NOUN,clandestinidad,6
1,Verdaderas,NOUN,boca,6
1,Verdaderas,NOUN,encarcelamiento,6
1,Verdaderas,NOUN,cerebro,6
1,Verdaderas,NOUN,móvil,6
1,Verdaderas,NOUN,coincidencia,6
1,Verdaderas,NOUN,desfile,6
1,Verdaderas,NOUN,confluencia,6
1,Verdaderas,NOUN,ajuste,6
1,Verdaderas,NOUN,reconciliación,6
1,Verdaderas,NOUN,método,6
1,Verdaderas,NOUN,segregación,6
1,Verdaderas,NOUN,enaltecimiento,6
1,Verdaderas,NOUN,nulidad,6
1,Verdaderas,NOUN,corriente,6
1,Verdaderas,NOUN,delegada,6
1,Verdaderas,NOUN,actualización,6
1,Verdaderas,NOUN,documentación,6
1,Verdaderas,NOUN,expresidenta,6
1,Verdaderas,NOUN,común,6
1,Verdaderas,NOUN,negativa,6
1,Verdaderas,NOUN,calma,6
1,Verdaderas,NOUN,hoja,6
1,Verdaderas,NOUN,castigo,6
1,Verdaderas,NOUN,convicción,6
1,Verdaderas,NOUN,tratado,6
1,Verdaderas,NOUN,extorsión,6
1,Verdaderas,NOUN,injusticia,6
1,Verdaderas,NOUN,incentivo,6
1,Verdaderas,NOUN,pecho,6
1,Verdaderas,NOUN,licencia,6
1,Verdaderas,NOUN,pico,6
1,Verdaderas,NOUN,consejera,6
1,Verdaderas,NOUN,privacidad,6
1,Verdaderas,NOUN,gobernabilidad,6
1,Verdaderas,NOUN,2003,6
1,Verdaderas,NOUN,tarifa,6
1,Verdaderas,NOUN,inestabilidad,6
1,Verdaderas,NOUN,oro,6
1,Verdaderas,NOUN,mérito,6
1,Verdaderas,NOUN,amistad,6
1,Verdaderas,NOUN,valoración,6
1,Verdaderas,NOUN,magistrada,6
1,Verdaderas,NOUN,exvicepresidente,6
1,Verdaderas,NOUN,horario,6
1,Verdaderas,NOUN,guiño,6
1,Verdaderas,NOUN,reina,6
1,Verdaderas,NOUN,horizonte,6
1,Verdaderas,NOUN,falsedad,6
1,Verdaderas,NOUN,consistorio,6
1,Verdaderas,NOUN,máquina,6
1,Verdaderas,NOUN,taller,6
1,Verdaderas,NOUN,disciplina,6
1,Verdaderas,NOUN,cuarto,6
1,Verdaderas,NOUN,ansiedad,6
1,Verdaderas,NOUN,vecina,6
1,Verdaderas,NOUN,empate,6
1,Verdaderas,NOUN,autora,6
1,Verdaderas,NOUN,eco,6
1,Verdaderas,NOUN,flujo,6
1,Verdaderas,NOUN,integración,6
1,Verdaderas,NOUN,ronda,6
1,Verdaderas,NOUN,cálculo,6
1,Verdaderas,NOUN,espectador,6
1,Verdaderas,NOUN,helicóptero,6
1,Verdaderas,NOUN,adulto,6
1,Verdaderas,NOUN,ilusión,6
1,Verdaderas,NOUN,autobús,6
1,Verdaderas,NOUN,bala,6
1,Verdaderas,NOUN,fortaleza,6
1,Verdaderas,NOUN,advertencia,6
1,Verdaderas,NOUN,queda,6
1,Verdaderas,NOUN,reclamación,6
1,Verdaderas,NOUN,afirmación,6
1,Verdaderas,NOUN,incautación,6
1,Verdaderas,NOUN,saqueo,6
1,Verdaderas,NOUN,estatus,6
1,Verdaderas,NOUN,coronel,6
1,Verdaderas,NOUN,borrador,6
1,Verdaderas,NOUN,mapa,6
1,Verdaderas,NOUN,descenso,6
1,Verdaderas,NOUN,maquillaje,6
1,Verdaderas,NOUN,dominio,6
1,Verdaderas,NOUN,pancarta,6
1,Verdaderas,NOUN,1989,6
1,Verdaderas,NOUN,rendición,6
1,Verdaderas,NOUN,suma,6
1,Verdaderas,NOUN,dignidad,6
1,Verdaderas,NOUN,inversor,6
1,Verdaderas,NOUN,desempeño,6
1,Verdaderas,NOUN,shock,6
1,Verdaderas,NOUN,estándar,6
1,Verdaderas,NOUN,1959,6
1,Verdaderas,NOUN,seno,6
1,Verdaderas,NOUN,hectárea,6
1,Verdaderas,NOUN,gira,6
1,Verdaderas,NOUN,tía,6
1,Verdaderas,NOUN,oponente,6
1,Verdaderas,NOUN,instancia,6
1,Verdaderas,NOUN,código,6
1,Verdaderas,NOUN,ritmo,6
1,Verdaderas,NOUN,criminal,6
1,Verdaderas,NOUN,estancia,6
1,Verdaderas,NOUN,emoción,6
1,Verdaderas,NOUN,internet,6
1,Verdaderas,NOUN,literatura,6
1,Verdaderas,NOUN,invitación,6
1,Verdaderas,NOUN,colega,6
1,Verdaderas,NOUN,planificación,6
1,Verdaderas,NOUN,inversionista,6
1,Verdaderas,NOUN,revolución,6
1,Verdaderas,NOUN,balotaje,6
1,Verdaderas,NOUN,consultor,6
1,Verdaderas,NOUN,transmisión,6
1,Verdaderas,NOUN,inundación,6
1,Verdaderas,NOUN,medianoche,6
1,Verdaderas,NOUN,suroeste,6
1,Verdaderas,NOUN,telecomunicación,6
1,Verdaderas,NOUN,indicador,6
1,Verdaderas,NOUN,franja,6
1,Verdaderas,NOUN,geografía,6
1,Verdaderas,NOUN,diseño,6
1,Verdaderas,NOUN,capítulo,6
1,Verdaderas,NOUN,flor,6
1,Verdaderas,NOUN,algoritmo,6
1,Verdaderas,NOUN,ilustración,6
1,Verdaderas,NOUN,civilización,6
1,Verdaderas,NOUN,exhibición,6
1,Verdaderas,NOUN,instante,6
1,Verdaderas,NOUN,camioneta,6
1,Verdaderas,NOUN,índice,6
1,Verdaderas,NOUN,religión,6
1,Verdaderas,NOUN,futbolista,6
1,Verdaderas,NOUN,frecuencia,6
1,Verdaderas,NOUN,psicología,6
1,Verdaderas,NOUN,ecosistema,6
1,Verdaderas,NOUN,rehabilitación,6
1,Verdaderas,NOUN,actriz,6
1,Verdaderas,NOUN,medición,6
1,Verdaderas,NOUN,umbral,6
1,Verdaderas,NOUN,xx,6
1,Verdaderas,NOUN,diplomático,6
1,Verdaderas,NOUN,polvo,6
1,Verdaderas,NOUN,polo,6
1,Verdaderas,NOUN,afuera,6
1,Verdaderas,NOUN,piano,6
1,Verdaderas,NOUN,campesino,6
1,Verdaderas,NOUN,carne,6
1,Verdaderas,NOUN,ingeniero,6
1,Verdaderas,NOUN,cooki,6
1,Verdaderas,NOUN,compositora,6
1,Verdaderas,NOUN,simpatizante,5
1,Verdaderas,NOUN,vacante,5
1,Verdaderas,NOUN,estrella,5
1,Verdaderas,NOUN,cheque,5
1,Verdaderas,NOUN,biodiversidad,5
1,Verdaderas,NOUN,concurso,5
1,Verdaderas,NOUN,regalo,5
1,Verdaderas,NOUN,tolerancia,5
1,Verdaderas,NOUN,dictamen,5
1,Verdaderas,NOUN,freno,5
1,Verdaderas,NOUN,circulación,5
1,Verdaderas,NOUN,b,5
1,Verdaderas,NOUN,caudal,5
1,Verdaderas,NOUN,valla,5
1,Verdaderas,NOUN,imparcialidad,5
1,Verdaderas,NOUN,difusión,5
1,Verdaderas,NOUN,calificación,5
1,Verdaderas,NOUN,altercado,5
1,Verdaderas,NOUN,patria,5
1,Verdaderas,NOUN,fruto,5
1,Verdaderas,NOUN,secuela,5
1,Verdaderas,NOUN,revisión,5
1,Verdaderas,NOUN,apelación,5
1,Verdaderas,NOUN,aspirante,5
1,Verdaderas,NOUN,sacrificio,5
1,Verdaderas,NOUN,integridad,5
1,Verdaderas,NOUN,instructor,5
1,Verdaderas,NOUN,inauguración,5
1,Verdaderas,NOUN,incumplimiento,5
1,Verdaderas,NOUN,goma,5
1,Verdaderas,NOUN,constitución,5
1,Verdaderas,NOUN,exvicepresidenta,5
1,Verdaderas,NOUN,comité,5
1,Verdaderas,NOUN,cola,5
1,Verdaderas,NOUN,euro,5
1,Verdaderas,NOUN,disolución,5
1,Verdaderas,NOUN,tristeza,5
1,Verdaderas,NOUN,comienzo,5
1,Verdaderas,NOUN,socialismo,5
1,Verdaderas,NOUN,pronto,5
1,Verdaderas,NOUN,adopción,5
1,Verdaderas,NOUN,fascista,5
1,Verdaderas,NOUN,virtud,5
1,Verdaderas,NOUN,delegado,5
1,Verdaderas,NOUN,fundamento,5
1,Verdaderas,NOUN,equilibrio,5
1,Verdaderas,NOUN,fútbol,5
1,Verdaderas,NOUN,antecesor,5
1,Verdaderas,NOUN,lehendakari,5
1,Verdaderas,NOUN,publicidad,5
1,Verdaderas,NOUN,quiebra,5
1,Verdaderas,NOUN,alusión,5
1,Verdaderas,NOUN,plantilla,5
1,Verdaderas,NOUN,regadío,5
1,Verdaderas,NOUN,maniobra,5
1,Verdaderas,NOUN,interrogatorio,5
1,Verdaderas,NOUN,terminal,5
1,Verdaderas,NOUN,diplomacia,5
1,Verdaderas,NOUN,prematura,5
1,Verdaderas,NOUN,previsión,5
1,Verdaderas,NOUN,europea,5
1,Verdaderas,NOUN,escudo,5
1,Verdaderas,NOUN,nazismo,5
1,Verdaderas,NOUN,currículo,5
1,Verdaderas,NOUN,tesorero,5
1,Verdaderas,NOUN,edición,5
1,Verdaderas,NOUN,licitación,5
1,Verdaderas,NOUN,organizador,5
1,Verdaderas,NOUN,incorporación,5
1,Verdaderas,NOUN,mansión,5
1,Verdaderas,NOUN,falsificación,5
1,Verdaderas,NOUN,club,5
1,Verdaderas,NOUN,queja,5
1,Verdaderas,NOUN,alma,5
1,Verdaderas,NOUN,administradora,5
1,Verdaderas,NOUN,ficha,5
1,Verdaderas,NOUN,firmeza,5
1,Verdaderas,NOUN,batería,5
1,Verdaderas,NOUN,piedra,5
1,Verdaderas,NOUN,programación,5
1,Verdaderas,NOUN,revés,5
1,Verdaderas,NOUN,lealtad,5
1,Verdaderas,NOUN,arquitecto,5
1,Verdaderas,NOUN,reproche,5
1,Verdaderas,NOUN,calado,5
1,Verdaderas,NOUN,desgaste,5
1,Verdaderas,NOUN,aplazamiento,5
1,Verdaderas,NOUN,mal,5
1,Verdaderas,NOUN,bicicleta,5
1,Verdaderas,NOUN,llave,5
1,Verdaderas,NOUN,soberano,5
1,Verdaderas,NOUN,condecoración,5
1,Verdaderas,NOUN,2001,5
1,Verdaderas,NOUN,reglamento,5
1,Verdaderas,NOUN,centroderecha,5
1,Verdaderas,NOUN,sacerdote,5
1,Verdaderas,NOUN,exconsejero,5
1,Verdaderas,NOUN,fascismo,5
1,Verdaderas,NOUN,banca,5
1,Verdaderas,NOUN,saldo,5
1,Verdaderas,NOUN,lágrima,5
1,Verdaderas,NOUN,doctor,5
1,Verdaderas,NOUN,politización,5
1,Verdaderas,NOUN,fraternidad,5
1,Verdaderas,NOUN,credibilidad,5
1,Verdaderas,NOUN,desconexión,5
1,Verdaderas,NOUN,absolución,5
1,Verdaderas,NOUN,espíritu,5
1,Verdaderas,NOUN,encargo,5
1,Verdaderas,NOUN,afiliado,5
1,Verdaderas,NOUN,exjefe,5
1,Verdaderas,NOUN,himno,5
1,Verdaderas,NOUN,beneficiario,5
1,Verdaderas,NOUN,conforme,5
1,Verdaderas,NOUN,bar,5
1,Verdaderas,NOUN,granja,5
1,Verdaderas,NOUN,felicidad,5
1,Verdaderas,NOUN,puente,5
1,Verdaderas,NOUN,silla,5
1,Verdaderas,NOUN,1993,5
1,Verdaderas,NOUN,refugiado,5
1,Verdaderas,NOUN,cuerda,5
1,Verdaderas,NOUN,2008,5
1,Verdaderas,NOUN,desenlace,5
1,Verdaderas,NOUN,distinción,5
1,Verdaderas,NOUN,borde,5
1,Verdaderas,NOUN,costumbre,5
1,Verdaderas,NOUN,jardín,5
1,Verdaderas,NOUN,transferencia,5
1,Verdaderas,NOUN,confusión,5
1,Verdaderas,NOUN,claridad,5
1,Verdaderas,NOUN,calor,5
1,Verdaderas,NOUN,pugna,5
1,Verdaderas,NOUN,capa,5
1,Verdaderas,NOUN,incendio,5
1,Verdaderas,NOUN,humillación,5
1,Verdaderas,NOUN,pariente,5
1,Verdaderas,NOUN,tranquilidad,5
1,Verdaderas,NOUN,participante,5
1,Verdaderas,NOUN,saharaui,5
1,Verdaderas,NOUN,consideración,5
1,Verdaderas,NOUN,experimento,5
1,Verdaderas,NOUN,tan,5
1,Verdaderas,NOUN,palanca,5
1,Verdaderas,NOUN,percepción,5
1,Verdaderas,NOUN,recluso,5
1,Verdaderas,NOUN,confesión,5
1,Verdaderas,NOUN,observación,5
1,Verdaderas,NOUN,bombardeo,5
1,Verdaderas,NOUN,fama,5
1,Verdaderas,NOUN,2030,5
1,Verdaderas,NOUN,maquinaria,5
1,Verdaderas,NOUN,discusión,5
1,Verdaderas,NOUN,judío,5
1,Verdaderas,NOUN,corona,5
1,Verdaderas,NOUN,nacionalista,5
1,Verdaderas,NOUN,gallego,5
1,Verdaderas,NOUN,abrazo,5
1,Verdaderas,NOUN,énfasis,5
1,Verdaderas,NOUN,envergadura,5
1,Verdaderas,NOUN,corto,5
1,Verdaderas,NOUN,satisfacción,5
1,Verdaderas,NOUN,quirófano,5
1,Verdaderas,NOUN,huella,5
1,Verdaderas,NOUN,académico,5
1,Verdaderas,NOUN,ganador,5
1,Verdaderas,NOUN,nieve,5
1,Verdaderas,NOUN,despedida,5
1,Verdaderas,NOUN,idioma,5
1,Verdaderas,NOUN,precipitación,5
1,Verdaderas,NOUN,hueso,5
1,Verdaderas,NOUN,emblema,5
1,Verdaderas,NOUN,pesadilla,5
1,Verdaderas,NOUN,mezcla,5
1,Verdaderas,NOUN,carpa,5
1,Verdaderas,NOUN,alias,5
1,Verdaderas,NOUN,90,5
1,Verdaderas,NOUN,señalamiento,5
1,Verdaderas,NOUN,derechista,5
1,Verdaderas,NOUN,bolsonarismo,5
1,Verdaderas,NOUN,cubanoestadounidens,5
1,Verdaderas,NOUN,condado,5
1,Verdaderas,NOUN,capitalismo,5
1,Verdaderas,NOUN,xix,5
1,Verdaderas,NOUN,delincuente,5
1,Verdaderas,NOUN,feminicidio,5
1,Verdaderas,NOUN,jefa,5
1,Verdaderas,NOUN,interpretación,5
1,Verdaderas,NOUN,perforación,5
1,Verdaderas,NOUN,devastación,5
1,Verdaderas,NOUN,noroeste,5
1,Verdaderas,NOUN,litio,5
1,Verdaderas,NOUN,carro,5
1,Verdaderas,NOUN,combinación,5
1,Verdaderas,NOUN,mausoleo,5
1,Verdaderas,NOUN,delfinario,5
1,Verdaderas,NOUN,estanque,5
1,Verdaderas,NOUN,estrés,5
1,Verdaderas,NOUN,mamífero,5
1,Verdaderas,NOUN,dinámica,5
1,Verdaderas,NOUN,privación,5
1,Verdaderas,NOUN,esencia,5
1,Verdaderas,NOUN,desaparecido,5
1,Verdaderas,NOUN,doblete,5
1,Verdaderas,NOUN,infancia,5
1,Verdaderas,NOUN,síndrome,5
1,Verdaderas,NOUN,códiz,5
1,Verdaderas,NOUN,pesos,5
1,Verdaderas,NOUN,revaluación,5
1,Verdaderas,NOUN,realismo,5
1,Verdaderas,NOUN,avenida,5
1,Verdaderas,NOUN,otra,5
1,Verdaderas,NOUN,paradoja,5
1,Verdaderas,NOUN,celda,5
1,Verdaderas,NOUN,sustento,5
1,Verdaderas,NOUN,mexicano,5
1,Verdaderas,NOUN,isleño,5
1,Verdaderas,NOUN,casco,5
1,Verdaderas,NOUN,declive,5
1,Verdaderas,NOUN,mara,5
1,Verdaderas,NOUN,mejoría,5
1,Verdaderas,NOUN,corresponsal,5
1,Verdaderas,NOUN,acumulación,5
1,Verdaderas,NOUN,fascinación,5
1,Verdaderas,NOUN,prima,5
1,Verdaderas,NOUN,biografía,5
1,Verdaderas,NOUN,totalitarismo,5
1,Verdaderas,NOUN,conectividad,5
1,Verdaderas,NOUN,cordillera,5
1,Verdaderas,NOUN,variedad,5
1,Verdaderas,NOUN,venezolana,5
1,Verdaderas,NOUN,apodo,5
1,Verdaderas,NOUN,cuento,5
1,Verdaderas,NOUN,alegría,5
1,Verdaderas,NOUN,comprador,5
1,Verdaderas,NOUN,comandante,5
1,Verdaderas,NOUN,fertilizant,5
1,Verdaderas,NOUN,usufructo,5
1,Verdaderas,NOUN,televisor,5
1,Verdaderas,NOUN,chakra,5
1,Verdaderas,NOUN,subalimentación,5
1,Verdaderas,NOUN,ruina,5
1,Verdaderas,NOUN,huevo,5
1,Verdaderas,NOUN,enfermera,5
1,Verdaderas,NOUN,camilla,5
1,Verdaderas,NOUN,emisora,5
1,Verdaderas,NOUN,sismicidad,5
1,Verdaderas,NOUN,rabino,5
1,Verdaderas,NOUN,visibilidad,4
1,Verdaderas,NOUN,fichaje,4
1,Verdaderas,NOUN,marketing,4
1,Verdaderas,NOUN,pistola,4
1,Verdaderas,NOUN,absuelto,4
1,Verdaderas,NOUN,abdicación,4
1,Verdaderas,NOUN,táctica,4
1,Verdaderas,NOUN,doctrina,4
1,Verdaderas,NOUN,violador,4
1,Verdaderas,NOUN,superávit,4
1,Verdaderas,NOUN,adelante,4
1,Verdaderas,NOUN,regeneración,4
1,Verdaderas,NOUN,devolución,4
1,Verdaderas,NOUN,virus,4
1,Verdaderas,NOUN,crónica,4
1,Verdaderas,NOUN,gestación,4
1,Verdaderas,NOUN,prevalencia,4
1,Verdaderas,NOUN,suceso,4
1,Verdaderas,NOUN,oxígeno,4
1,Verdaderas,NOUN,afín,4
1,Verdaderas,NOUN,ejecutivo,4
1,Verdaderas,NOUN,conspiración,4
1,Verdaderas,NOUN,conquista,4
1,Verdaderas,NOUN,reputación,4
1,Verdaderas,NOUN,vacío,4
1,Verdaderas,NOUN,senadora,4
1,Verdaderas,NOUN,asalto,4
1,Verdaderas,NOUN,prevención,4
1,Verdaderas,NOUN,evolución,4
1,Verdaderas,NOUN,máximo,4
1,Verdaderas,NOUN,juventud,4
1,Verdaderas,NOUN,vicesecretaria,4
1,Verdaderas,NOUN,listado,4
1,Verdaderas,NOUN,horror,4
1,Verdaderas,NOUN,basílica,4
1,Verdaderas,NOUN,identificación,4
1,Verdaderas,NOUN,anticapitalista,4
1,Verdaderas,NOUN,fiscalidad,4
1,Verdaderas,NOUN,instituto,4
1,Verdaderas,NOUN,pelota,4
1,Verdaderas,NOUN,tributo,4
1,Verdaderas,NOUN,exsecretaria,4
1,Verdaderas,NOUN,hoy,4
1,Verdaderas,NOUN,maltrato,4
1,Verdaderas,NOUN,administrador,4
1,Verdaderas,NOUN,productividad,4
1,Verdaderas,NOUN,mediodía,4
1,Verdaderas,NOUN,trayecto,4
1,Verdaderas,NOUN,jubilación,4
1,Verdaderas,NOUN,desconfianza,4
1,Verdaderas,NOUN,contrarreloj,4
1,Verdaderas,NOUN,2005,4
1,Verdaderas,NOUN,proximidad,4
1,Verdaderas,NOUN,rico,4
1,Verdaderas,NOUN,conocer,4
1,Verdaderas,NOUN,vicesecretario,4
1,Verdaderas,NOUN,matanza,4
1,Verdaderas,NOUN,asignatura,4
1,Verdaderas,NOUN,paliza,4
1,Verdaderas,NOUN,censo,4
1,Verdaderas,NOUN,tregua,4
1,Verdaderas,NOUN,lobby,4
1,Verdaderas,NOUN,sobresueldo,4
1,Verdaderas,NOUN,ilegalidad,4
1,Verdaderas,NOUN,afectado,4
1,Verdaderas,NOUN,euroórdén,4
1,Verdaderas,NOUN,utilización,4
1,Verdaderas,NOUN,escrutinio,4
1,Verdaderas,NOUN,equiparación,4
1,Verdaderas,NOUN,eléctrica,4
1,Verdaderas,NOUN,síntoma,4
1,Verdaderas,NOUN,exdirigente,4
1,Verdaderas,NOUN,naranja,4
1,Verdaderas,NOUN,2002,4
1,Verdaderas,NOUN,invernadero,4
1,Verdaderas,NOUN,1939,4
1,Verdaderas,NOUN,cuarta,4
1,Verdaderas,NOUN,miras,4
1,Verdaderas,NOUN,admisión,4
1,Verdaderas,NOUN,fragilidad,4
1,Verdaderas,NOUN,coherencia,4
1,Verdaderas,NOUN,complejidad,4
1,Verdaderas,NOUN,supresión,4
1,Verdaderas,NOUN,problemática,4
1,Verdaderas,NOUN,damnificado,4
1,Verdaderas,NOUN,arca,4
1,Verdaderas,NOUN,acogida,4
1,Verdaderas,NOUN,marea,4
1,Verdaderas,NOUN,chófer,4
1,Verdaderas,NOUN,emprendedor,4
1,Verdaderas,NOUN,chat,4
1,Verdaderas,NOUN,misiva,4
1,Verdaderas,NOUN,coacción,4
1,Verdaderas,NOUN,invasor,4
1,Verdaderas,NOUN,fortalecimiento,4
1,Verdaderas,NOUN,frustración,4
1,Verdaderas,NOUN,impulsor,4
1,Verdaderas,NOUN,arraigo,4
1,Verdaderas,NOUN,antesala,4
1,Verdaderas,NOUN,charla,4
1,Verdaderas,NOUN,interrupción,4
1,Verdaderas,NOUN,diversidad,4
1,Verdaderas,NOUN,ocupación,4
1,Verdaderas,NOUN,medalla,4
1,Verdaderas,NOUN,balcón,4
1,Verdaderas,NOUN,ábalo,4
1,Verdaderas,NOUN,pilar,4
1,Verdaderas,NOUN,inocencia,4
1,Verdaderas,NOUN,presentador,4
1,Verdaderas,NOUN,hostelería,4
1,Verdaderas,NOUN,enlace,4
1,Verdaderas,NOUN,apogeo,4
1,Verdaderas,NOUN,congelación,4
1,Verdaderas,NOUN,toda,4
1,Verdaderas,NOUN,hierro,4
1,Verdaderas,NOUN,héroe,4
1,Verdaderas,NOUN,higiene,4
1,Verdaderas,NOUN,etiqueta,4
1,Verdaderas,NOUN,intermediario,4
1,Verdaderas,NOUN,padecimiento,4
1,Verdaderas,NOUN,realización,4
1,Verdaderas,NOUN,macroproyecto,4
1,Verdaderas,NOUN,2004,4
1,Verdaderas,NOUN,teniente,4
1,Verdaderas,NOUN,desierto,4
1,Verdaderas,NOUN,conmemoración,4
1,Verdaderas,NOUN,paraíso,4
1,Verdaderas,NOUN,contenedor,4
1,Verdaderas,NOUN,1978,4
1,Verdaderas,NOUN,receta,4
1,Verdaderas,NOUN,autocrítica,4
1,Verdaderas,NOUN,complicidad,4
1,Verdaderas,NOUN,supermercado,4
1,Verdaderas,NOUN,piña,4
1,Verdaderas,NOUN,nieta,4
1,Verdaderas,NOUN,imposibilidad,4
1,Verdaderas,NOUN,proyección,4
1,Verdaderas,NOUN,normalización,4
1,Verdaderas,NOUN,reactivación,4
1,Verdaderas,NOUN,armamento,4
1,Verdaderas,NOUN,mediación,4
1,Verdaderas,NOUN,fachada,4
1,Verdaderas,NOUN,medicina,4
1,Verdaderas,NOUN,profesión,4
1,Verdaderas,NOUN,orientación,4
1,Verdaderas,NOUN,cupo,4
1,Verdaderas,NOUN,abandono,4
1,Verdaderas,NOUN,fabricación,4
1,Verdaderas,NOUN,premio,4
1,Verdaderas,NOUN,1995,4
1,Verdaderas,NOUN,lucro,4
1,Verdaderas,NOUN,estética,4
1,Verdaderas,NOUN,milicia,4
1,Verdaderas,NOUN,celeridad,4
1,Verdaderas,NOUN,eficiencia,4
1,Verdaderas,NOUN,madrileño,4
1,Verdaderas,NOUN,migrante,4
1,Verdaderas,NOUN,tercio,4
1,Verdaderas,NOUN,2028,4
1,Verdaderas,NOUN,joya,4
1,Verdaderas,NOUN,aspiración,4
1,Verdaderas,NOUN,abolición,4
1,Verdaderas,NOUN,sintonía,4
1,Verdaderas,NOUN,apariencia,4
1,Verdaderas,NOUN,subsidio,4
1,Verdaderas,NOUN,invierno,4
1,Verdaderas,NOUN,traición,4
1,Verdaderas,NOUN,1976,4
1,Verdaderas,NOUN,recopilación,4
1,Verdaderas,NOUN,xxi,4
1,Verdaderas,NOUN,1991,4
1,Verdaderas,NOUN,paralización,4
1,Verdaderas,NOUN,conducta,4
1,Verdaderas,NOUN,progreso,4
1,Verdaderas,NOUN,explosivo,4
1,Verdaderas,NOUN,arco,4
1,Verdaderas,NOUN,exención,4
1,Verdaderas,NOUN,senda,4
1,Verdaderas,NOUN,conmoción,4
1,Verdaderas,NOUN,nazi,4
1,Verdaderas,NOUN,sobrino,4
1,Verdaderas,NOUN,cáncer,4
1,Verdaderas,NOUN,escepticismo,4
1,Verdaderas,NOUN,careo,4
1,Verdaderas,NOUN,rastro,4
1,Verdaderas,NOUN,hielo,4
1,Verdaderas,NOUN,descanso,4
1,Verdaderas,NOUN,bufete,4
1,Verdaderas,NOUN,suegro,4
1,Verdaderas,NOUN,moto,4
1,Verdaderas,NOUN,represalia,4
1,Verdaderas,NOUN,excarcelación,4
1,Verdaderas,NOUN,exdiputada,4
1,Verdaderas,NOUN,lujo,4
1,Verdaderas,NOUN,misterio,4
1,Verdaderas,NOUN,taxi,4
1,Verdaderas,NOUN,convergencia,4
1,Verdaderas,NOUN,xvi,4
1,Verdaderas,NOUN,quema,4
1,Verdaderas,NOUN,copia,4
1,Verdaderas,NOUN,manzana,4
1,Verdaderas,NOUN,oración,4
1,Verdaderas,NOUN,cariño,4
1,Verdaderas,NOUN,1984,4
1,Verdaderas,NOUN,ventaja,4
1,Verdaderas,NOUN,facilidad,4
1,Verdaderas,NOUN,continuación,4
1,Verdaderas,NOUN,favela,4
1,Verdaderas,NOUN,bebida,4
1,Verdaderas,NOUN,brasileño,4
1,Verdaderas,NOUN,heredero,4
1,Verdaderas,NOUN,modos,4
1,Verdaderas,NOUN,subdirectora,4
1,Verdaderas,NOUN,plantel,4
1,Verdaderas,NOUN,atacante,4
1,Verdaderas,NOUN,pasillo,4
1,Verdaderas,NOUN,volumen,4
1,Verdaderas,NOUN,traje,4
1,Verdaderas,NOUN,poderío,4
1,Verdaderas,NOUN,ciclón,4
1,Verdaderas,NOUN,oleaje,4
1,Verdaderas,NOUN,precaución,4
1,Verdaderas,NOUN,callejón,4
1,Verdaderas,NOUN,resguardo,4
1,Verdaderas,NOUN,bolsillo,4
1,Verdaderas,NOUN,fines,4
1,Verdaderas,NOUN,divisa,4
1,Verdaderas,NOUN,argentina,4
1,Verdaderas,NOUN,vigencia,4
1,Verdaderas,NOUN,repercusión,4
1,Verdaderas,NOUN,exmandataria,4
1,Verdaderas,NOUN,inspiración,4
1,Verdaderas,NOUN,alcance,4
1,Verdaderas,NOUN,imaginario,4
1,Verdaderas,NOUN,contención,4
1,Verdaderas,NOUN,vasta,4
1,Verdaderas,NOUN,meteorólogo,4
1,Verdaderas,NOUN,grieta,4
1,Verdaderas,NOUN,limbo,4
1,Verdaderas,NOUN,laguna,4
1,Verdaderas,NOUN,cría,4
1,Verdaderas,NOUN,cumpleaños,4
1,Verdaderas,NOUN,liceo,4
1,Verdaderas,NOUN,videollamada,4
1,Verdaderas,NOUN,baño,4
1,Verdaderas,NOUN,docente,4
1,Verdaderas,NOUN,chico,4
1,Verdaderas,NOUN,belleza,4
1,Verdaderas,NOUN,primo,4
1,Verdaderas,NOUN,poquito,4
1,Verdaderas,NOUN,sureste,4
1,Verdaderas,NOUN,serpiente,4
1,Verdaderas,NOUN,antropólogo,4
1,Verdaderas,NOUN,bosque,4
1,Verdaderas,NOUN,felino,4
1,Verdaderas,NOUN,deforestación,4
1,Verdaderas,NOUN,hábitat,4
1,Verdaderas,NOUN,barranquillera,4
1,Verdaderas,NOUN,arquitecta,4
1,Verdaderas,NOUN,aislamiento,4
1,Verdaderas,NOUN,repulsión,4
1,Verdaderas,NOUN,presa,4
1,Verdaderas,NOUN,leche,4
1,Verdaderas,NOUN,indígena,4
1,Verdaderas,NOUN,monto,4
1,Verdaderas,NOUN,desplome,4
1,Verdaderas,NOUN,imperio,4
1,Verdaderas,NOUN,1982,4
1,Verdaderas,NOUN,chileno,4
1,Verdaderas,NOUN,ingeniera,4
1,Verdaderas,NOUN,pisa,4
1,Verdaderas,NOUN,noción,4
1,Verdaderas,NOUN,celular,4
1,Verdaderas,NOUN,brutalidad,4
1,Verdaderas,NOUN,alto,4
1,Verdaderas,NOUN,boda,4
1,Verdaderas,NOUN,pausa,4
1,Verdaderas,NOUN,funcionaria,4
1,Verdaderas,NOUN,1930,4
1,Verdaderas,NOUN,acento,4
1,Verdaderas,NOUN,francés,4
1,Verdaderas,NOUN,parámetro,4
1,Verdaderas,NOUN,interacción,4
1,Verdaderas,NOUN,compositor,4
1,Verdaderas,NOUN,rock,4
1,Verdaderas,NOUN,lanzamiento,4
1,Verdaderas,NOUN,letra,4
1,Verdaderas,NOUN,ladrón,4
1,Verdaderas,NOUN,bastardo,4
1,Verdaderas,NOUN,latinoamericano,4
1,Verdaderas,NOUN,prosperidad,4
1,Verdaderas,NOUN,rincón,4
1,Verdaderas,NOUN,consulado,4
1,Verdaderas,NOUN,cerdo,4
1,Verdaderas,NOUN,arroz,4
1,Verdaderas,NOUN,estadística,4
1,Verdaderas,NOUN,semilla,4
1,Verdaderas,NOUN,riego,4
1,Verdaderas,NOUN,coca,4
1,Verdaderas,NOUN,caloría,4
1,Verdaderas,NOUN,sicario,4
1,Verdaderas,NOUN,a.m,4
1,Verdaderas,NOUN,beso,4
1,Verdaderas,NOUN,aplastamiento,4
1,Verdaderas,NOUN,depredador,4
1,Verdaderas,NOUN,losa,4
1,Verdaderas,NOUN,sismómetro,4
1,Verdaderas,NOUN,cáscara,4
1,Verdaderas,NOUN,milímetro,4
1,Verdaderas,NOUN,racionamiento,4
1,Verdaderas,NOUN,panela,4
1,Verdaderas,NOUN,uribismo,4
1,Verdaderas,NOUN,bogocentrismo,4
1,Verdaderas,NOUN,finanza,3
1,Verdaderas,NOUN,filial,3
1,Verdaderas,NOUN,trinchera,3
1,Verdaderas,NOUN,junquera,3
1,Verdaderas,NOUN,inviolabilidad,3
1,Verdaderas,NOUN,blanco,3
1,Verdaderas,NOUN,redacción,3
1,Verdaderas,NOUN,vino,3
1,Verdaderas,NOUN,panteón,3
1,Verdaderas,NOUN,asesora,3
1,Verdaderas,NOUN,encontronazo,3
1,Verdaderas,NOUN,refuerzo,3
1,Verdaderas,NOUN,cs,3
1,Verdaderas,NOUN,residuo,3
1,Verdaderas,NOUN,jurado,3
1,Verdaderas,NOUN,desorden,3
1,Verdaderas,NOUN,test,3
1,Verdaderas,NOUN,pública,3
1,Verdaderas,NOUN,falso,3
1,Verdaderas,NOUN,lobo,3
1,Verdaderas,NOUN,venganza,3
1,Verdaderas,NOUN,descendiente,3
1,Verdaderas,NOUN,titularidad,3
1,Verdaderas,NOUN,exministra,3
1,Verdaderas,NOUN,deducción,3
1,Verdaderas,NOUN,insolvencia,3
1,Verdaderas,NOUN,generosidad,3
1,Verdaderas,NOUN,obsesión,3
1,Verdaderas,NOUN,exmagistrado,3
1,Verdaderas,NOUN,condolencia,3
1,Verdaderas,NOUN,cable,3
1,Verdaderas,NOUN,arranque,3
1,Verdaderas,NOUN,degradación,3
1,Verdaderas,NOUN,asesino,3
1,Verdaderas,NOUN,injuria,3
1,Verdaderas,NOUN,show,3
1,Verdaderas,NOUN,incompatibilidad,3
1,Verdaderas,NOUN,estallido,3
1,Verdaderas,NOUN,casación,3
1,Verdaderas,NOUN,intromisión,3
1,Verdaderas,NOUN,videoconferencia,3
1,Verdaderas,NOUN,vox,3
1,Verdaderas,NOUN,odisea,3
1,Verdaderas,NOUN,encargado,3
1,Verdaderas,NOUN,contingente,3
1,Verdaderas,NOUN,retribución,3
1,Verdaderas,NOUN,1997,3
1,Verdaderas,NOUN,omisión,3
1,Verdaderas,NOUN,composición,3
1,Verdaderas,NOUN,cruce,3
1,Verdaderas,NOUN,circo,3
1,Verdaderas,NOUN,separado,3
1,Verdaderas,NOUN,revocación,3
1,Verdaderas,NOUN,retiro,3
1,Verdaderas,NOUN,paternidad,3
1,Verdaderas,NOUN,nombra,3
1,Verdaderas,NOUN,exasesora,3
1,Verdaderas,NOUN,cohesión,3
1,Verdaderas,NOUN,recusación,3
1,Verdaderas,NOUN,biólogo,3
1,Verdaderas,NOUN,comparecient,3
1,Verdaderas,NOUN,agotamiento,3
1,Verdaderas,NOUN,amianto,3
1,Verdaderas,NOUN,palacio,3
1,Verdaderas,NOUN,diagnóstico,3
1,Verdaderas,NOUN,black,3
1,Verdaderas,NOUN,1985,3
1,Verdaderas,NOUN,mira,3
1,Verdaderas,NOUN,plato,3
1,Verdaderas,NOUN,falangista,3
1,Verdaderas,NOUN,estela,3
1,Verdaderas,NOUN,pretensión,3
1,Verdaderas,NOUN,amnistía,3
1,Verdaderas,NOUN,horas,3
1,Verdaderas,NOUN,golpista,3
1,Verdaderas,NOUN,interlocutor,3
1,Verdaderas,NOUN,especulación,3
1,Verdaderas,NOUN,comience,3
1,Verdaderas,NOUN,balanza,3
1,Verdaderas,NOUN,cómplice,3
1,Verdaderas,NOUN,vísperas,3
1,Verdaderas,NOUN,2040,3
1,Verdaderas,NOUN,conciliación,3
1,Verdaderas,NOUN,tabla,3
1,Verdaderas,NOUN,heredera,3
1,Verdaderas,NOUN,millonario,3
1,Verdaderas,NOUN,microcrédito,3
1,Verdaderas,NOUN,antigüedad,3
1,Verdaderas,NOUN,enriquecimiento,3
1,Verdaderas,NOUN,consentimiento,3
1,Verdaderas,NOUN,14f,3
1,Verdaderas,NOUN,doble,3
1,Verdaderas,NOUN,sesgo,3
1,Verdaderas,NOUN,promotor,3
1,Verdaderas,NOUN,apropiación,3
1,Verdaderas,NOUN,esfera,3
1,Verdaderas,NOUN,exmiembro,3
1,Verdaderas,NOUN,tribuna,3
1,Verdaderas,NOUN,fragmento,3
1,Verdaderas,NOUN,dependient,3
1,Verdaderas,NOUN,cotización,3
1,Verdaderas,NOUN,sanitario,3
1,Verdaderas,NOUN,derribo,3
1,Verdaderas,NOUN,cripta,3
1,Verdaderas,NOUN,inmersión,3
1,Verdaderas,NOUN,repartidor,3
1,Verdaderas,NOUN,exconsellera,3
1,Verdaderas,NOUN,escolta,3
1,Verdaderas,NOUN,promoción,3
1,Verdaderas,NOUN,bronca,3
1,Verdaderas,NOUN,elaboración,3
1,Verdaderas,NOUN,alejamiento,3
1,Verdaderas,NOUN,herencia,3
1,Verdaderas,NOUN,exento,3
1,Verdaderas,NOUN,pelo,3
1,Verdaderas,NOUN,suspenso,3
1,Verdaderas,NOUN,excavación,3
1,Verdaderas,NOUN,liquidez,3
1,Verdaderas,NOUN,abuelo,3
1,Verdaderas,NOUN,planteamiento,3
1,Verdaderas,NOUN,traspaso,3
1,Verdaderas,NOUN,eh-bildu,3
1,Verdaderas,NOUN,obispo,3
1,Verdaderas,NOUN,castellano,3
1,Verdaderas,NOUN,progresista,3
1,Verdaderas,NOUN,bastión,3
1,Verdaderas,NOUN,populista,3
1,Verdaderas,NOUN,aparato,3
1,Verdaderas,NOUN,recaudación,3
1,Verdaderas,NOUN,misa,3
1,Verdaderas,NOUN,xenófobo,3
1,Verdaderas,NOUN,presunción,3
1,Verdaderas,NOUN,carnaval,3
1,Verdaderas,NOUN,plantación,3
1,Verdaderas,NOUN,debilitamiento,3
1,Verdaderas,NOUN,genocidio,3
1,Verdaderas,NOUN,homófobo,3
1,Verdaderas,NOUN,cristal,3
1,Verdaderas,NOUN,procurador,3
1,Verdaderas,NOUN,soberanismo,3
1,Verdaderas,NOUN,vinculación,3
1,Verdaderas,NOUN,moral,3
1,Verdaderas,NOUN,desmovilización,3
1,Verdaderas,NOUN,dispersión,3
1,Verdaderas,NOUN,gana,3
1,Verdaderas,NOUN,comunista,3
1,Verdaderas,NOUN,trata,3
1,Verdaderas,NOUN,ordenanza,3
1,Verdaderas,NOUN,enseña,3
1,Verdaderas,NOUN,periferia,3
1,Verdaderas,NOUN,injerencia,3
1,Verdaderas,NOUN,moderación,3
1,Verdaderas,NOUN,alegación,3
1,Verdaderas,NOUN,urbanización,3
1,Verdaderas,NOUN,pelea,3
1,Verdaderas,NOUN,protagonismo,3
1,Verdaderas,NOUN,monumento,3
1,Verdaderas,NOUN,baza,3
1,Verdaderas,NOUN,aún,3
1,Verdaderas,NOUN,pauta,3
1,Verdaderas,NOUN,extinción,3
1,Verdaderas,NOUN,vago,3
1,Verdaderas,NOUN,cuarentena,3
1,Verdaderas,NOUN,surgimiento,3
1,Verdaderas,NOUN,menú,3
1,Verdaderas,NOUN,hombro,3
1,Verdaderas,NOUN,nada,3
1,Verdaderas,NOUN,metáfora,3
1,Verdaderas,NOUN,patada,3
1,Verdaderas,NOUN,escalera,3
1,Verdaderas,NOUN,terapia,3
1,Verdaderas,NOUN,conversión,3
1,Verdaderas,NOUN,estatuto,3
1,Verdaderas,NOUN,rédito,3
1,Verdaderas,NOUN,catedrático,3
1,Verdaderas,NOUN,corporación,3
1,Verdaderas,NOUN,antropóloga,3
1,Verdaderas,NOUN,prerrogativa,3
1,Verdaderas,NOUN,farmacia,3
1,Verdaderas,NOUN,alza,3
1,Verdaderas,NOUN,almirante,3
1,Verdaderas,NOUN,comitiva,3
1,Verdaderas,NOUN,contundencia,3
1,Verdaderas,NOUN,enfermo,3
1,Verdaderas,NOUN,céntimo,3
1,Verdaderas,NOUN,cabida,3
1,Verdaderas,NOUN,mediática,3
1,Verdaderas,NOUN,fusil,3
1,Verdaderas,NOUN,contestación,3
1,Verdaderas,NOUN,urbanismo,3
1,Verdaderas,NOUN,bus,3
1,Verdaderas,NOUN,observador,3
1,Verdaderas,NOUN,bajada,3
1,Verdaderas,NOUN,rastreo,3
1,Verdaderas,NOUN,anulación,3
1,Verdaderas,NOUN,ala,3
1,Verdaderas,NOUN,toro,3
1,Verdaderas,NOUN,bandazo,3
1,Verdaderas,NOUN,caballo,3
1,Verdaderas,NOUN,electo,3
1,Verdaderas,NOUN,consigna,3
1,Verdaderas,NOUN,jefatura,3
1,Verdaderas,NOUN,coportavoz,3
1,Verdaderas,NOUN,proliferación,3
1,Verdaderas,NOUN,represaliado,3
1,Verdaderas,NOUN,seriedad,3
1,Verdaderas,NOUN,destitución,3
1,Verdaderas,NOUN,finalización,3
1,Verdaderas,NOUN,estatal,3
1,Verdaderas,NOUN,incapacidad,3
1,Verdaderas,NOUN,mierda,3
1,Verdaderas,NOUN,sed,3
1,Verdaderas,NOUN,intimidación,3
1,Verdaderas,NOUN,reprobación,3
1,Verdaderas,NOUN,exportavoz,3
1,Verdaderas,NOUN,carencia,3
1,Verdaderas,NOUN,imposición,3
1,Verdaderas,NOUN,gusto,3
1,Verdaderas,NOUN,docena,3
1,Verdaderas,NOUN,deber,3
1,Verdaderas,NOUN,legitimación,3
1,Verdaderas,NOUN,1983,3
1,Verdaderas,NOUN,bono,3
1,Verdaderas,NOUN,negro,3
1,Verdaderas,NOUN,muchacha,3
1,Verdaderas,NOUN,atropello,3
1,Verdaderas,NOUN,fauna,3
1,Verdaderas,NOUN,parada,3
1,Verdaderas,NOUN,ofrenda,3
1,Verdaderas,NOUN,caudillo,3
1,Verdaderas,NOUN,antelación,3
1,Verdaderas,NOUN,detección,3
1,Verdaderas,NOUN,cabecera,3
1,Verdaderas,NOUN,capricho,3
1,Verdaderas,NOUN,expropiación,3
1,Verdaderas,NOUN,calvario,3
1,Verdaderas,NOUN,exdirector,3
1,Verdaderas,NOUN,demora,3
1,Verdaderas,NOUN,misil,3
1,Verdaderas,NOUN,micrófono,3
1,Verdaderas,NOUN,autopista,3
1,Verdaderas,NOUN,mito,3
1,Verdaderas,NOUN,exconcejal,3
1,Verdaderas,NOUN,humor,3
1,Verdaderas,NOUN,trimestre,3
1,Verdaderas,NOUN,disidente,3
1,Verdaderas,NOUN,trampa,3
1,Verdaderas,NOUN,esclavo,3
1,Verdaderas,NOUN,paseo,3
1,Verdaderas,NOUN,productora,3
1,Verdaderas,NOUN,sucesión,3
1,Verdaderas,NOUN,indefensión,3
1,Verdaderas,NOUN,paciencia,3
1,Verdaderas,NOUN,jurista,3
1,Verdaderas,NOUN,preferencia,3
1,Verdaderas,NOUN,contradictoria,3
1,Verdaderas,NOUN,facto,3
1,Verdaderas,NOUN,montón,3
1,Verdaderas,NOUN,descripción,3
1,Verdaderas,NOUN,sinagoga,3
1,Verdaderas,NOUN,procedencia,3
1,Verdaderas,NOUN,aventura,3
1,Verdaderas,NOUN,artífice,3
1,Verdaderas,NOUN,determinación,3
1,Verdaderas,NOUN,ratificación,3
1,Verdaderas,NOUN,europeo,3
1,Verdaderas,NOUN,albergue,3
1,Verdaderas,NOUN,homólogo,3
1,Verdaderas,NOUN,hostia,3
1,Verdaderas,NOUN,perjuicio,3
1,Verdaderas,NOUN,intemperie,3
1,Verdaderas,NOUN,torta,3
1,Verdaderas,NOUN,desacuerdo,3
1,Verdaderas,NOUN,arena,3
1,Verdaderas,NOUN,editorial,3
1,Verdaderas,NOUN,muelle,3
1,Verdaderas,NOUN,narco,3
1,Verdaderas,NOUN,fuera,3
1,Verdaderas,NOUN,vencedor,3
1,Verdaderas,NOUN,acopio,3
1,Verdaderas,NOUN,aduana,3
1,Verdaderas,NOUN,empatía,3
1,Verdaderas,NOUN,plano,3
1,Verdaderas,NOUN,retórica,3
1,Verdaderas,NOUN,demostración,3
1,Verdaderas,NOUN,intelectual,3
1,Verdaderas,NOUN,artefacto,3
1,Verdaderas,NOUN,orgullo,3
1,Verdaderas,NOUN,multitud,3
1,Verdaderas,NOUN,pastel,3
1,Verdaderas,NOUN,cristiano,3
1,Verdaderas,NOUN,peluca,3
1,Verdaderas,NOUN,porte,3
1,Verdaderas,NOUN,invitado,3
1,Verdaderas,NOUN,resentimiento,3
1,Verdaderas,NOUN,trastorno,3
1,Verdaderas,NOUN,machet,3
1,Verdaderas,NOUN,cuchillo,3
1,Verdaderas,NOUN,oficialismo,3
1,Verdaderas,NOUN,vocero,3
1,Verdaderas,NOUN,barriga,3
1,Verdaderas,NOUN,risa,3
1,Verdaderas,NOUN,iceberg,3
1,Verdaderas,NOUN,chiste,3
1,Verdaderas,NOUN,interrogante,3
1,Verdaderas,NOUN,locura,3
1,Verdaderas,NOUN,ráfaga,3
1,Verdaderas,NOUN,monitoreo,3
1,Verdaderas,NOUN,mediados,3
1,Verdaderas,NOUN,masificación,3
1,Verdaderas,NOUN,migratorio,3
1,Verdaderas,NOUN,corredor,3
1,Verdaderas,NOUN,cobre,3
1,Verdaderas,NOUN,cuello,3
1,Verdaderas,NOUN,diversificación,3
1,Verdaderas,NOUN,contracción,3
1,Verdaderas,NOUN,fractura,3
1,Verdaderas,NOUN,mora,3
1,Verdaderas,NOUN,embate,3
1,Verdaderas,NOUN,apreciación,3
1,Verdaderas,NOUN,supervisión,3
1,Verdaderas,NOUN,desintegración,3
1,Verdaderas,NOUN,contraste,3
1,Verdaderas,NOUN,2022-2026,3
1,Verdaderas,NOUN,paisaje,3
1,Verdaderas,NOUN,aliento,3
1,Verdaderas,NOUN,militarización,3
1,Verdaderas,NOUN,insurgente,3
1,Verdaderas,NOUN,criminalidad,3
1,Verdaderas,NOUN,km,3
1,Verdaderas,NOUN,descarga,3
1,Verdaderas,NOUN,cocina,3
1,Verdaderas,NOUN,atmósfera,3
1,Verdaderas,NOUN,alineamiento,3
1,Verdaderas,NOUN,botín,3
1,Verdaderas,NOUN,narcoterrorista,3
1,Verdaderas,NOUN,directa,3
1,Verdaderas,NOUN,patio,3
1,Verdaderas,NOUN,hembra,3
1,Verdaderas,NOUN,científica,3
1,Verdaderas,NOUN,biógrafo,3
1,Verdaderas,NOUN,botón,3
1,Verdaderas,NOUN,desgracia,3
1,Verdaderas,NOUN,culto,3
1,Verdaderas,NOUN,incursión,3
1,Verdaderas,NOUN,sobrina,3
1,Verdaderas,NOUN,pedagogía,3
1,Verdaderas,NOUN,mariposa,3
1,Verdaderas,NOUN,lapso,3
1,Verdaderas,NOUN,afecto,3
1,Verdaderas,NOUN,educadora,3
1,Verdaderas,NOUN,reclutamiento,3
1,Verdaderas,NOUN,masa,3
1,Verdaderas,NOUN,compasión,3
1,Verdaderas,NOUN,captación,3
1,Verdaderas,NOUN,rasgo,3
1,Verdaderas,NOUN,costarricense,3
1,Verdaderas,NOUN,hito,3
1,Verdaderas,NOUN,escritura,3
1,Verdaderas,NOUN,santuario,3
1,Verdaderas,NOUN,devaluación,3
1,Verdaderas,NOUN,exportador,3
1,Verdaderas,NOUN,fanático,3
1,Verdaderas,NOUN,componente,3
1,Verdaderas,NOUN,ascensor,3
1,Verdaderas,NOUN,infierno,3
1,Verdaderas,NOUN,pintura,3
1,Verdaderas,NOUN,prisionero,3
1,Verdaderas,NOUN,impresión,3
1,Verdaderas,NOUN,portal,3
1,Verdaderas,NOUN,culpabilidad,3
1,Verdaderas,NOUN,ganancia,3
1,Verdaderas,NOUN,refinería,3
1,Verdaderas,NOUN,arbitraje,3
1,Verdaderas,NOUN,arquitectura,3
1,Verdaderas,NOUN,emprendimiento,3
1,Verdaderas,NOUN,separación,3
1,Verdaderas,NOUN,definición,3
1,Verdaderas,NOUN,ranking,3
1,Verdaderas,NOUN,estrato,3
1,Verdaderas,NOUN,pescador,3
1,Verdaderas,NOUN,estandarte,3
1,Verdaderas,NOUN,británico,3
1,Verdaderas,NOUN,rumor,3
1,Verdaderas,NOUN,luto,3
1,Verdaderas,NOUN,boliviana,3
1,Verdaderas,NOUN,novia,3
1,Verdaderas,NOUN,1962,3
1,Verdaderas,NOUN,lancha,3
1,Verdaderas,NOUN,familiaridad,3
1,Verdaderas,NOUN,biología,3
1,Verdaderas,NOUN,buzo,3
1,Verdaderas,NOUN,institucionalidad,3
1,Verdaderas,NOUN,casualidad,3
1,Verdaderas,NOUN,reservorio,3
1,Verdaderas,NOUN,capacitación,3
1,Verdaderas,NOUN,varón,3
1,Verdaderas,NOUN,chica,3
1,Verdaderas,NOUN,curiosidad,3
1,Verdaderas,NOUN,claro,3
1,Verdaderas,NOUN,estigma,3
1,Verdaderas,NOUN,adolescencia,3
1,Verdaderas,NOUN,consultorio,3
1,Verdaderas,NOUN,pedido,3
1,Verdaderas,NOUN,mostrador,3
1,Verdaderas,NOUN,uruguayo,3
1,Verdaderas,NOUN,aguja,3
1,Verdaderas,NOUN,rancho,3
1,Verdaderas,NOUN,resignación,3
1,Verdaderas,NOUN,sensibilidad,3
1,Verdaderas,NOUN,crees,3
1,Verdaderas,NOUN,pasión,3
1,Verdaderas,NOUN,penal,3
1,Verdaderas,NOUN,peligrosidad,3
1,Verdaderas,NOUN,patrullaj,3
1,Verdaderas,NOUN,hilo,3
1,Verdaderas,NOUN,1920,3
1,Verdaderas,NOUN,1953,3
1,Verdaderas,NOUN,escritorio,3
1,Verdaderas,NOUN,filósofo,3
1,Verdaderas,NOUN,innovación,3
1,Verdaderas,NOUN,cercanía,3
1,Verdaderas,NOUN,navegación,3
1,Verdaderas,NOUN,ensayo,3
1,Verdaderas,NOUN,esclusa,3
1,Verdaderas,NOUN,cuenca,3
1,Verdaderas,NOUN,litro,3
1,Verdaderas,NOUN,monopolio,3
1,Verdaderas,NOUN,tecladista,3
1,Verdaderas,NOUN,sonido,3
1,Verdaderas,NOUN,anonimato,3
1,Verdaderas,NOUN,nexo,3
1,Verdaderas,NOUN,historial,3
1,Verdaderas,NOUN,empoderamiento,3
1,Verdaderas,NOUN,vidrio,3
1,Verdaderas,NOUN,cotidianidad,3
1,Verdaderas,NOUN,plata,3
1,Verdaderas,NOUN,colchón,3
1,Verdaderas,NOUN,trópico,3
1,Verdaderas,NOUN,contribuyente,3
1,Verdaderas,NOUN,parecer,3
1,Verdaderas,NOUN,regalía,3
1,Verdaderas,NOUN,olor,3
1,Verdaderas,NOUN,reflejo,3
1,Verdaderas,NOUN,reportaje,3
1,Verdaderas,NOUN,reportera,3
1,Verdaderas,NOUN,reportero,3
1,Verdaderas,NOUN,trofeo,3
1,Verdaderas,NOUN,ventilación,3
1,Verdaderas,NOUN,memorando,3
1,Verdaderas,NOUN,embarque,3
1,Verdaderas,NOUN,libreta,3
1,Verdaderas,NOUN,abastecimiento,3
1,Verdaderas,NOUN,1950,3
1,Verdaderas,NOUN,1961,3
1,Verdaderas,NOUN,1994,3
1,Verdaderas,NOUN,bandido,3
1,Verdaderas,NOUN,carbono,3
1,Verdaderas,NOUN,oriental,3
1,Verdaderas,NOUN,1830,3
1,Verdaderas,NOUN,modal,3
1,Verdaderas,NOUN,emprendedora,3
1,Verdaderas,NOUN,nube,3
1,Verdaderas,NOUN,contingencia,3
1,Verdaderas,NOUN,desembocadura,3
1,Verdaderas,NOUN,orilla,3
1,Verdaderas,NOUN,planicie,3
1,Verdaderas,NOUN,suroccidente,3
1,Verdaderas,NOUN,cabello,3
1,Verdaderas,NOUN,aplauso,3
1,Verdaderas,NOUN,muro,3
1,Verdaderas,NOUN,trilliza,3
1,Verdaderas,NOUN,chocoano,3
1,Verdaderas,NOUN,salvo,3
1,Verdaderas,NOUN,polluelo,3
1,Verdaderas,NOUN,ecoturismo,3
1,Verdaderas,NOUN,martillo,3
1,Verdaderas,NOUN,muñeco,3
1,Verdaderas,NOUN,pantalla,3
1,Verdaderas,NOUN,deslizamiento,3
1,Verdaderas,NOUN,sobrevivencia,3
1,Verdaderas,NOUN,1928,3
1,Verdaderas,NOUN,melodía,3
1,Verdaderas,NOUN,batallón,3
1,Verdaderas,NOUN,pianista,3
1,Verdaderas,NOUN,auditorio,3
1,Verdaderas,NOUN,juramento,3
1,Verdaderas,NOUN,politóloga,3
1,Verdaderas,NOUN,extralimitación,2
1,Verdaderas,NOUN,defecto,2
1,Verdaderas,NOUN,vicealcaldesa,2
1,Verdaderas,NOUN,breve,2
1,Verdaderas,NOUN,espectro,2
1,Verdaderas,NOUN,fake,2
1,Verdaderas,NOUN,sumisión,2
1,Verdaderas,NOUN,remedio,2
1,Verdaderas,NOUN,sargento,2
1,Verdaderas,NOUN,rapaz,2
1,Verdaderas,NOUN,progresión,2
1,Verdaderas,NOUN,grueso,2
1,Verdaderas,NOUN,jurisprudencia,2
1,Verdaderas,NOUN,incoherencia,2
1,Verdaderas,NOUN,covid,2
1,Verdaderas,NOUN,bancada,2
1,Verdaderas,NOUN,te,2
1,Verdaderas,NOUN,fomento,2
1,Verdaderas,NOUN,brote,2
1,Verdaderas,NOUN,anécdota,2
1,Verdaderas,NOUN,sangría,2
1,Verdaderas,NOUN,barrera,2
1,Verdaderas,NOUN,macrogranja,2
1,Verdaderas,NOUN,argumentario,2
1,Verdaderas,NOUN,sobrecarga,2
1,Verdaderas,NOUN,cócteles,2
1,Verdaderas,NOUN,molotov,2
1,Verdaderas,NOUN,indicación,2
1,Verdaderas,NOUN,creencia,2
1,Verdaderas,NOUN,torero,2
1,Verdaderas,NOUN,elite,2
1,Verdaderas,NOUN,festejo,2
1,Verdaderas,NOUN,becerro,2
1,Verdaderas,NOUN,inflamación,2
1,Verdaderas,NOUN,bando,2
1,Verdaderas,NOUN,currículum,2
1,Verdaderas,NOUN,francotirador,2
1,Verdaderas,NOUN,tirador,2
1,Verdaderas,NOUN,recargo,2
1,Verdaderas,NOUN,viuda,2
1,Verdaderas,NOUN,sepultura,2
1,Verdaderas,NOUN,treintena,2
1,Verdaderas,NOUN,pornografía,2
1,Verdaderas,NOUN,comarca,2
1,Verdaderas,NOUN,precandidato,2
1,Verdaderas,NOUN,exjefa,2
1,Verdaderas,NOUN,antidisturbio,2
1,Verdaderas,NOUN,arremete,2
1,Verdaderas,NOUN,boicot,2
1,Verdaderas,NOUN,municipal,2
1,Verdaderas,NOUN,manipulación,2
1,Verdaderas,NOUN,exsecretario,2
1,Verdaderas,NOUN,adhesión,2
1,Verdaderas,NOUN,alivio,2
1,Verdaderas,NOUN,vuelve,2
1,Verdaderas,NOUN,ría,2
1,Verdaderas,NOUN,temporera,2
1,Verdaderas,NOUN,laberinto,2
1,Verdaderas,NOUN,intérprete,2
1,Verdaderas,NOUN,energética,2
1,Verdaderas,NOUN,secuestrador,2
1,Verdaderas,NOUN,racista,2
1,Verdaderas,NOUN,compañera,2
1,Verdaderas,NOUN,concejala,2
1,Verdaderas,NOUN,provocación,2
1,Verdaderas,NOUN,acreditación,2
1,Verdaderas,NOUN,viceconsejero,2
1,Verdaderas,NOUN,feudo,2
1,Verdaderas,NOUN,vuelco,2
1,Verdaderas,NOUN,adversario,2
1,Verdaderas,NOUN,histórico,2
1,Verdaderas,NOUN,exconsejera,2
1,Verdaderas,NOUN,estadio,2
1,Verdaderas,NOUN,abucheo,2
1,Verdaderas,NOUN,mutua,2
1,Verdaderas,NOUN,imprevisto,2
1,Verdaderas,NOUN,diputación,2
1,Verdaderas,NOUN,villa,2
1,Verdaderas,NOUN,europarlamentaria,2
1,Verdaderas,NOUN,superviviente,2
1,Verdaderas,NOUN,pitufeo,2
1,Verdaderas,NOUN,maraña,2
1,Verdaderas,NOUN,naviero,2
1,Verdaderas,NOUN,manual,2
1,Verdaderas,NOUN,vejación,2
1,Verdaderas,NOUN,forzado,2
1,Verdaderas,NOUN,exdirigent,2
1,Verdaderas,NOUN,repaso,2
1,Verdaderas,NOUN,valentía,2
1,Verdaderas,NOUN,sindicalista,2
1,Verdaderas,NOUN,tran,2
1,Verdaderas,NOUN,superdomingo,2
1,Verdaderas,NOUN,benedictino,2
1,Verdaderas,NOUN,hospedería,2
1,Verdaderas,NOUN,rectificación,2
1,Verdaderas,NOUN,exsocio,2
1,Verdaderas,NOUN,manada,2
1,Verdaderas,NOUN,estalinismo,2
1,Verdaderas,NOUN,tiro,2
1,Verdaderas,NOUN,tonto,2
1,Verdaderas,NOUN,dividirno,2
1,Verdaderas,NOUN,estatua,2
1,Verdaderas,NOUN,gesta,2
1,Verdaderas,NOUN,encargada,2
1,Verdaderas,NOUN,exclusión,2
1,Verdaderas,NOUN,recibimiento,2
1,Verdaderas,NOUN,avanzadilla,2
1,Verdaderas,NOUN,bonificación,2
1,Verdaderas,NOUN,pelotazo,2
1,Verdaderas,NOUN,pendiente,2
1,Verdaderas,NOUN,seguro,2
1,Verdaderas,NOUN,adiestramiento,2
1,Verdaderas,NOUN,europarlamentario,2
1,Verdaderas,NOUN,judicialización,2
1,Verdaderas,NOUN,extremis,2
1,Verdaderas,NOUN,aseguradora,2
1,Verdaderas,NOUN,activismo,2
1,Verdaderas,NOUN,compendio,2
1,Verdaderas,NOUN,ovación,2
1,Verdaderas,NOUN,2050,2
1,Verdaderas,NOUN,cancelación,2
1,Verdaderas,NOUN,dilación,2
1,Verdaderas,NOUN,ecologista,2
1,Verdaderas,NOUN,humildad,2
1,Verdaderas,NOUN,arista,2
1,Verdaderas,NOUN,vocación,2
1,Verdaderas,NOUN,progenitor,2
1,Verdaderas,NOUN,unilateralidad,2
1,Verdaderas,NOUN,víspera,2
1,Verdaderas,NOUN,semestre,2
1,Verdaderas,NOUN,pionero,2
1,Verdaderas,NOUN,regímén,2
1,Verdaderas,NOUN,socorrista,2
1,Verdaderas,NOUN,numerosa,2
1,Verdaderas,NOUN,propagación,2
1,Verdaderas,NOUN,excargo,2
1,Verdaderas,NOUN,macrojuicio,2
1,Verdaderas,NOUN,ultraderechista,2
1,Verdaderas,NOUN,judicatura,2
1,Verdaderas,NOUN,merma,2
1,Verdaderas,NOUN,dumping,2
1,Verdaderas,NOUN,seña,2
1,Verdaderas,NOUN,traba,2
1,Verdaderas,NOUN,demolición,2
1,Verdaderas,NOUN,da,2
1,Verdaderas,NOUN,franquista,2
1,Verdaderas,NOUN,paridad,2
1,Verdaderas,NOUN,fichero,2
1,Verdaderas,NOUN,cerrada,2
1,Verdaderas,NOUN,intimidad,2
1,Verdaderas,NOUN,asalariado,2
1,Verdaderas,NOUN,empadronamiento,2
1,Verdaderas,NOUN,imán,2
1,Verdaderas,NOUN,técnico,2
1,Verdaderas,NOUN,agravante,2
1,Verdaderas,NOUN,saludo,2
1,Verdaderas,NOUN,legalización,2
1,Verdaderas,NOUN,exdirectora,2
1,Verdaderas,NOUN,universo,2
1,Verdaderas,NOUN,ponencia,2
1,Verdaderas,NOUN,frentismo,2
1,Verdaderas,NOUN,comisionista,2
1,Verdaderas,NOUN,cofradía,2
1,Verdaderas,NOUN,rencor,2
1,Verdaderas,NOUN,modernización,2
1,Verdaderas,NOUN,cimiento,2
1,Verdaderas,NOUN,amaño,2
1,Verdaderas,NOUN,poderoso,2
1,Verdaderas,NOUN,cirugía,2
1,Verdaderas,NOUN,incompetencia,2
1,Verdaderas,NOUN,ocio,2
1,Verdaderas,NOUN,connivencia,2
1,Verdaderas,NOUN,interinidad,2
1,Verdaderas,NOUN,arremeter,2
1,Verdaderas,NOUN,saco,2
1,Verdaderas,NOUN,despegue,2
1,Verdaderas,NOUN,reloj,2
1,Verdaderas,NOUN,feminista,2
1,Verdaderas,NOUN,negociador,2
1,Verdaderas,NOUN,anticorrupción,2
1,Verdaderas,NOUN,pata,2
1,Verdaderas,NOUN,refundación,2
1,Verdaderas,NOUN,reposición,2
1,Verdaderas,NOUN,bóveda,2
1,Verdaderas,NOUN,pulso,2
1,Verdaderas,NOUN,parlamento,2
1,Verdaderas,NOUN,elogio,2
1,Verdaderas,NOUN,socióloga,2
1,Verdaderas,NOUN,ejecutiva,2
1,Verdaderas,NOUN,garante,2
1,Verdaderas,NOUN,concordia,2
1,Verdaderas,NOUN,dieta,2
1,Verdaderas,NOUN,corruptela,2
1,Verdaderas,NOUN,mafia,2
1,Verdaderas,NOUN,examante,2
1,Verdaderas,NOUN,honorario,2
1,Verdaderas,NOUN,abogacía,2
1,Verdaderas,NOUN,germen,2
1,Verdaderas,NOUN,axila,2
1,Verdaderas,NOUN,constitucionalismo,2
1,Verdaderas,NOUN,feria,2
1,Verdaderas,NOUN,insignia,2
1,Verdaderas,NOUN,camiseta,2
1,Verdaderas,NOUN,ordenamiento,2
1,Verdaderas,NOUN,mural,2
1,Verdaderas,NOUN,agresor,2
1,Verdaderas,NOUN,federación,2
1,Verdaderas,NOUN,civismo,2
1,Verdaderas,NOUN,estancamiento,2
1,Verdaderas,NOUN,10-n,2
1,Verdaderas,NOUN,excolaborador,2
1,Verdaderas,NOUN,papa,2
1,Verdaderas,NOUN,quiniela,2
1,Verdaderas,NOUN,desafección,2
1,Verdaderas,NOUN,prospección,2
1,Verdaderas,NOUN,encuestado,2
1,Verdaderas,NOUN,mesura,2
1,Verdaderas,NOUN,prudencia,2
1,Verdaderas,NOUN,árabe,2
1,Verdaderas,NOUN,inquilino,2
1,Verdaderas,NOUN,moratoria,2
1,Verdaderas,NOUN,prostituta,2
1,Verdaderas,NOUN,proclamación,2
1,Verdaderas,NOUN,príncipe,2
1,Verdaderas,NOUN,cuñado,2
1,Verdaderas,NOUN,monólogo,2
1,Verdaderas,NOUN,silbido,2
1,Verdaderas,NOUN,infarto,2
1,Verdaderas,NOUN,expolicía,2
1,Verdaderas,NOUN,podcast,2
1,Verdaderas,NOUN,victimario,2
1,Verdaderas,NOUN,1933,2
1,Verdaderas,NOUN,falda,2
1,Verdaderas,NOUN,empleada,2
1,Verdaderas,NOUN,española,2
1,Verdaderas,NOUN,negacionismo,2
1,Verdaderas,NOUN,memorial,2
1,Verdaderas,NOUN,ponente,2
1,Verdaderas,NOUN,autogobierno,2
1,Verdaderas,NOUN,entredicho,2
1,Verdaderas,NOUN,dotación,2
1,Verdaderas,NOUN,cao,2
1,Verdaderas,NOUN,peatón,2
1,Verdaderas,NOUN,posgrado,2
1,Verdaderas,NOUN,susto,2
1,Verdaderas,NOUN,folio,2
1,Verdaderas,NOUN,vaca,2
1,Verdaderas,NOUN,dragón,2
1,Verdaderas,NOUN,organigrama,2
1,Verdaderas,NOUN,detrimento,2
1,Verdaderas,NOUN,sustituto,2
1,Verdaderas,NOUN,provisión,2
1,Verdaderas,NOUN,veracidad,2
1,Verdaderas,NOUN,prisa,2
1,Verdaderas,NOUN,resaca,2
1,Verdaderas,NOUN,hipótesis,2
1,Verdaderas,NOUN,editor,2
1,Verdaderas,NOUN,templo,2
1,Verdaderas,NOUN,debacle,2
1,Verdaderas,NOUN,obtención,2
1,Verdaderas,NOUN,cruzada,2
1,Verdaderas,NOUN,sociólogo,2
1,Verdaderas,NOUN,maestro,2
1,Verdaderas,NOUN,sustitución,2
1,Verdaderas,NOUN,sujeción,2
1,Verdaderas,NOUN,inútil,2
1,Verdaderas,NOUN,solvencia,2
1,Verdaderas,NOUN,youtuber,2
1,Verdaderas,NOUN,pitada,2
1,Verdaderas,NOUN,imputado,2
1,Verdaderas,NOUN,praxis,2
1,Verdaderas,NOUN,radicalización,2
1,Verdaderas,NOUN,reojo,2
1,Verdaderas,NOUN,vértigo,2
1,Verdaderas,NOUN,pretexto,2
1,Verdaderas,NOUN,espada,2
1,Verdaderas,NOUN,trascendencia,2
1,Verdaderas,NOUN,desde,2
1,Verdaderas,NOUN,aviador,2
1,Verdaderas,NOUN,sierra,2
1,Verdaderas,NOUN,nutrición,2
1,Verdaderas,NOUN,arbitrariedad,2
1,Verdaderas,NOUN,distorsión,2
1,Verdaderas,NOUN,llama,2
1,Verdaderas,NOUN,afgano,2
1,Verdaderas,NOUN,escucha,2
1,Verdaderas,NOUN,caladero,2
1,Verdaderas,NOUN,inscripción,2
1,Verdaderas,NOUN,serio,2
1,Verdaderas,NOUN,excusa,2
1,Verdaderas,NOUN,hundimiento,2
1,Verdaderas,NOUN,barbaridad,2
1,Verdaderas,NOUN,regularización,2
1,Verdaderas,NOUN,sapo,2
1,Verdaderas,NOUN,respirador,2
1,Verdaderas,NOUN,respiración,2
1,Verdaderas,NOUN,profanación,2
1,Verdaderas,NOUN,limpiadora,2
1,Verdaderas,NOUN,entramado,2
1,Verdaderas,NOUN,25n,2
1,Verdaderas,NOUN,casino,2
1,Verdaderas,NOUN,convención,2
1,Verdaderas,NOUN,exembajador,2
1,Verdaderas,NOUN,dislate,2
1,Verdaderas,NOUN,anterioridad,2
1,Verdaderas,NOUN,20.00,2
1,Verdaderas,NOUN,encrucijada,2
1,Verdaderas,NOUN,transcurso,2
1,Verdaderas,NOUN,saber,2
1,Verdaderas,NOUN,exprés,2
1,Verdaderas,NOUN,horquilla,2
1,Verdaderas,NOUN,cráneo,2
1,Verdaderas,NOUN,reinserción,2
1,Verdaderas,NOUN,colisión,2
1,Verdaderas,NOUN,beca,2
1,Verdaderas,NOUN,lanza,2
1,Verdaderas,NOUN,gloria,2
1,Verdaderas,NOUN,cordón,2
1,Verdaderas,NOUN,competición,2
1,Verdaderas,NOUN,exterminio,2
1,Verdaderas,NOUN,instructora,2
1,Verdaderas,NOUN,temática,2
1,Verdaderas,NOUN,humorista,2
1,Verdaderas,NOUN,poema,2
1,Verdaderas,NOUN,tutor,2
1,Verdaderas,NOUN,fidelidad,2
1,Verdaderas,NOUN,atenuante,2
1,Verdaderas,NOUN,pucherazo,2
1,Verdaderas,NOUN,combate,2
1,Verdaderas,NOUN,alojamiento,2
1,Verdaderas,NOUN,localización,2
1,Verdaderas,NOUN,escenificación,2
1,Verdaderas,NOUN,comisaría,2
1,Verdaderas,NOUN,princesa,2
1,Verdaderas,NOUN,asiento,2
1,Verdaderas,NOUN,rosa,2
1,Verdaderas,NOUN,requerimiento,2
1,Verdaderas,NOUN,morado,2
1,Verdaderas,NOUN,a,2
1,Verdaderas,NOUN,fijo,2
1,Verdaderas,NOUN,ocultación,2
1,Verdaderas,NOUN,soborno,2
1,Verdaderas,NOUN,revalorización,2
1,Verdaderas,NOUN,batacazo,2
1,Verdaderas,NOUN,referente,2
1,Verdaderas,NOUN,nómina,2
1,Verdaderas,NOUN,munición,2
1,Verdaderas,NOUN,camión,2
1,Verdaderas,NOUN,equipamiento,2
1,Verdaderas,NOUN,pseudónimo,2
1,Verdaderas,NOUN,decano,2
1,Verdaderas,NOUN,inspector,2
1,Verdaderas,NOUN,1996,2
1,Verdaderas,NOUN,semanario,2
1,Verdaderas,NOUN,obligatoriedad,2
1,Verdaderas,NOUN,asma,2
1,Verdaderas,NOUN,ordenador,2
1,Verdaderas,NOUN,idoneidad,2
1,Verdaderas,NOUN,discreción,2
1,Verdaderas,NOUN,presentadora,2
1,Verdaderas,NOUN,consumidor,2
1,Verdaderas,NOUN,indiferencia,2
1,Verdaderas,NOUN,privado,2
1,Verdaderas,NOUN,convulsión,2
1,Verdaderas,NOUN,escultura,2
1,Verdaderas,NOUN,palo,2
1,Verdaderas,NOUN,proclama,2
1,Verdaderas,NOUN,éxodo,2
1,Verdaderas,NOUN,forense,2
1,Verdaderas,NOUN,bomba,2
1,Verdaderas,NOUN,sí,2
1,Verdaderas,NOUN,impeachment,2
1,Verdaderas,NOUN,monje,2
1,Verdaderas,NOUN,enterramiento,2
1,Verdaderas,NOUN,lustro,2
1,Verdaderas,NOUN,temporal,2
1,Verdaderas,NOUN,descubierto,2
1,Verdaderas,NOUN,evasión,2
1,Verdaderas,NOUN,aconfesionalidad,2
1,Verdaderas,NOUN,exaltación,2
1,Verdaderas,NOUN,depósito,2
1,Verdaderas,NOUN,impago,2
1,Verdaderas,NOUN,interlocución,2
1,Verdaderas,NOUN,cerco,2
1,Verdaderas,NOUN,corrección,2
1,Verdaderas,NOUN,relevo,2
1,Verdaderas,NOUN,roce,2
1,Verdaderas,NOUN,escolaridad,2
1,Verdaderas,NOUN,quién,2
1,Verdaderas,NOUN,inacción,2
1,Verdaderas,NOUN,quimioterapia,2
1,Verdaderas,NOUN,suplicatorio,2
1,Verdaderas,NOUN,utilidad,2
1,Verdaderas,NOUN,escollo,2
1,Verdaderas,NOUN,chulo,2
1,Verdaderas,NOUN,bota,2
1,Verdaderas,NOUN,cinta,2
1,Verdaderas,NOUN,sabotaje,2
1,Verdaderas,NOUN,ejecutor,2
1,Verdaderas,NOUN,rama,2
1,Verdaderas,NOUN,creador,2
1,Verdaderas,NOUN,oficialidad,2
1,Verdaderas,NOUN,asombro,2
1,Verdaderas,NOUN,clasificación,2
1,Verdaderas,NOUN,gresca,2
1,Verdaderas,NOUN,rebeldía,2
1,Verdaderas,NOUN,habea,2
1,Verdaderas,NOUN,corpus,2
1,Verdaderas,NOUN,milagro,2
1,Verdaderas,NOUN,anomalía,2
1,Verdaderas,NOUN,señalándolo,2
1,Verdaderas,NOUN,acera,2
1,Verdaderas,NOUN,chiringuito,2
1,Verdaderas,NOUN,separatismo,2
1,Verdaderas,NOUN,moda,2
1,Verdaderas,NOUN,meritocracia,2
1,Verdaderas,NOUN,supervisor,2
1,Verdaderas,NOUN,vacación,2
1,Verdaderas,NOUN,desconocido,2
1,Verdaderas,NOUN,performance,2
1,Verdaderas,NOUN,rigor,2
1,Verdaderas,NOUN,predecesora,2
1,Verdaderas,NOUN,toalla,2
1,Verdaderas,NOUN,conseguidor,2
1,Verdaderas,NOUN,recibo,2
1,Verdaderas,NOUN,depreciación,2
1,Verdaderas,NOUN,secretismo,2
1,Verdaderas,NOUN,invento,2
1,Verdaderas,NOUN,yihadista,2
1,Verdaderas,NOUN,dueña,2
1,Verdaderas,NOUN,escolar,2
1,Verdaderas,NOUN,mínima,2
1,Verdaderas,NOUN,tabaco,2
1,Verdaderas,NOUN,equivocación,2
1,Verdaderas,NOUN,gama,2
1,Verdaderas,NOUN,marítimo,2
1,Verdaderas,NOUN,trozo,2
1,Verdaderas,NOUN,motivación,2
1,Verdaderas,NOUN,deriva,2
1,Verdaderas,NOUN,saneamiento,2
1,Verdaderas,NOUN,diablo,2
1,Verdaderas,NOUN,mochila,2
1,Verdaderas,NOUN,cofundador,2
1,Verdaderas,NOUN,fusilamiento,2
1,Verdaderas,NOUN,tablero,2
1,Verdaderas,NOUN,afección,2
1,Verdaderas,NOUN,retoque,2
1,Verdaderas,NOUN,nosotra,2
1,Verdaderas,NOUN,influencer,2
1,Verdaderas,NOUN,pantalón,2
1,Verdaderas,NOUN,elegida,2
1,Verdaderas,NOUN,reelecto,2
1,Verdaderas,NOUN,civil,2
1,Verdaderas,NOUN,clan,2
1,Verdaderas,NOUN,exmandatario,2
1,Verdaderas,NOUN,último,2
1,Verdaderas,NOUN,listo,2
1,Verdaderas,NOUN,bahía,2
1,Verdaderas,NOUN,ron,2
1,Verdaderas,NOUN,muñeca,2
1,Verdaderas,NOUN,aristocracia,2
1,Verdaderas,NOUN,piscina,2
1,Verdaderas,NOUN,empeño,2
1,Verdaderas,NOUN,inflexión,2
1,Verdaderas,NOUN,revolucionario,2
1,Verdaderas,NOUN,ironía,2
1,Verdaderas,NOUN,miseria,2
1,Verdaderas,NOUN,agujero,2
1,Verdaderas,NOUN,ingenio,2
1,Verdaderas,NOUN,etanol,2
1,Verdaderas,NOUN,palmera,2
1,Verdaderas,NOUN,polarización,2
1,Verdaderas,NOUN,estrago,2
1,Verdaderas,NOUN,1988,2
1,Verdaderas,NOUN,evangélico,2
1,Verdaderas,NOUN,liberalismo,2
1,Verdaderas,NOUN,banquero,2
1,Verdaderas,NOUN,exalumno,2
1,Verdaderas,NOUN,latitud,2
1,Verdaderas,NOUN,aviso,2
1,Verdaderas,NOUN,narcotraficante,2
1,Verdaderas,NOUN,narcoterrorismo,2
1,Verdaderas,NOUN,capo,2
1,Verdaderas,NOUN,protector,2
1,Verdaderas,NOUN,tentativa,2
1,Verdaderas,NOUN,cineasta,2
1,Verdaderas,NOUN,renacido,2
1,Verdaderas,NOUN,sátira,2
1,Verdaderas,NOUN,empresaria,2
1,Verdaderas,NOUN,uniforme,2
1,Verdaderas,NOUN,prestigio,2
1,Verdaderas,NOUN,ambición,2
1,Verdaderas,NOUN,km/h,2
1,Verdaderas,NOUN,noreste,2
1,Verdaderas,NOUN,mega,2
1,Verdaderas,NOUN,involucrado,2
1,Verdaderas,NOUN,agro,2
1,Verdaderas,NOUN,flote,2
1,Verdaderas,NOUN,pasajero,2
1,Verdaderas,NOUN,adaptación,2
1,Verdaderas,NOUN,cancha,2
1,Verdaderas,NOUN,billete,2
1,Verdaderas,NOUN,endeudamiento,2
1,Verdaderas,NOUN,mandataria,2
1,Verdaderas,NOUN,sable,2
1,Verdaderas,NOUN,mármol,2
1,Verdaderas,NOUN,1839,2
1,Verdaderas,NOUN,data,2
1,Verdaderas,NOUN,cholo,2
1,Verdaderas,NOUN,viajero,2
1,Verdaderas,NOUN,cargamento,2
1,Verdaderas,NOUN,contrabando,2
1,Verdaderas,NOUN,poblador,2
1,Verdaderas,NOUN,fragmentación,2
1,Verdaderas,NOUN,guerrillero,2
1,Verdaderas,NOUN,península,2
1,Verdaderas,NOUN,climático,2
1,Verdaderas,NOUN,exponente,2
1,Verdaderas,NOUN,crecient,2
1,Verdaderas,NOUN,afinidad,2
1,Verdaderas,NOUN,relator,2
1,Verdaderas,NOUN,recrudecimiento,2
1,Verdaderas,NOUN,recelo,2
1,Verdaderas,NOUN,unísono,2
1,Verdaderas,NOUN,macho,2
1,Verdaderas,NOUN,complicación,2
1,Verdaderas,NOUN,alga,2
1,Verdaderas,NOUN,hez,2
1,Verdaderas,NOUN,filtración,2
1,Verdaderas,NOUN,manutención,2
1,Verdaderas,NOUN,jerarquía,2
1,Verdaderas,NOUN,sello,2
1,Verdaderas,NOUN,explícito,2
1,Verdaderas,NOUN,remesa,2
1,Verdaderas,NOUN,capitalista,2
1,Verdaderas,NOUN,gafa,2
1,Verdaderas,NOUN,paradero,2
1,Verdaderas,NOUN,autopsia,2
1,Verdaderas,NOUN,calentamiento,2
1,Verdaderas,NOUN,estupefaciente,2
1,Verdaderas,NOUN,perdida,2
1,Verdaderas,NOUN,sonrisa,2
1,Verdaderas,NOUN,broma,2
1,Verdaderas,NOUN,heroína,2
1,Verdaderas,NOUN,deslave,2
1,Verdaderas,NOUN,kilo,2
1,Verdaderas,NOUN,filtrado,2
1,Verdaderas,NOUN,postulant,2
1,Verdaderas,NOUN,formato,2
1,Verdaderas,NOUN,formulario,2
1,Verdaderas,NOUN,desespero,2
1,Verdaderas,NOUN,bot,2
1,Verdaderas,NOUN,metodología,2
1,Verdaderas,NOUN,cuestionario,2
1,Verdaderas,NOUN,gerencia,2
1,Verdaderas,NOUN,destreza,2
1,Verdaderas,NOUN,paragua,2
1,Verdaderas,NOUN,certificación,2
1,Verdaderas,NOUN,resumen,2
1,Verdaderas,NOUN,alta,2
1,Verdaderas,NOUN,multilateralismo,2
1,Verdaderas,NOUN,nominación,2
1,Verdaderas,NOUN,credencial,2
1,Verdaderas,NOUN,peregrinaje,2
1,Verdaderas,NOUN,manuscrito,2
1,Verdaderas,NOUN,prehispánico,2
1,Verdaderas,NOUN,pintor,2
1,Verdaderas,NOUN,lámina,2
1,Verdaderas,NOUN,evangelización,2
1,Verdaderas,NOUN,tigre,2
1,Verdaderas,NOUN,volatilidad,2
1,Verdaderas,NOUN,atractivo,2
1,Verdaderas,NOUN,ende,2
1,Verdaderas,NOUN,extra,2
1,Verdaderas,NOUN,boom,2
1,Verdaderas,NOUN,coyuntura,2
1,Verdaderas,NOUN,espejo,2
1,Verdaderas,NOUN,ficción,2
1,Verdaderas,NOUN,magia,2
1,Verdaderas,NOUN,naturalidad,2
1,Verdaderas,NOUN,grada,2
1,Verdaderas,NOUN,pabellón,2
1,Verdaderas,NOUN,sendero,2
1,Verdaderas,NOUN,mexicana,2
1,Verdaderas,NOUN,diseñador,2
1,Verdaderas,NOUN,demandado,2
1,Verdaderas,NOUN,vapor,2
1,Verdaderas,NOUN,oficial,2
1,Verdaderas,NOUN,insumo,2
1,Verdaderas,NOUN,oriente,2
1,Verdaderas,NOUN,pierna,2
1,Verdaderas,NOUN,tobillo,2
1,Verdaderas,NOUN,pañal,2
1,Verdaderas,NOUN,colabora,2
1,Verdaderas,NOUN,viva,2
1,Verdaderas,NOUN,llavero,2
1,Verdaderas,NOUN,tanquero,2
1,Verdaderas,NOUN,facción,2
1,Verdaderas,NOUN,estabilización,2
1,Verdaderas,NOUN,caña,2
1,Verdaderas,NOUN,reproducción,2
1,Verdaderas,NOUN,enseñanza,2
1,Verdaderas,NOUN,estricto,2
1,Verdaderas,NOUN,1821,2
1,Verdaderas,NOUN,mente,2
1,Verdaderas,NOUN,1973,2
1,Verdaderas,NOUN,compatriota,2
1,Verdaderas,NOUN,exsenadora,2
1,Verdaderas,NOUN,remolcador,2
1,Verdaderas,NOUN,pasaje,2
1,Verdaderas,NOUN,fricción,2
1,Verdaderas,NOUN,puntaj,2
1,Verdaderas,NOUN,excandidata,2
1,Verdaderas,NOUN,ir,2
1,Verdaderas,NOUN,antibala,2
1,Verdaderas,NOUN,atril,2
1,Verdaderas,NOUN,2002-2010,2
1,Verdaderas,NOUN,acompaña,2
1,Verdaderas,NOUN,vano,2
1,Verdaderas,NOUN,autoestima,2
1,Verdaderas,NOUN,encuentra,2
1,Verdaderas,NOUN,allegado,2
1,Verdaderas,NOUN,arqueólogo,2
1,Verdaderas,NOUN,metal,2
1,Verdaderas,NOUN,chimú,2
1,Verdaderas,NOUN,funeraria,2
1,Verdaderas,NOUN,aceptación,2
1,Verdaderas,NOUN,certificado,2
1,Verdaderas,NOUN,referendo,2
1,Verdaderas,NOUN,derrame,2
1,Verdaderas,NOUN,proveedor,2
1,Verdaderas,NOUN,oasis,2
1,Verdaderas,NOUN,vencimiento,2
1,Verdaderas,NOUN,aporte,2
1,Verdaderas,NOUN,tumor,2
1,Verdaderas,NOUN,fluctuación,2
1,Verdaderas,NOUN,finalidad,2
1,Verdaderas,NOUN,usuario,2
1,Verdaderas,NOUN,desnutrición,2
1,Verdaderas,NOUN,pala,2
1,Verdaderas,NOUN,socorro,2
1,Verdaderas,NOUN,extraordinaria,2
1,Verdaderas,NOUN,remoción,2
1,Verdaderas,NOUN,cinismo,2
1,Verdaderas,NOUN,burla,2
1,Verdaderas,NOUN,incomodidad,2
1,Verdaderas,NOUN,impotencia,2
1,Verdaderas,NOUN,pensadora,2
1,Verdaderas,NOUN,1970,2
1,Verdaderas,NOUN,suplicio,2
1,Verdaderas,NOUN,nostalgia,2
1,Verdaderas,NOUN,televisora,2
1,Verdaderas,NOUN,reforzamiento,2
1,Verdaderas,NOUN,peruano,2
1,Verdaderas,NOUN,encubierto,2
1,Verdaderas,NOUN,estalinista,2
1,Verdaderas,NOUN,cónsul,2
1,Verdaderas,NOUN,1940,2
1,Verdaderas,NOUN,soviético,2
1,Verdaderas,NOUN,entiend,2
1,Verdaderas,NOUN,biometría,2
1,Verdaderas,NOUN,desarrollador,2
1,Verdaderas,NOUN,deliberación,2
1,Verdaderas,NOUN,pleonocracia,2
1,Verdaderas,NOUN,comprensión,2
1,Verdaderas,NOUN,sofá,2
1,Verdaderas,NOUN,paranoia,2
1,Verdaderas,NOUN,1903,2
1,Verdaderas,NOUN,aislacionismo,2
1,Verdaderas,NOUN,festival,2
1,Verdaderas,NOUN,vas,2
1,Verdaderas,NOUN,naviera,2
1,Verdaderas,NOUN,subadministradora,2
1,Verdaderas,NOUN,longitud,2
1,Verdaderas,NOUN,rebelde,2
1,Verdaderas,NOUN,represa,2
1,Verdaderas,NOUN,guitarra,2
1,Verdaderas,NOUN,óleo,2
1,Verdaderas,NOUN,viceministro,2
1,Verdaderas,NOUN,asociado,2
1,Verdaderas,NOUN,exitosa,2
1,Verdaderas,NOUN,sobreprecio,2
1,Verdaderas,NOUN,averiguación,2
1,Verdaderas,NOUN,castillo,2
1,Verdaderas,NOUN,adquisición,2
1,Verdaderas,NOUN,contribución,2
1,Verdaderas,NOUN,corta,2
1,Verdaderas,NOUN,fluidez,2
1,Verdaderas,NOUN,lesbiana,2
1,Verdaderas,NOUN,estría,2
1,Verdaderas,NOUN,opresión,2
1,Verdaderas,NOUN,correspondencia,2
1,Verdaderas,NOUN,amortiguador,2
1,Verdaderas,NOUN,insubordinación,2
1,Verdaderas,NOUN,superpotencia,2
1,Verdaderas,NOUN,antiamericano,2
1,Verdaderas,NOUN,sometimiento,2
1,Verdaderas,NOUN,bonanza,2
1,Verdaderas,NOUN,multimillonario,2
1,Verdaderas,NOUN,africano,2
1,Verdaderas,NOUN,frío,2
1,Verdaderas,NOUN,mía,2
1,Verdaderas,NOUN,creatividad,2
1,Verdaderas,NOUN,1960,2
1,Verdaderas,NOUN,desesperación,2
1,Verdaderas,NOUN,cielo,2
1,Verdaderas,NOUN,orfandad,2
1,Verdaderas,NOUN,desesperanza,2
1,Verdaderas,NOUN,florecimiento,2
1,Verdaderas,NOUN,reportería,2
1,Verdaderas,NOUN,delantero,2
1,Verdaderas,NOUN,liga,2
1,Verdaderas,NOUN,torneo,2
1,Verdaderas,NOUN,goleador,2
1,Verdaderas,NOUN,excomandante,2
1,Verdaderas,NOUN,exmilitar,2
1,Verdaderas,NOUN,codirectora,2
1,Verdaderas,NOUN,guarimba,2
1,Verdaderas,NOUN,destacamento,2
1,Verdaderas,NOUN,insalubridad,2
1,Verdaderas,NOUN,decírselo,2
1,Verdaderas,NOUN,conductora,2
1,Verdaderas,NOUN,hospitalaria,2
1,Verdaderas,NOUN,facturación,2
1,Verdaderas,NOUN,frijol,2
1,Verdaderas,NOUN,vacuno,2
1,Verdaderas,NOUN,1958,2
1,Verdaderas,NOUN,hortaliza,2
1,Verdaderas,NOUN,ganadería,2
1,Verdaderas,NOUN,pollo,2
1,Verdaderas,NOUN,tractor,2
1,Verdaderas,NOUN,refrigeración,2
1,Verdaderas,NOUN,vecindario,2
1,Verdaderas,NOUN,infección,2
1,Verdaderas,NOUN,monocultivo,2
1,Verdaderas,NOUN,plátano,2
1,Verdaderas,NOUN,tala,2
1,Verdaderas,NOUN,inseparabl,2
1,Verdaderas,NOUN,disponibilidad,2
1,Verdaderas,NOUN,pez,2
1,Verdaderas,NOUN,plaga,2
1,Verdaderas,NOUN,exactitud,2
1,Verdaderas,NOUN,amante,2
1,Verdaderas,NOUN,levantamiento,2
1,Verdaderas,NOUN,descontento,2
1,Verdaderas,NOUN,serenidad,2
1,Verdaderas,NOUN,aras,2
1,Verdaderas,NOUN,chilena,2
1,Verdaderas,NOUN,fiabilidad,2
1,Verdaderas,NOUN,asesoría,2
1,Verdaderas,NOUN,matutina,2
1,Verdaderas,NOUN,potent,2
1,Verdaderas,NOUN,pediatría,2
1,Verdaderas,NOUN,azotea,2
1,Verdaderas,NOUN,narcobloqueo,2
1,Verdaderas,NOUN,dramaturgo,2
1,Verdaderas,NOUN,celebridad,2
1,Verdaderas,NOUN,valle,2
1,Verdaderas,NOUN,granadino,2
1,Verdaderas,NOUN,lecho,2
1,Verdaderas,NOUN,neurodesarrollo,2
1,Verdaderas,NOUN,acompañamiento,2
1,Verdaderas,NOUN,adversidad,2
1,Verdaderas,NOUN,llanto,2
1,Verdaderas,NOUN,trauma,2
1,Verdaderas,NOUN,orificio,2
1,Verdaderas,NOUN,máscara,2
1,Verdaderas,NOUN,temple,2
1,Verdaderas,NOUN,guerrera,2
1,Verdaderas,NOUN,apuntalamiento,2
1,Verdaderas,NOUN,vítor,2
1,Verdaderas,NOUN,geólogo,2
1,Verdaderas,NOUN,sismólogo,2
1,Verdaderas,NOUN,rojo,2
1,Verdaderas,NOUN,traumatismo,2
1,Verdaderas,NOUN,subregistro,2
1,Verdaderas,NOUN,hacinamiento,2
1,Verdaderas,NOUN,centralización,2
1,Verdaderas,NOUN,punzón,2
1,Verdaderas,NOUN,visón,2
1,Verdaderas,NOUN,dedicación,2
1,Verdaderas,NOUN,barbería,2
1,Verdaderas,NOUN,biblia,2
1,Verdaderas,NOUN,tela,2
1,Verdaderas,NOUN,cemento,2
1,Verdaderas,NOUN,paramédico,2
1,Verdaderas,NOUN,docudrama,2
1,Verdaderas,NOUN,filme,2
1,Verdaderas,NOUN,globo,2
1,Verdaderas,NOUN,hada,2
1,Verdaderas,NOUN,off,2
1,Verdaderas,NOUN,kg,2
1,Verdaderas,NOUN,latido,2
1,Verdaderas,NOUN,fantasía,2
1,Verdaderas,NOUN,engaño,2
1,Verdaderas,NOUN,parentesco,2
1,Verdaderas,NOUN,manicomio,2
1,Verdaderas,NOUN,deceso,2
1,Verdaderas,NOUN,variable,2
1,Verdaderas,NOUN,puño,2
1,Verdaderas,NOUN,rotura,2
1,Verdaderas,NOUN,mina,2
1,Verdaderas,NOUN,precursor,2
1,Verdaderas,NOUN,corteza,2
1,Verdaderas,NOUN,maestría,2
1,Verdaderas,NOUN,permitido,2
1,Verdaderas,NOUN,toxina,2
1,Verdaderas,NOUN,hipotermia,2
1,Verdaderas,NOUN,restablecimiento,2
1,Verdaderas,NOUN,pedazos,2
1,Verdaderas,NOUN,rompecabeza,2
1,Verdaderas,NOUN,eventualmente,2
1,Verdaderas,NOUN,tsunami,2
1,Verdaderas,NOUN,gráfico,2
1,Verdaderas,NOUN,pelotón,2
1,Verdaderas,NOUN,enviarlo,2
1,Verdaderas,NOUN,ícono,2
1,Verdaderas,NOUN,destrozo,2
1,Verdaderas,NOUN,sismoresistencia,2
1,Verdaderas,NOUN,juzgar,2
1,Verdaderas,NOUN,halago,2
1,Verdaderas,NOUN,drama,2
1,Verdaderas,NOUN,entrevistador,2
1,Verdaderas,NOUN,inferior,2
1,Verdaderas,NOUN,hincha,2
1,Verdaderas,NOUN,exmagistrada,2
1,Verdaderas,NOUN,útero,2
1,Verdaderas,NOUN,vejiga,2
1,Verdaderas,NOUN,casta,2
1,Verdaderas,NOUN,megacárcel,2
1,Verdaderas,NOUN,víver,2
1,Verdaderas,NOUN,paramilitarismo,2
1,Verdaderas,NOUN,penalista,2
1,Verdaderas,NOUN,santismo,2
1,Verdaderas,NOUN,católica,2
1,Verdaderas,NOUN,consellera,1
1,Verdaderas,NOUN,videovigilancia,1
1,Verdaderas,NOUN,dej,1
1,Verdaderas,NOUN,marcos,1
1,Verdaderas,NOUN,multinacional,1
1,Verdaderas,NOUN,porra,1
1,Verdaderas,NOUN,reedición,1
1,Verdaderas,NOUN,fleco,1
1,Verdaderas,NOUN,rivalidad,1
1,Verdaderas,NOUN,pasada,1
1,Verdaderas,NOUN,pacifismo,1
1,Verdaderas,NOUN,riders,1
1,Verdaderas,NOUN,besamano,1
1,Verdaderas,NOUN,besamanos,1
1,Verdaderas,NOUN,medios-,1
1,Verdaderas,NOUN,fabricante,1
1,Verdaderas,NOUN,mandamiento,1
1,Verdaderas,NOUN,insurrecto,1
1,Verdaderas,NOUN,aerogenerador,1
1,Verdaderas,NOUN,buitre,1
1,Verdaderas,NOUN,cán,1
1,Verdaderas,NOUN,ajusticiamiento,1
1,Verdaderas,NOUN,anarquista,1
1,Verdaderas,NOUN,cadávar,1
1,Verdaderas,NOUN,pirómano,1
1,Verdaderas,NOUN,gentileza,1
1,Verdaderas,NOUN,enviármela,1
1,Verdaderas,NOUN,garra,1
1,Verdaderas,NOUN,barbarie,1
1,Verdaderas,NOUN,mensajería,1
1,Verdaderas,NOUN,deficiencia,1
1,Verdaderas,NOUN,patera,1
1,Verdaderas,NOUN,master,1
1,Verdaderas,NOUN,requiso,1
1,Verdaderas,NOUN,reapertura,1
1,Verdaderas,NOUN,espantada,1
1,Verdaderas,NOUN,accesoria,1
1,Verdaderas,NOUN,eurodiputada,1
1,Verdaderas,NOUN,vilo,1
1,Verdaderas,NOUN,contraoferta,1
1,Verdaderas,NOUN,conjunta,1
1,Verdaderas,NOUN,registrado,1
1,Verdaderas,NOUN,desocialización,1
1,Verdaderas,NOUN,interno,1
1,Verdaderas,NOUN,quincena,1
1,Verdaderas,NOUN,rtva,1
1,Verdaderas,NOUN,altavoz,1
1,Verdaderas,NOUN,implantación,1
1,Verdaderas,NOUN,tenencia,1
1,Verdaderas,NOUN,anticuerpo,1
1,Verdaderas,NOUN,ácido,1
1,Verdaderas,NOUN,redactor,1
1,Verdaderas,NOUN,paloma,1
1,Verdaderas,NOUN,aprendiz,1
1,Verdaderas,NOUN,deportista,1
1,Verdaderas,NOUN,suelta,1
1,Verdaderas,NOUN,pp+cs+vox,1
1,Verdaderas,NOUN,trascurso,1
1,Verdaderas,NOUN,jerezana,1
1,Verdaderas,NOUN,chivatazo,1
1,Verdaderas,NOUN,centralidad,1
1,Verdaderas,NOUN,informático,1
1,Verdaderas,NOUN,perplejidad,1
1,Verdaderas,NOUN,partidismo,1
1,Verdaderas,NOUN,donativo,1
1,Verdaderas,NOUN,equidistancia,1
1,Verdaderas,NOUN,optimismo,1
1,Verdaderas,NOUN,trasvase,1
1,Verdaderas,NOUN,arsenal,1
1,Verdaderas,NOUN,rifle,1
1,Verdaderas,NOUN,subfusil,1
1,Verdaderas,NOUN,adjetivo,1
1,Verdaderas,NOUN,caído,1
1,Verdaderas,NOUN,capilla,1
1,Verdaderas,NOUN,1868,1
1,Verdaderas,NOUN,sublevado,1
1,Verdaderas,NOUN,zarpazo,1
1,Verdaderas,NOUN,galimatía,1
1,Verdaderas,NOUN,perturbador,1
1,Verdaderas,NOUN,palabrería,1
1,Verdaderas,NOUN,andadura,1
1,Verdaderas,NOUN,cosmopaletismo,1
1,Verdaderas,NOUN,compararno,1
1,Verdaderas,NOUN,español.​,1
1,Verdaderas,NOUN,grifo,1
1,Verdaderas,NOUN,inoperancia,1
1,Verdaderas,NOUN,antifeminismo,1
1,Verdaderas,NOUN,espaldarazo,1
1,Verdaderas,NOUN,adelantado,1
1,Verdaderas,NOUN,1-o,1
1,Verdaderas,NOUN,visor,1
1,Verdaderas,NOUN,escrache,1
1,Verdaderas,NOUN,encapuchado,1
1,Verdaderas,NOUN,antiabortista,1
1,Verdaderas,NOUN,desavenencia,1
1,Verdaderas,NOUN,tele,1
1,Verdaderas,NOUN,armonización,1
1,Verdaderas,NOUN,exsenador,1
1,Verdaderas,NOUN,variante,1
1,Verdaderas,NOUN,epis,1
1,Verdaderas,NOUN,intermedia,1
1,Verdaderas,NOUN,pinchazo,1
1,Verdaderas,NOUN,microblogging,1
1,Verdaderas,NOUN,mantero,1
1,Verdaderas,NOUN,plus,1
1,Verdaderas,NOUN,alameda,1
1,Verdaderas,NOUN,factoría,1
1,Verdaderas,NOUN,celulosa,1
1,Verdaderas,NOUN,tanque,1
1,Verdaderas,NOUN,defendido,1
1,Verdaderas,NOUN,fresa,1
1,Verdaderas,NOUN,dicha,1
1,Verdaderas,NOUN,tributación,1
1,Verdaderas,NOUN,23j.,1
1,Verdaderas,NOUN,partícipe,1
1,Verdaderas,NOUN,profeta,1
1,Verdaderas,NOUN,28-a,1
1,Verdaderas,NOUN,personación,1
1,Verdaderas,NOUN,​​desde,1
1,Verdaderas,NOUN,gentuza,1
1,Verdaderas,NOUN,marroquíes,1
1,Verdaderas,NOUN,repatriado,1
1,Verdaderas,NOUN,nariz,1
1,Verdaderas,NOUN,menciona,1
1,Verdaderas,NOUN,embarra,1
1,Verdaderas,NOUN,exmonarca,1
1,Verdaderas,NOUN,tenedor,1
1,Verdaderas,NOUN,pare,1
1,Verdaderas,NOUN,décima,1
1,Verdaderas,NOUN,enviarl,1
1,Verdaderas,NOUN,inédito,1
1,Verdaderas,NOUN,exgobernador,1
1,Verdaderas,NOUN,exlíder,1
1,Verdaderas,NOUN,bon,1
1,Verdaderas,NOUN,dia,1
1,Verdaderas,NOUN,tabúes,1
1,Verdaderas,NOUN,futbolística,1
1,Verdaderas,NOUN,rehúsa,1
1,Verdaderas,NOUN,desjudicialización,1
1,Verdaderas,NOUN,suero,1
1,Verdaderas,NOUN,don,1
1,Verdaderas,NOUN,bancarrota,1
1,Verdaderas,NOUN,maricón,1
1,Verdaderas,NOUN,improperio,1
1,Verdaderas,NOUN,cónclave,1
1,Verdaderas,NOUN,aznarización,1
1,Verdaderas,NOUN,yerno,1
1,Verdaderas,NOUN,miliciana,1
1,Verdaderas,NOUN,griego,1
1,Verdaderas,NOUN,1936,1
1,Verdaderas,NOUN,preeminent,1
1,Verdaderas,NOUN,detective,1
1,Verdaderas,NOUN,aberración,1
1,Verdaderas,NOUN,flexibilidad,1
1,Verdaderas,NOUN,paradigma,1
1,Verdaderas,NOUN,paripé,1
1,Verdaderas,NOUN,intrahistoria,1
1,Verdaderas,NOUN,desescalada,1
1,Verdaderas,NOUN,suburbano,1
1,Verdaderas,NOUN,comodidad,1
1,Verdaderas,NOUN,teu,1
1,Verdaderas,NOUN,veí,1
1,Verdaderas,NOUN,consorcio,1
1,Verdaderas,NOUN,combatientes,1
1,Verdaderas,NOUN,interpelación,1
1,Verdaderas,NOUN,impreso,1
1,Verdaderas,NOUN,ciudadana,1
1,Verdaderas,NOUN,afrenta,1
1,Verdaderas,NOUN,lavandera,1
1,Verdaderas,NOUN,lentitud,1
1,Verdaderas,NOUN,desatino,1
1,Verdaderas,NOUN,hueco,1
1,Verdaderas,NOUN,vete,1
1,Verdaderas,NOUN,circunscripción,1
1,Verdaderas,NOUN,gif,1
1,Verdaderas,NOUN,heroicidad,1
1,Verdaderas,NOUN,inyectarla,1
1,Verdaderas,NOUN,detracción,1
1,Verdaderas,NOUN,cortafuego,1
1,Verdaderas,NOUN,sustracción,1
1,Verdaderas,NOUN,abono,1
1,Verdaderas,NOUN,beneficiado,1
1,Verdaderas,NOUN,injusto,1
1,Verdaderas,NOUN,rechace,1
1,Verdaderas,NOUN,traficante,1
1,Verdaderas,NOUN,parking,1
1,Verdaderas,NOUN,soberbia,1
1,Verdaderas,NOUN,pésame,1
1,Verdaderas,NOUN,descarbonización,1
1,Verdaderas,NOUN,arzobispo,1
1,Verdaderas,NOUN,carpetazo,1
1,Verdaderas,NOUN,fusilada,1
1,Verdaderas,NOUN,patrocinio,1
1,Verdaderas,NOUN,2020-2021,1
1,Verdaderas,NOUN,aclaración,1
1,Verdaderas,NOUN,dividiéndono,1
1,Verdaderas,NOUN,duro,1
1,Verdaderas,NOUN,hurto,1
1,Verdaderas,NOUN,gravísimo,1
1,Verdaderas,NOUN,ocaso,1
1,Verdaderas,NOUN,inmolación,1
1,Verdaderas,NOUN,catalanista,1
1,Verdaderas,NOUN,barrendero,1
1,Verdaderas,NOUN,salvación,1
1,Verdaderas,NOUN,tromba,1
1,Verdaderas,NOUN,exadministradora,1
1,Verdaderas,NOUN,bodega,1
1,Verdaderas,NOUN,admiración,1
1,Verdaderas,NOUN,aplaza,1
1,Verdaderas,NOUN,tibieza,1
1,Verdaderas,NOUN,currículums,1
1,Verdaderas,NOUN,expiatorio,1
1,Verdaderas,NOUN,madrileña,1
1,Verdaderas,NOUN,personarno,1
1,Verdaderas,NOUN,fallida,1
1,Verdaderas,NOUN,exdirectivo,1
1,Verdaderas,NOUN,decretos-ley,1
1,Verdaderas,NOUN,reciprocidad,1
1,Verdaderas,NOUN,acerca,1
1,Verdaderas,NOUN,verbo,1
1,Verdaderas,NOUN,visos,1
1,Verdaderas,NOUN,subcomisión,1
1,Verdaderas,NOUN,trío,1
1,Verdaderas,NOUN,cuarteto,1
1,Verdaderas,NOUN,abusador,1
1,Verdaderas,NOUN,trilero,1
1,Verdaderas,NOUN,sublevación,1
1,Verdaderas,NOUN,fechoría,1
1,Verdaderas,NOUN,vara,1
1,Verdaderas,NOUN,ejemplaridad,1
1,Verdaderas,NOUN,elusión,1
1,Verdaderas,NOUN,fracasado,1
1,Verdaderas,NOUN,sálvese,1
1,Verdaderas,NOUN,cuidadora,1
1,Verdaderas,NOUN,lobbies,1
1,Verdaderas,NOUN,atrocidad,1
1,Verdaderas,NOUN,carroza,1
1,Verdaderas,NOUN,precepto,1
1,Verdaderas,NOUN,28a.,1
1,Verdaderas,NOUN,confirmación,1
1,Verdaderas,NOUN,decretazo,1
1,Verdaderas,NOUN,curioso,1
1,Verdaderas,NOUN,equidad,1
1,Verdaderas,NOUN,valedora,1
1,Verdaderas,NOUN,monoparental,1
1,Verdaderas,NOUN,cost,1
1,Verdaderas,NOUN,congestión,1
1,Verdaderas,NOUN,juro,1
1,Verdaderas,NOUN,legionario,1
1,Verdaderas,NOUN,regidora,1
1,Verdaderas,NOUN,lamentables,1
1,Verdaderas,NOUN,sketch,1
1,Verdaderas,NOUN,mini-cumbre,1
1,Verdaderas,NOUN,marihuana,1
1,Verdaderas,NOUN,cannabis,1
1,Verdaderas,NOUN,almacén,1
1,Verdaderas,NOUN,exchófer,1
1,Verdaderas,NOUN,hostigamiento,1
1,Verdaderas,NOUN,segurídad,1
1,Verdaderas,NOUN,multimillonaria,1
1,Verdaderas,NOUN,puntilla,1
1,Verdaderas,NOUN,subsanación,1
1,Verdaderas,NOUN,abstracto,1
1,Verdaderas,NOUN,falseamiento,1
1,Verdaderas,NOUN,sincronía,1
1,Verdaderas,NOUN,consecución,1
1,Verdaderas,NOUN,curriculum,1
1,Verdaderas,NOUN,vírgén,1
1,Verdaderas,NOUN,cristo,1
1,Verdaderas,NOUN,simplificación,1
1,Verdaderas,NOUN,subcontratación,1
1,Verdaderas,NOUN,pellizco,1
1,Verdaderas,NOUN,antígeno,1
1,Verdaderas,NOUN,civiles,1
1,Verdaderas,NOUN,primarias,1
1,Verdaderas,NOUN,exjemad,1
1,Verdaderas,NOUN,sindicalismo,1
1,Verdaderas,NOUN,pastelería,1
1,Verdaderas,NOUN,cenetista,1
1,Verdaderas,NOUN,obstrucción,1
1,Verdaderas,NOUN,cualitativo,1
1,Verdaderas,NOUN,desmentido,1
1,Verdaderas,NOUN,concepción,1
1,Verdaderas,NOUN,desempleado,1
1,Verdaderas,NOUN,burdel,1
1,Verdaderas,NOUN,escrúpulo,1
1,Verdaderas,NOUN,prostíbulo,1
1,Verdaderas,NOUN,mallorquín,1
1,Verdaderas,NOUN,plena,1
1,Verdaderas,NOUN,denominador,1
1,Verdaderas,NOUN,evasor,1
1,Verdaderas,NOUN,dejen,1
1,Verdaderas,NOUN,grosero,1
1,Verdaderas,NOUN,manifiesta,1
1,Verdaderas,NOUN,enajenación,1
1,Verdaderas,NOUN,denegación,1
1,Verdaderas,NOUN,exvicepresident,1
1,Verdaderas,NOUN,coladero,1
1,Verdaderas,NOUN,tramo,1
1,Verdaderas,NOUN,tropelía,1
1,Verdaderas,NOUN,revanchismo,1
1,Verdaderas,NOUN,cazatalento,1
1,Verdaderas,NOUN,columnista,1
1,Verdaderas,NOUN,censor,1
1,Verdaderas,NOUN,prolongación,1
1,Verdaderas,NOUN,inducción,1
1,Verdaderas,NOUN,enjuiciada,1
1,Verdaderas,NOUN,inductora,1
1,Verdaderas,NOUN,furtivismo,1
1,Verdaderas,NOUN,pederastia,1
1,Verdaderas,NOUN,diócesis,1
1,Verdaderas,NOUN,aeronave,1
1,Verdaderas,NOUN,parón,1
1,Verdaderas,NOUN,fideicomiso,1
1,Verdaderas,NOUN,disfraz,1
1,Verdaderas,NOUN,lifting,1
1,Verdaderas,NOUN,reconversión,1
1,Verdaderas,NOUN,ingent,1
1,Verdaderas,NOUN,clamor,1
1,Verdaderas,NOUN,calificarles,1
1,Verdaderas,NOUN,moviliza,1
1,Verdaderas,NOUN,baliza,1
1,Verdaderas,NOUN,salmantino,1
1,Verdaderas,NOUN,gravamen,1
1,Verdaderas,NOUN,ayuso,1
1,Verdaderas,NOUN,ex-consejeros,1
1,Verdaderas,NOUN,agresividad,1
1,Verdaderas,NOUN,26-m,1
1,Verdaderas,NOUN,disputarl,1
1,Verdaderas,NOUN,otoño,1
1,Verdaderas,NOUN,federalismo,1
1,Verdaderas,NOUN,1977,1
1,Verdaderas,NOUN,chirigota,1
1,Verdaderas,NOUN,subtropical,1
1,Verdaderas,NOUN,colocación,1
1,Verdaderas,NOUN,usurpación,1
1,Verdaderas,NOUN,expreso,1
1,Verdaderas,NOUN,òmnium,1
1,Verdaderas,NOUN,intrusión,1
1,Verdaderas,NOUN,superarlo,1
1,Verdaderas,NOUN,modernidad,1
1,Verdaderas,NOUN,bordo,1
1,Verdaderas,NOUN,desembarco,1
1,Verdaderas,NOUN,vertido,1
1,Verdaderas,NOUN,contaminant,1
1,Verdaderas,NOUN,desalobradora,1
1,Verdaderas,NOUN,gurú,1
1,Verdaderas,NOUN,echárselo,1
1,Verdaderas,NOUN,cogobernanza,1
1,Verdaderas,NOUN,expiración,1
1,Verdaderas,NOUN,aerolínea,1
1,Verdaderas,NOUN,monotema,1
1,Verdaderas,NOUN,agradecimiento,1
1,Verdaderas,NOUN,felicita,1
1,Verdaderas,NOUN,enhorabuena,1
1,Verdaderas,NOUN,rebrot,1
1,Verdaderas,NOUN,interposición,1
1,Verdaderas,NOUN,creces,1
1,Verdaderas,NOUN,1975,1
1,Verdaderas,NOUN,excolonia,1
1,Verdaderas,NOUN,ultracatólico,1
1,Verdaderas,NOUN,anticomunismo,1
1,Verdaderas,NOUN,monasterio,1
1,Verdaderas,NOUN,psoe-a,1
1,Verdaderas,NOUN,patrona,1
1,Verdaderas,NOUN,uipero,1
1,Verdaderas,NOUN,guerrero,1
1,Verdaderas,NOUN,electoralistas,1
1,Verdaderas,NOUN,pluralismo,1
1,Verdaderas,NOUN,fraganti,1
1,Verdaderas,NOUN,delirio,1
1,Verdaderas,NOUN,alarde,1
1,Verdaderas,NOUN,transposición,1
1,Verdaderas,NOUN,absoluta,1
1,Verdaderas,NOUN,pintada,1
1,Verdaderas,NOUN,ariete,1
1,Verdaderas,NOUN,tirándono,1
1,Verdaderas,NOUN,ultraderechistas,1
1,Verdaderas,NOUN,elogia,1
1,Verdaderas,NOUN,stopislamización,1
1,Verdaderas,NOUN,parto,1
1,Verdaderas,NOUN,mendigo,1
1,Verdaderas,NOUN,pedanía,1
1,Verdaderas,NOUN,casa-concejo,1
1,Verdaderas,NOUN,denunciante,1
1,Verdaderas,NOUN,ofendida,1
1,Verdaderas,NOUN,cuadratura,1
1,Verdaderas,NOUN,mezquita,1
1,Verdaderas,NOUN,maquinación,1
1,Verdaderas,NOUN,decreto-ley,1
1,Verdaderas,NOUN,borda,1
1,Verdaderas,NOUN,introducción,1
1,Verdaderas,NOUN,mita,1
1,Verdaderas,NOUN,hipotecario,1
1,Verdaderas,NOUN,atadura,1
1,Verdaderas,NOUN,insinúa,1
1,Verdaderas,NOUN,verno,1
1,Verdaderas,NOUN,luna,1
1,Verdaderas,NOUN,miel,1
1,Verdaderas,NOUN,exdictador,1
1,Verdaderas,NOUN,fugado,1
1,Verdaderas,NOUN,slomo,1
1,Verdaderas,NOUN,obvia,1
1,Verdaderas,NOUN,tauromaquia,1
1,Verdaderas,NOUN,circuito,1
1,Verdaderas,NOUN,rider,1
1,Verdaderas,NOUN,cómico,1
1,Verdaderas,NOUN,parlamentaria,1
1,Verdaderas,NOUN,vértiz,1
1,Verdaderas,NOUN,bili,1
1,Verdaderas,NOUN,cuesta,1
1,Verdaderas,NOUN,rampa,1
1,Verdaderas,NOUN,26m.,1
1,Verdaderas,NOUN,pegada,1
1,Verdaderas,NOUN,coordianción,1
1,Verdaderas,NOUN,tentador,1
1,Verdaderas,NOUN,estafador,1
1,Verdaderas,NOUN,abismo,1
1,Verdaderas,NOUN,intencionalidad,1
1,Verdaderas,NOUN,simulación,1
1,Verdaderas,NOUN,legislativa,1
1,Verdaderas,NOUN,impulsora,1
1,Verdaderas,NOUN,1931,1
1,Verdaderas,NOUN,subordinada,1
1,Verdaderas,NOUN,exresponsable,1
1,Verdaderas,NOUN,salvavidas,1
1,Verdaderas,NOUN,calificativo,1
1,Verdaderas,NOUN,cofundadora,1
1,Verdaderas,NOUN,engendro,1
1,Verdaderas,NOUN,fax,1
1,Verdaderas,NOUN,concertada,1
1,Verdaderas,NOUN,peluquería,1
1,Verdaderas,NOUN,supensión,1
1,Verdaderas,NOUN,tuberculosis,1
1,Verdaderas,NOUN,ganadero,1
1,Verdaderas,NOUN,ganado,1
1,Verdaderas,NOUN,ofrecimiento,1
1,Verdaderas,NOUN,desaguisado,1
1,Verdaderas,NOUN,luchador,1
1,Verdaderas,NOUN,obviedad,1
1,Verdaderas,NOUN,coordinado,1
1,Verdaderas,NOUN,plurinacionalidad,1
1,Verdaderas,NOUN,ático,1
1,Verdaderas,NOUN,dinastía,1
1,Verdaderas,NOUN,pádel,1
1,Verdaderas,NOUN,aseveración,1
1,Verdaderas,NOUN,sanchista,1
1,Verdaderas,NOUN,colofón,1
1,Verdaderas,NOUN,ensaladilla,1
1,Verdaderas,NOUN,estupefacción,1
1,Verdaderas,NOUN,ingrediente,1
1,Verdaderas,NOUN,inmovilismo,1
1,Verdaderas,NOUN,baronesa,1
1,Verdaderas,NOUN,fuerte,1
1,Verdaderas,NOUN,conservadora,1
1,Verdaderas,NOUN,penitenciario,1
1,Verdaderas,NOUN,guión,1
1,Verdaderas,NOUN,exoneración,1
1,Verdaderas,NOUN,discípulo,1
1,Verdaderas,NOUN,1714,1
1,Verdaderas,NOUN,autoría,1
1,Verdaderas,NOUN,avanza,1
1,Verdaderas,NOUN,irrelevancia,1
1,Verdaderas,NOUN,acatamiento,1
1,Verdaderas,NOUN,procesado,1
1,Verdaderas,NOUN,prior,1
1,Verdaderas,NOUN,rupturismo,1
1,Verdaderas,NOUN,vallisoletano,1
1,Verdaderas,NOUN,cuentagotas,1
1,Verdaderas,NOUN,fango,1
1,Verdaderas,NOUN,envase,1
1,Verdaderas,NOUN,greenwashing,1
1,Verdaderas,NOUN,-matricula,1
1,Verdaderas,NOUN,aforamiento,1
1,Verdaderas,NOUN,afán,1
1,Verdaderas,NOUN,dá,1
1,Verdaderas,NOUN,desbloqueo,1
1,Verdaderas,NOUN,despertar,1
1,Verdaderas,NOUN,cortejo,1
1,Verdaderas,NOUN,vitalicio,1
1,Verdaderas,NOUN,recogimiento,1
1,Verdaderas,NOUN,euforia,1
1,Verdaderas,NOUN,ultima,1
1,Verdaderas,NOUN,monocolor,1
1,Verdaderas,NOUN,fiasco,1
1,Verdaderas,NOUN,flexibilización,1
1,Verdaderas,NOUN,hazaña,1
1,Verdaderas,NOUN,cordura,1
1,Verdaderas,NOUN,errejonista,1
1,Verdaderas,NOUN,varapalo,1
1,Verdaderas,NOUN,inmatriculación,1
1,Verdaderas,NOUN,gasolinera,1
1,Verdaderas,NOUN,indisciplina,1
1,Verdaderas,NOUN,jaque,1
1,Verdaderas,NOUN,pellet,1
1,Verdaderas,NOUN,pringada,1
1,Verdaderas,NOUN,adversaria,1
1,Verdaderas,NOUN,gudari,1
1,Verdaderas,NOUN,obtuviera,1
1,Verdaderas,NOUN,2019-2021,1
1,Verdaderas,NOUN,sanchismo,1
1,Verdaderas,NOUN,disconformidad,1
1,Verdaderas,NOUN,enfado,1
1,Verdaderas,NOUN,19-j.,1
1,Verdaderas,NOUN,papelera,1
1,Verdaderas,NOUN,desayuno,1
1,Verdaderas,NOUN,cresta,1
1,Verdaderas,NOUN,zaga,1
1,Verdaderas,NOUN,amnistiado,1
1,Verdaderas,NOUN,defraudador,1
1,Verdaderas,NOUN,panoplia,1
1,Verdaderas,NOUN,fase-,1
1,Verdaderas,NOUN,sólida,1
1,Verdaderas,NOUN,exjuez,1
1,Verdaderas,NOUN,photocall,1
1,Verdaderas,NOUN,icónica,1
1,Verdaderas,NOUN,corrillo,1
1,Verdaderas,NOUN,piel,1
1,Verdaderas,NOUN,coronación,1
1,Verdaderas,NOUN,viceconsejera,1
1,Verdaderas,NOUN,mascarilla,1
1,Verdaderas,NOUN,anticrisis,1
1,Verdaderas,NOUN,paraje,1
1,Verdaderas,NOUN,musealización,1
1,Verdaderas,NOUN,monolito,1
1,Verdaderas,NOUN,1938,1
1,Verdaderas,NOUN,aluvión,1
1,Verdaderas,NOUN,comedor,1
1,Verdaderas,NOUN,estímulo,1
1,Verdaderas,NOUN,árbitro,1
1,Verdaderas,NOUN,whatsapp,1
1,Verdaderas,NOUN,excedencia,1
1,Verdaderas,NOUN,claustro,1
1,Verdaderas,NOUN,exfiscal,1
1,Verdaderas,NOUN,maletero,1
1,Verdaderas,NOUN,aforo,1
1,Verdaderas,NOUN,índole,1
1,Verdaderas,NOUN,tipificación,1
1,Verdaderas,NOUN,enchufe,1
1,Verdaderas,NOUN,pasividad,1
1,Verdaderas,NOUN,zaragozano,1
1,Verdaderas,NOUN,concesionaria,1
1,Verdaderas,NOUN,contrata,1
1,Verdaderas,NOUN,objeción,1
1,Verdaderas,NOUN,okupa,1
1,Verdaderas,NOUN,licenciada,1
1,Verdaderas,NOUN,estreno,1
1,Verdaderas,NOUN,regidor,1
1,Verdaderas,NOUN,non,1
1,Verdaderas,NOUN,grata,1
1,Verdaderas,NOUN,conselleri,1
1,Verdaderas,NOUN,aprovechateguis,1
1,Verdaderas,NOUN,decencia,1
1,Verdaderas,NOUN,apercibimiento,1
1,Verdaderas,NOUN,parálisis,1
1,Verdaderas,NOUN,galardón,1
1,Verdaderas,NOUN,narcolancha,1
1,Verdaderas,NOUN,graffiti,1
1,Verdaderas,NOUN,guía,1
1,Verdaderas,NOUN,free,1
1,Verdaderas,NOUN,hashtag,1
1,Verdaderas,NOUN,maletín,1
1,Verdaderas,NOUN,desquadra,1
1,Verdaderas,NOUN,inexistencia,1
1,Verdaderas,NOUN,investigado,1
1,Verdaderas,NOUN,exsubdelegado,1
1,Verdaderas,NOUN,interlocutora,1
1,Verdaderas,NOUN,encentro,1
1,Verdaderas,NOUN,concejalía,1
1,Verdaderas,NOUN,envite,1
1,Verdaderas,NOUN,honestidad,1
1,Verdaderas,NOUN,22.00,1
1,Verdaderas,NOUN,sale,1
1,Verdaderas,NOUN,8-m,1
1,Verdaderas,NOUN,sosteniéndolo,1
1,Verdaderas,NOUN,post,1
1,Verdaderas,NOUN,miliciano,1
1,Verdaderas,NOUN,homeopatía,1
1,Verdaderas,NOUN,caramelo,1
1,Verdaderas,NOUN,pseudoterapia,1
1,Verdaderas,NOUN,ínfima,1
1,Verdaderas,NOUN,constructora,1
1,Verdaderas,NOUN,aprobarlo,1
1,Verdaderas,NOUN,fusilado,1
1,Verdaderas,NOUN,burundanga,1
1,Verdaderas,NOUN,loca,1
1,Verdaderas,NOUN,opaco,1
1,Verdaderas,NOUN,rastreador,1
1,Verdaderas,NOUN,reequilibrio,1
1,Verdaderas,NOUN,postulado,1
1,Verdaderas,NOUN,maltratador,1
1,Verdaderas,NOUN,mellizo,1
1,Verdaderas,NOUN,real,1
1,Verdaderas,NOUN,dialogo,1
1,Verdaderas,NOUN,carburante,1
1,Verdaderas,NOUN,privada,1
1,Verdaderas,NOUN,demagogo,1
1,Verdaderas,NOUN,descalificación,1
1,Verdaderas,NOUN,patología,1
1,Verdaderas,NOUN,frenazo,1
1,Verdaderas,NOUN,rufián,1
1,Verdaderas,NOUN,delictivo,1
1,Verdaderas,NOUN,instancias,1
1,Verdaderas,NOUN,mismo,1
1,Verdaderas,NOUN,predecesor,1
1,Verdaderas,NOUN,decibelio,1
1,Verdaderas,NOUN,talante,1
1,Verdaderas,NOUN,conciliador,1
1,Verdaderas,NOUN,alzamiento,1
1,Verdaderas,NOUN,tumultuario,1
1,Verdaderas,NOUN,reiteración,1
1,Verdaderas,NOUN,recado,1
1,Verdaderas,NOUN,formulación,1
1,Verdaderas,NOUN,cualificación,1
1,Verdaderas,NOUN,necesitamo,1
1,Verdaderas,NOUN,partit,1
1,Verdaderas,NOUN,corrida,1
1,Verdaderas,NOUN,faena,1
1,Verdaderas,NOUN,amado,1
1,Verdaderas,NOUN,facha,1
1,Verdaderas,NOUN,ponérselo,1
1,Verdaderas,NOUN,inculta,1
1,Verdaderas,NOUN,telonero,1
1,Verdaderas,NOUN,váyase,1
1,Verdaderas,NOUN,ausent,1
1,Verdaderas,NOUN,esqueleto,1
1,Verdaderas,NOUN,impugnación,1
1,Verdaderas,NOUN,exjef,1
1,Verdaderas,NOUN,poquitín,1
1,Verdaderas,NOUN,golf,1
1,Verdaderas,NOUN,aprecio,1
1,Verdaderas,NOUN,expolítico,1
1,Verdaderas,NOUN,central,1
1,Verdaderas,NOUN,clausurarla,1
1,Verdaderas,NOUN,conselleria,1
1,Verdaderas,NOUN,cambo,1
1,Verdaderas,NOUN,mordaza,1
1,Verdaderas,NOUN,congelado,1
1,Verdaderas,NOUN,arritmia,1
1,Verdaderas,NOUN,distribuidora,1
1,Verdaderas,NOUN,procuradora,1
1,Verdaderas,NOUN,restauración,1
1,Verdaderas,NOUN,secretariado,1
1,Verdaderas,NOUN,prescripción,1
1,Verdaderas,NOUN,imprescriptibilidad,1
1,Verdaderas,NOUN,convencimiento,1
1,Verdaderas,NOUN,visionado,1
1,Verdaderas,NOUN,alivia,1
1,Verdaderas,NOUN,temeridad,1
1,Verdaderas,NOUN,clama,1
1,Verdaderas,NOUN,descoordinación,1
1,Verdaderas,NOUN,webs,1
1,Verdaderas,NOUN,timón,1
1,Verdaderas,NOUN,23.00,1
1,Verdaderas,NOUN,pinza,1
1,Verdaderas,NOUN,camarera,1
1,Verdaderas,NOUN,ecoducto,1
1,Verdaderas,NOUN,postulante,1
1,Verdaderas,NOUN,genocida,1
1,Verdaderas,NOUN,vera,1
1,Verdaderas,NOUN,indeciso,1
1,Verdaderas,NOUN,mienta,1
1,Verdaderas,NOUN,desalojo,1
1,Verdaderas,NOUN,acampada,1
1,Verdaderas,NOUN,preescripción,1
1,Verdaderas,NOUN,desmarque,1
1,Verdaderas,NOUN,recogida,1
1,Verdaderas,NOUN,cascada,1
1,Verdaderas,NOUN,coro,1
1,Verdaderas,NOUN,competidor,1
1,Verdaderas,NOUN,navarro,1
1,Verdaderas,NOUN,anexo,1
1,Verdaderas,NOUN,facilitador,1
1,Verdaderas,NOUN,cal,1
1,Verdaderas,NOUN,arzobispado,1
1,Verdaderas,NOUN,regresiva,1
1,Verdaderas,NOUN,diente,1
1,Verdaderas,NOUN,colmillo,1
1,Verdaderas,NOUN,dentadura,1
1,Verdaderas,NOUN,cojo,1
1,Verdaderas,NOUN,autoderminación,1
1,Verdaderas,NOUN,tontería,1
1,Verdaderas,NOUN,extracto,1
1,Verdaderas,NOUN,poneo,1
1,Verdaderas,NOUN,eventual,1
1,Verdaderas,NOUN,amoníaco,1
1,Verdaderas,NOUN,oportunista,1
1,Verdaderas,NOUN,parado,1
1,Verdaderas,NOUN,razonamiento,1
1,Verdaderas,NOUN,euríbor,1
1,Verdaderas,NOUN,exmujer,1
1,Verdaderas,NOUN,desencuentro,1
1,Verdaderas,NOUN,﻿a,1
1,Verdaderas,NOUN,emplazamiento,1
1,Verdaderas,NOUN,termostato,1
1,Verdaderas,NOUN,iluminación,1
1,Verdaderas,NOUN,caldera,1
1,Verdaderas,NOUN,llaga,1
1,Verdaderas,NOUN,convocante,1
1,Verdaderas,NOUN,ahorrador,1
1,Verdaderas,NOUN,andaluz,1
1,Verdaderas,NOUN,va,1
1,Verdaderas,NOUN,transversalidad,1
1,Verdaderas,NOUN,defendemo,1
1,Verdaderas,NOUN,condicional,1
1,Verdaderas,NOUN,informador,1
1,Verdaderas,NOUN,negacionista,1
1,Verdaderas,NOUN,revisionista,1
1,Verdaderas,NOUN,hacedor,1
1,Verdaderas,NOUN,aledaño,1
1,Verdaderas,NOUN,tentáculo,1
1,Verdaderas,NOUN,licenciatura,1
1,Verdaderas,NOUN,veda,1
1,Verdaderas,NOUN,encaje,1
1,Verdaderas,NOUN,obligatoria,1
1,Verdaderas,NOUN,fármaco,1
1,Verdaderas,NOUN,dexametasona,1
1,Verdaderas,NOUN,antiinflamatorio,1
1,Verdaderas,NOUN,artritis,1
1,Verdaderas,NOUN,inductor,1
1,Verdaderas,NOUN,regulacionista,1
1,Verdaderas,NOUN,proderecho,1
1,Verdaderas,NOUN,copla,1
1,Verdaderas,NOUN,taxista,1
1,Verdaderas,NOUN,capitana,1
1,Verdaderas,NOUN,paralelo,1
1,Verdaderas,NOUN,testifical,1
1,Verdaderas,NOUN,abaratamiento,1
1,Verdaderas,NOUN,amortización,1
1,Verdaderas,NOUN,servidor,1
1,Verdaderas,NOUN,transeúnte,1
1,Verdaderas,NOUN,prncipio,1
1,Verdaderas,NOUN,pesquisa,1
1,Verdaderas,NOUN,cuestionado,1
1,Verdaderas,NOUN,alentarla,1
1,Verdaderas,NOUN,acero,1
1,Verdaderas,NOUN,coloquio-mitin,1
1,Verdaderas,NOUN,major,1
1,Verdaderas,NOUN,exnúmero,1
1,Verdaderas,NOUN,parche,1
1,Verdaderas,NOUN,28-f,1
1,Verdaderas,NOUN,lío,1
1,Verdaderas,NOUN,emigración,1
1,Verdaderas,NOUN,cruceiro,1
1,Verdaderas,NOUN,convoca,1
1,Verdaderas,NOUN,sustente,1
1,Verdaderas,NOUN,posicionamiento,1
1,Verdaderas,NOUN,esquirola,1
1,Verdaderas,NOUN,supremacía,1
1,Verdaderas,NOUN,raza,1
1,Verdaderas,NOUN,asunción,1
1,Verdaderas,NOUN,aterrizaje,1
1,Verdaderas,NOUN,bipartidismo,1
1,Verdaderas,NOUN,plomo,1
1,Verdaderas,NOUN,4-d,1
1,Verdaderas,NOUN,reversión,1
1,Verdaderas,NOUN,confesor,1
1,Verdaderas,NOUN,antimilitarista,1
1,Verdaderas,NOUN,advisor,1
1,Verdaderas,NOUN,proyectil,1
1,Verdaderas,NOUN,rabia,1
1,Verdaderas,NOUN,hartazgo,1
1,Verdaderas,NOUN,1957,1
1,Verdaderas,NOUN,encanto,1
1,Verdaderas,NOUN,platea,1
1,Verdaderas,NOUN,reaparición,1
1,Verdaderas,NOUN,combatiente,1
1,Verdaderas,NOUN,rodillo,1
1,Verdaderas,NOUN,parcialidad,1
1,Verdaderas,NOUN,rentista,1
1,Verdaderas,NOUN,ciclista,1
1,Verdaderas,NOUN,alcoholemia,1
1,Verdaderas,NOUN,premia,1
1,Verdaderas,NOUN,vitalicia,1
1,Verdaderas,NOUN,escudera,1
1,Verdaderas,NOUN,bróker,1
1,Verdaderas,NOUN,destinarla,1
1,Verdaderas,NOUN,aeropuertos,1
1,Verdaderas,NOUN,trapicheo,1
1,Verdaderas,NOUN,tesorera,1
1,Verdaderas,NOUN,logo,1
1,Verdaderas,NOUN,resta,1
1,Verdaderas,NOUN,picado,1
1,Verdaderas,NOUN,recaen,1
1,Verdaderas,NOUN,portazo,1
1,Verdaderas,NOUN,geometría,1
1,Verdaderas,NOUN,antidesahucio,1
1,Verdaderas,NOUN,cesta,1
1,Verdaderas,NOUN,tope,1
1,Verdaderas,NOUN,idilio,1
1,Verdaderas,NOUN,bronco,1
1,Verdaderas,NOUN,rotundidad,1
1,Verdaderas,NOUN,terna,1
1,Verdaderas,NOUN,alonso-cuevilla,1
1,Verdaderas,NOUN,tertulia,1
1,Verdaderas,NOUN,incitación,1
1,Verdaderas,NOUN,sanitaria,1
1,Verdaderas,NOUN,sucursal,1
1,Verdaderas,NOUN,dedazo,1
1,Verdaderas,NOUN,bocina,1
1,Verdaderas,NOUN,ratio,1
1,Verdaderas,NOUN,excepcionalidad,1
1,Verdaderas,NOUN,chula,1
1,Verdaderas,NOUN,reino,1
1,Verdaderas,NOUN,cuantía,1
1,Verdaderas,NOUN,bola,1
1,Verdaderas,NOUN,bondad,1
1,Verdaderas,NOUN,demencia,1
1,Verdaderas,NOUN,desprestigio,1
1,Verdaderas,NOUN,derivación,1
1,Verdaderas,NOUN,inscrito,1
1,Verdaderas,NOUN,desconocimiento,1
1,Verdaderas,NOUN,bandeja,1
1,Verdaderas,NOUN,oratoria,1
1,Verdaderas,NOUN,interventor,1
1,Verdaderas,NOUN,reordenación,1
1,Verdaderas,NOUN,crónico,1
1,Verdaderas,NOUN,ertzaina,1
1,Verdaderas,NOUN,cacheo,1
1,Verdaderas,NOUN,oleada,1
1,Verdaderas,NOUN,antorcha,1
1,Verdaderas,NOUN,simbología,1
1,Verdaderas,NOUN,ictus,1
1,Verdaderas,NOUN,cateterismo,1
1,Verdaderas,NOUN,exmarido,1
1,Verdaderas,NOUN,tutelada,1
1,Verdaderas,NOUN,educador,1
1,Verdaderas,NOUN,inelegibl,1
1,Verdaderas,NOUN,pulla,1
1,Verdaderas,NOUN,apunte,1
1,Verdaderas,NOUN,favorito,1
1,Verdaderas,NOUN,trifachito,1
1,Verdaderas,NOUN,pleito,1
1,Verdaderas,NOUN,mudanza,1
1,Verdaderas,NOUN,convalidación,1
1,Verdaderas,NOUN,solivianta,1
1,Verdaderas,NOUN,recentralización,1
1,Verdaderas,NOUN,legilslatura,1
1,Verdaderas,NOUN,atraso,1
1,Verdaderas,NOUN,bable,1
1,Verdaderas,NOUN,asturiano,1
1,Verdaderas,NOUN,alcaldable,1
1,Verdaderas,NOUN,xenófoba,1
1,Verdaderas,NOUN,alarmista,1
1,Verdaderas,NOUN,colesterol,1
1,Verdaderas,NOUN,maquis,1
1,Verdaderas,NOUN,mediador,1
1,Verdaderas,NOUN,propina,1
1,Verdaderas,NOUN,camarero,1
1,Verdaderas,NOUN,confección,1
1,Verdaderas,NOUN,prenda,1
1,Verdaderas,NOUN,accesorio,1
1,Verdaderas,NOUN,perpetración,1
1,Verdaderas,NOUN,niñera,1
1,Verdaderas,NOUN,comparándola,1
1,Verdaderas,NOUN,desliz,1
1,Verdaderas,NOUN,cansancio,1
1,Verdaderas,NOUN,estatut,1
1,Verdaderas,NOUN,tarjetita,1
1,Verdaderas,NOUN,macrocausa,1
1,Verdaderas,NOUN,divorcio,1
1,Verdaderas,NOUN,absorción,1
1,Verdaderas,NOUN,salta,1
1,Verdaderas,NOUN,asta,1
1,Verdaderas,NOUN,mercantilización,1
1,Verdaderas,NOUN,intendente,1
1,Verdaderas,NOUN,rajatabla,1
1,Verdaderas,NOUN,internamiento,1
1,Verdaderas,NOUN,protocolario,1
1,Verdaderas,NOUN,alud,1
1,Verdaderas,NOUN,exlideresa,1
1,Verdaderas,NOUN,recadito,1
1,Verdaderas,NOUN,compararla,1
1,Verdaderas,NOUN,palestra,1
1,Verdaderas,NOUN,tejemanej,1
1,Verdaderas,NOUN,ganadora,1
1,Verdaderas,NOUN,ip,1
1,Verdaderas,NOUN,caracter,1
1,Verdaderas,NOUN,justificant,1
1,Verdaderas,NOUN,insinuación,1
1,Verdaderas,NOUN,parásito,1
1,Verdaderas,NOUN,pablo,1
1,Verdaderas,NOUN,clientelar,1
1,Verdaderas,NOUN,brindis,1
1,Verdaderas,NOUN,viudedad,1
1,Verdaderas,NOUN,exregidora,1
1,Verdaderas,NOUN,marroquí,1
1,Verdaderas,NOUN,cometario,1
1,Verdaderas,NOUN,penales,1
1,Verdaderas,NOUN,testosterónico,1
1,Verdaderas,NOUN,bullying,1
1,Verdaderas,NOUN,greña,1
1,Verdaderas,NOUN,amanecer,1
1,Verdaderas,NOUN,repetida,1
1,Verdaderas,NOUN,descalabro,1
1,Verdaderas,NOUN,matonismo,1
1,Verdaderas,NOUN,abogado-empresario,1
1,Verdaderas,NOUN,estratagema,1
1,Verdaderas,NOUN,perturbadoras,1
1,Verdaderas,NOUN,marque,1
1,Verdaderas,NOUN,cayuco,1
1,Verdaderas,NOUN,diecinueve,1
1,Verdaderas,NOUN,hospitalizado,1
1,Verdaderas,NOUN,debilita,1
1,Verdaderas,NOUN,encierro,1
1,Verdaderas,NOUN,transportista,1
1,Verdaderas,NOUN,innovadora,1
1,Verdaderas,NOUN,lección,1
1,Verdaderas,NOUN,impresentabl,1
1,Verdaderas,NOUN,moverte,1
1,Verdaderas,NOUN,machismo,1
1,Verdaderas,NOUN,corrupto,1
1,Verdaderas,NOUN,d’octubre,1
1,Verdaderas,NOUN,anchas,1
1,Verdaderas,NOUN,pimienta,1
1,Verdaderas,NOUN,transfobia,1
1,Verdaderas,NOUN,antiterrorista,1
1,Verdaderas,NOUN,gestor,1
1,Verdaderas,NOUN,23-f,1
1,Verdaderas,NOUN,inexactitud,1
1,Verdaderas,NOUN,despiste,1
1,Verdaderas,NOUN,notario,1
1,Verdaderas,NOUN,fijación,1
1,Verdaderas,NOUN,despolitización,1
1,Verdaderas,NOUN,sima,1
1,Verdaderas,NOUN,espeleólogo,1
1,Verdaderas,NOUN,cavidad,1
1,Verdaderas,NOUN,sobreseimiento,1
1,Verdaderas,NOUN,bisagra,1
1,Verdaderas,NOUN,busto,1
1,Verdaderas,NOUN,quebradero,1
1,Verdaderas,NOUN,terraza,1
1,Verdaderas,NOUN,1969,1
1,Verdaderas,NOUN,envuelta,1
1,Verdaderas,NOUN,bulto,1
1,Verdaderas,NOUN,fuelle,1
1,Verdaderas,NOUN,arrimada,1
1,Verdaderas,NOUN,remuneración,1
1,Verdaderas,NOUN,campanario,1
1,Verdaderas,NOUN,necrópoli,1
1,Verdaderas,NOUN,absuelta,1
1,Verdaderas,NOUN,proporcionalidad,1
1,Verdaderas,NOUN,marianismo,1
1,Verdaderas,NOUN,barranco,1
1,Verdaderas,NOUN,demoledora,1
1,Verdaderas,NOUN,asesoramiento,1
1,Verdaderas,NOUN,ecoesquema,1
1,Verdaderas,NOUN,exhaustivo,1
1,Verdaderas,NOUN,momia,1
1,Verdaderas,NOUN,okupación,1
1,Verdaderas,NOUN,submarino,1
1,Verdaderas,NOUN,chapuza,1
1,Verdaderas,NOUN,eslora,1
1,Verdaderas,NOUN,setenta,1
1,Verdaderas,NOUN,alumbrado,1
1,Verdaderas,NOUN,podremo,1
1,Verdaderas,NOUN,autoabastecerno,1
1,Verdaderas,NOUN,valora,1
1,Verdaderas,NOUN,oligopolio,1
1,Verdaderas,NOUN,ninguneo,1
1,Verdaderas,NOUN,ciudades-bosque,1
1,Verdaderas,NOUN,exalcald,1
1,Verdaderas,NOUN,selfie,1
1,Verdaderas,NOUN,paisano,1
1,Verdaderas,NOUN,mordida,1
1,Verdaderas,NOUN,carrusel,1
1,Verdaderas,NOUN,excoronel,1
1,Verdaderas,NOUN,conminación,1
1,Verdaderas,NOUN,administrativo,1
1,Verdaderas,NOUN,balón,1
1,Verdaderas,NOUN,saciedad,1
1,Verdaderas,NOUN,propietaria,1
1,Verdaderas,NOUN,deporte,1
1,Verdaderas,NOUN,alergia,1
1,Verdaderas,NOUN,agent,1
1,Verdaderas,NOUN,microelectrónica,1
1,Verdaderas,NOUN,semiconductor,1
1,Verdaderas,NOUN,millar,1
1,Verdaderas,NOUN,autobombo,1
1,Verdaderas,NOUN,plácet,1
1,Verdaderas,NOUN,10n,1
1,Verdaderas,NOUN,situándolo,1
1,Verdaderas,NOUN,repunte,1
1,Verdaderas,NOUN,consigo,1
1,Verdaderas,NOUN,holgada,1
1,Verdaderas,NOUN,anticipación,1
1,Verdaderas,NOUN,colilla,1
1,Verdaderas,NOUN,pro,1
1,Verdaderas,NOUN,tramita,1
1,Verdaderas,NOUN,sorteo,1
1,Verdaderas,NOUN,metros,1
1,Verdaderas,NOUN,cuadrados,1
1,Verdaderas,NOUN,cortina,1
1,Verdaderas,NOUN,humo,1
1,Verdaderas,NOUN,reconfiguración,1
1,Verdaderas,NOUN,exgerente,1
1,Verdaderas,NOUN,emperador,1
1,Verdaderas,NOUN,canario,1
1,Verdaderas,NOUN,reingreso,1
1,Verdaderas,NOUN,desconocedor,1
1,Verdaderas,NOUN,poisibilidad,1
1,Verdaderas,NOUN,empiez,1
1,Verdaderas,NOUN,independiente,1
1,Verdaderas,NOUN,macro-encuesta,1
1,Verdaderas,NOUN,online,1
1,Verdaderas,NOUN,fontanero,1
1,Verdaderas,NOUN,mercancía,1
1,Verdaderas,NOUN,menoscabo,1
1,Verdaderas,NOUN,depuración,1
1,Verdaderas,NOUN,laboralización,1
1,Verdaderas,NOUN,intransigencia,1
1,Verdaderas,NOUN,favorezca,1
1,Verdaderas,NOUN,seroprevalencia,1
1,Verdaderas,NOUN,pantallazo,1
1,Verdaderas,NOUN,sociovergencia,1
1,Verdaderas,NOUN,desventaja,1
1,Verdaderas,NOUN,parlamentariamente,1
1,Verdaderas,NOUN,excuñado,1
1,Verdaderas,NOUN,pedófilo,1
1,Verdaderas,NOUN,revancha,1
1,Verdaderas,NOUN,basta,1
1,Verdaderas,NOUN,articulado,1
1,Verdaderas,NOUN,tecla,1
1,Verdaderas,NOUN,estribillo,1
1,Verdaderas,NOUN,pasodoble,1
1,Verdaderas,NOUN,mítin,1
1,Verdaderas,NOUN,neonazi,1
1,Verdaderas,NOUN,skinhead,1
1,Verdaderas,NOUN,repuesto,1
1,Verdaderas,NOUN,cerradura,1
1,Verdaderas,NOUN,díscolo,1
1,Verdaderas,NOUN,20d,1
1,Verdaderas,NOUN,deshibernación,1
1,Verdaderas,NOUN,mobiliario,1
1,Verdaderas,NOUN,martillazo,1
1,Verdaderas,NOUN,artimaña,1
1,Verdaderas,NOUN,gusano,1
1,Verdaderas,NOUN,denunciant,1
1,Verdaderas,NOUN,tedh,1
1,Verdaderas,NOUN,catalanismo,1
1,Verdaderas,NOUN,kamikaze,1
1,Verdaderas,NOUN,arrolladora,1
1,Verdaderas,NOUN,teletrabajo,1
1,Verdaderas,NOUN,11.30,1
1,Verdaderas,NOUN,clip,1
1,Verdaderas,NOUN,dolencia,1
1,Verdaderas,NOUN,encubridor,1
1,Verdaderas,NOUN,apuñalamiento,1
1,Verdaderas,NOUN,saca,1
1,Verdaderas,NOUN,carretaxe,1
1,Verdaderas,NOUN,chalé,1
1,Verdaderas,NOUN,zanjada,1
1,Verdaderas,NOUN,despoblación,1
1,Verdaderas,NOUN,observatorio,1
1,Verdaderas,NOUN,posverdad,1
1,Verdaderas,NOUN,1949,1
1,Verdaderas,NOUN,2.ª,1
1,Verdaderas,NOUN,cómputo,1
1,Verdaderas,NOUN,legislador,1
1,Verdaderas,NOUN,elegido,1
1,Verdaderas,NOUN,pavanato,1
1,Verdaderas,NOUN,privatización,1
1,Verdaderas,NOUN,guion,1
1,Verdaderas,NOUN,reemplazo,1
1,Verdaderas,NOUN,cirujano,1
1,Verdaderas,NOUN,vistas,1
1,Verdaderas,NOUN,cotilleo,1
1,Verdaderas,NOUN,velada,1
1,Verdaderas,NOUN,comités,1
1,Verdaderas,NOUN,liberalización,1
1,Verdaderas,NOUN,atolladero,1
1,Verdaderas,NOUN,goteo,1
1,Verdaderas,NOUN,pregunto,1
1,Verdaderas,NOUN,cubanoestadounidense,1
1,Verdaderas,NOUN,reticencia,1
1,Verdaderas,NOUN,esclavitud,1
1,Verdaderas,NOUN,servidumbre,1
1,Verdaderas,NOUN,agraria,1
1,Verdaderas,NOUN,cogeneración,1
1,Verdaderas,NOUN,panel,1
1,Verdaderas,NOUN,purificación,1
1,Verdaderas,NOUN,brisa,1
1,Verdaderas,NOUN,césped,1
1,Verdaderas,NOUN,bolsonarista,1
1,Verdaderas,NOUN,exobrero,1
1,Verdaderas,NOUN,establishment,1
1,Verdaderas,NOUN,desaprobación,1
1,Verdaderas,NOUN,veredicto,1
1,Verdaderas,NOUN,narcoterrorisa,1
1,Verdaderas,NOUN,castración,1
1,Verdaderas,NOUN,legislativo,1
1,Verdaderas,NOUN,todos,1
1,Verdaderas,NOUN,cima,1
1,Verdaderas,NOUN,divulgación,1
1,Verdaderas,NOUN,buzón,1
1,Verdaderas,NOUN,encerrarno,1
1,Verdaderas,NOUN,muchachito,1
1,Verdaderas,NOUN,exfuncionario,1
1,Verdaderas,NOUN,agrado,1
1,Verdaderas,NOUN,impedimento,1
1,Verdaderas,NOUN,comedia,1
1,Verdaderas,NOUN,audacia,1
1,Verdaderas,NOUN,aterradora,1
1,Verdaderas,NOUN,fuselaje,1
1,Verdaderas,NOUN,acantilado,1
1,Verdaderas,NOUN,coescrita,1
1,Verdaderas,NOUN,filmografía,1
1,Verdaderas,NOUN,insólita,1
1,Verdaderas,NOUN,sermoneadora,1
1,Verdaderas,NOUN,estrellato,1
1,Verdaderas,NOUN,cameo,1
1,Verdaderas,NOUN,escuálido,1
1,Verdaderas,NOUN,glaciar,1
1,Verdaderas,NOUN,ignorancia,1
1,Verdaderas,NOUN,grosería,1
1,Verdaderas,NOUN,resonancia,1
1,Verdaderas,NOUN,tráiler,1
1,Verdaderas,NOUN,musical,1
1,Verdaderas,NOUN,comentarista,1
1,Verdaderas,NOUN,grosor,1
1,Verdaderas,NOUN,decorado,1
1,Verdaderas,NOUN,pronuncia,1
1,Verdaderas,NOUN,extravagancia,1
1,Verdaderas,NOUN,superproducción,1
1,Verdaderas,NOUN,tragicomedia,1
1,Verdaderas,NOUN,anegación,1
1,Verdaderas,NOUN,alertamiento,1
1,Verdaderas,NOUN,techumbre,1
1,Verdaderas,NOUN,olaje,1
1,Verdaderas,NOUN,oeste-noroeste,1
1,Verdaderas,NOUN,colombiana,1
1,Verdaderas,NOUN,aldea,1
1,Verdaderas,NOUN,urbe,1
1,Verdaderas,NOUN,endurecimiento,1
1,Verdaderas,NOUN,triple,1
1,Verdaderas,NOUN,desprotección,1
1,Verdaderas,NOUN,absentia,1
1,Verdaderas,NOUN,incomparecencia,1
1,Verdaderas,NOUN,clienta,1
1,Verdaderas,NOUN,ajetreo,1
1,Verdaderas,NOUN,subsecretario,1
1,Verdaderas,NOUN,marítima,1
1,Verdaderas,NOUN,electoral-,1
1,Verdaderas,NOUN,ferrocarril,1
1,Verdaderas,NOUN,ciberseguridad,1
1,Verdaderas,NOUN,mención,1
1,Verdaderas,NOUN,licuefacción,1
1,Verdaderas,NOUN,gasoducto,1
1,Verdaderas,NOUN,cláusula,1
1,Verdaderas,NOUN,condicionalidad,1
1,Verdaderas,NOUN,inspección,1
1,Verdaderas,NOUN,fibra,1
1,Verdaderas,NOUN,minero,1
1,Verdaderas,NOUN,win-win,1
1,Verdaderas,NOUN,recesión,1
1,Verdaderas,NOUN,mandato-,1
1,Verdaderas,NOUN,cicatriz,1
1,Verdaderas,NOUN,precarización,1
1,Verdaderas,NOUN,morosidad,1
1,Verdaderas,NOUN,manufactura,1
1,Verdaderas,NOUN,estupidez,1
1,Verdaderas,NOUN,perdedor,1
1,Verdaderas,NOUN,intermediación,1
1,Verdaderas,NOUN,hamburguesa,1
1,Verdaderas,NOUN,terminé,1
1,Verdaderas,NOUN,hamburguesería,1
1,Verdaderas,NOUN,cuentapropismo,1
1,Verdaderas,NOUN,autoempleo,1
1,Verdaderas,NOUN,neto,1
1,Verdaderas,NOUN,macroeconomía,1
1,Verdaderas,NOUN,desaire,1
1,Verdaderas,NOUN,exejecutivo,1
1,Verdaderas,NOUN,marioneta,1
1,Verdaderas,NOUN,titiritero,1
1,Verdaderas,NOUN,sucesora,1
1,Verdaderas,NOUN,pedestal,1
1,Verdaderas,NOUN,1824-1838,1
1,Verdaderas,NOUN,hondureño,1
1,Verdaderas,NOUN,1838,1
1,Verdaderas,NOUN,diezmo,1
1,Verdaderas,NOUN,1842,1
1,Verdaderas,NOUN,ceniza,1
1,Verdaderas,NOUN,testamento,1
1,Verdaderas,NOUN,adicto,1
1,Verdaderas,NOUN,pícaro,1
1,Verdaderas,NOUN,centroamericano,1
1,Verdaderas,NOUN,fatalidad,1
1,Verdaderas,NOUN,2006-2009,1
1,Verdaderas,NOUN,simbolismo,1
1,Verdaderas,NOUN,fastuosidad,1
1,Verdaderas,NOUN,montaje,1
1,Verdaderas,NOUN,mentalidad,1
1,Verdaderas,NOUN,neutralización,1
1,Verdaderas,NOUN,uniformado,1
1,Verdaderas,NOUN,armada,1
1,Verdaderas,NOUN,palma,1
1,Verdaderas,NOUN,banano,1
1,Verdaderas,NOUN,transportador,1
1,Verdaderas,NOUN,mediatización,1
1,Verdaderas,NOUN,defensora,1
1,Verdaderas,NOUN,declaratoria,1
1,Verdaderas,NOUN,climatólogo,1
1,Verdaderas,NOUN,meteorología,1
1,Verdaderas,NOUN,lesa,1
1,Verdaderas,NOUN,díganno,1
1,Verdaderas,NOUN,encubierta,1
1,Verdaderas,NOUN,tentación,1
1,Verdaderas,NOUN,superinteligencia,1
1,Verdaderas,NOUN,acorde,1
1,Verdaderas,NOUN,paradisiaca,1
1,Verdaderas,NOUN,carcinoma,1
1,Verdaderas,NOUN,aleta,1
1,Verdaderas,NOUN,abrasión,1
1,Verdaderas,NOUN,córnea,1
1,Verdaderas,NOUN,ulceración,1
1,Verdaderas,NOUN,malla,1
1,Verdaderas,NOUN,salinidad,1
1,Verdaderas,NOUN,bióloga,1
1,Verdaderas,NOUN,verificación,1
1,Verdaderas,NOUN,evalúa,1
1,Verdaderas,NOUN,verificador,1
1,Verdaderas,NOUN,subsidiaria,1
1,Verdaderas,NOUN,vaguedad,1
1,Verdaderas,NOUN,crucero,1
1,Verdaderas,NOUN,cetáceo,1
1,Verdaderas,NOUN,corral,1
1,Verdaderas,NOUN,particularidad,1
1,Verdaderas,NOUN,sociabilidad,1
1,Verdaderas,NOUN,separarlo,1
1,Verdaderas,NOUN,orca,1
1,Verdaderas,NOUN,adecuada,1
1,Verdaderas,NOUN,liberarlo,1
1,Verdaderas,NOUN,alternancia,1
1,Verdaderas,NOUN,movediza,1
1,Verdaderas,NOUN,emisario,1
1,Verdaderas,NOUN,arrepentimiento,1
1,Verdaderas,NOUN,machete,1
1,Verdaderas,NOUN,coartada,1
1,Verdaderas,NOUN,tratándolo,1
1,Verdaderas,NOUN,criticarlo,1
1,Verdaderas,NOUN,socialdemocracia,1
1,Verdaderas,NOUN,progresismo,1
1,Verdaderas,NOUN,copresidente,1
1,Verdaderas,NOUN,gobernanza,1
1,Verdaderas,NOUN,regula,1
1,Verdaderas,NOUN,levantarte,1
1,Verdaderas,NOUN,pupilo,1
1,Verdaderas,NOUN,huérfano,1
1,Verdaderas,NOUN,d,1
1,Verdaderas,NOUN,trasfondo,1
1,Verdaderas,NOUN,compartir,1
1,Verdaderas,NOUN,timbre,1
1,Verdaderas,NOUN,recreo,1
1,Verdaderas,NOUN,desayuna,1
1,Verdaderas,NOUN,acá,1
1,Verdaderas,NOUN,consuela,1
1,Verdaderas,NOUN,pupitre,1
1,Verdaderas,NOUN,superpersonaje,1
1,Verdaderas,NOUN,griega,1
1,Verdaderas,NOUN,exprésense,1
1,Verdaderas,NOUN,impostor,1
1,Verdaderas,NOUN,bello,1
1,Verdaderas,NOUN,guaireño,1
1,Verdaderas,NOUN,atardecer,1
1,Verdaderas,NOUN,acondicionamiento,1
1,Verdaderas,NOUN,profesorado,1
1,Verdaderas,NOUN,tién,1
1,Verdaderas,NOUN,abrazándote,1
1,Verdaderas,NOUN,maternal,1
1,Verdaderas,NOUN,matricula,1
1,Verdaderas,NOUN,jubilado,1
1,Verdaderas,NOUN,religiosa,1
1,Verdaderas,NOUN,superhéroe,1
1,Verdaderas,NOUN,abracé,1
1,Verdaderas,NOUN,añadidura,1
1,Verdaderas,NOUN,postularte,1
1,Verdaderas,NOUN,aptitud,1
1,Verdaderas,NOUN,reclutadora,1
1,Verdaderas,NOUN,criba,1
1,Verdaderas,NOUN,empleador,1
1,Verdaderas,NOUN,hacía,1
1,Verdaderas,NOUN,eras,1
1,Verdaderas,NOUN,egresado,1
1,Verdaderas,NOUN,titulación,1
1,Verdaderas,NOUN,voluntariado,1
1,Verdaderas,NOUN,temporario,1
1,Verdaderas,NOUN,lanzarte,1
1,Verdaderas,NOUN,logré,1
1,Verdaderas,NOUN,trabajé,1
1,Verdaderas,NOUN,software,1
1,Verdaderas,NOUN,reclutador,1
1,Verdaderas,NOUN,transcripción,1
1,Verdaderas,NOUN,filtro,1
1,Verdaderas,NOUN,formador,1
1,Verdaderas,NOUN,atracción,1
1,Verdaderas,NOUN,contratarte,1
1,Verdaderas,NOUN,guyanesa,1
1,Verdaderas,NOUN,embajadora,1
1,Verdaderas,NOUN,códice,1
1,Verdaderas,NOUN,pictografía,1
1,Verdaderas,NOUN,azteca,1
1,Verdaderas,NOUN,1325,1
1,Verdaderas,NOUN,1840,1
1,Verdaderas,NOUN,entrecruzamiento,1
1,Verdaderas,NOUN,glifo,1
1,Verdaderas,NOUN,pictograma,1
1,Verdaderas,NOUN,latín,1
1,Verdaderas,NOUN,tlacuilo,1
1,Verdaderas,NOUN,amate,1
1,Verdaderas,NOUN,dios,1
1,Verdaderas,NOUN,águila,1
1,Verdaderas,NOUN,islote,1
1,Verdaderas,NOUN,xvii,1
1,Verdaderas,NOUN,frail,1
1,Verdaderas,NOUN,botánica,1
1,Verdaderas,NOUN,genealogía,1
1,Verdaderas,NOUN,coleccionista,1
1,Verdaderas,NOUN,humedad,1
1,Verdaderas,NOUN,valioso,1
1,Verdaderas,NOUN,mancha,1
1,Verdaderas,NOUN,raya,1
1,Verdaderas,NOUN,relieve,1
1,Verdaderas,NOUN,león,1
1,Verdaderas,NOUN,gatito,1
1,Verdaderas,NOUN,avistamiento,1
1,Verdaderas,NOUN,denso,1
1,Verdaderas,NOUN,genetista,1
1,Verdaderas,NOUN,coautora,1
1,Verdaderas,NOUN,doméstico,1
1,Verdaderas,NOUN,racha,1
1,Verdaderas,NOUN,dirigen,1
1,Verdaderas,NOUN,correlación,1
1,Verdaderas,NOUN,importador,1
1,Verdaderas,NOUN,calzado,1
1,Verdaderas,NOUN,electrodoméstico,1
1,Verdaderas,NOUN,caficultor,1
1,Verdaderas,NOUN,grano,1
1,Verdaderas,NOUN,inercia,1
1,Verdaderas,NOUN,concebida,1
1,Verdaderas,NOUN,centenario,1
1,Verdaderas,NOUN,ficticio,1
1,Verdaderas,NOUN,bienvenida,1
1,Verdaderas,NOUN,costura,1
1,Verdaderas,NOUN,pasarela,1
1,Verdaderas,NOUN,gastronomía,1
1,Verdaderas,NOUN,chef,1
1,Verdaderas,NOUN,merchandising,1
1,Verdaderas,NOUN,macroconcierto,1
1,Verdaderas,NOUN,liberados-,1
1,Verdaderas,NOUN,resarcirlo,1
1,Verdaderas,NOUN,litigio,1
1,Verdaderas,NOUN,sugerencia,1
1,Verdaderas,NOUN,brevedad,1
1,Verdaderas,NOUN,inhalación,1
1,Verdaderas,NOUN,tendón,1
1,Verdaderas,NOUN,terribl,1
1,Verdaderas,NOUN,genital,1
1,Verdaderas,NOUN,relatora,1
1,Verdaderas,NOUN,rehén,1
1,Verdaderas,NOUN,inconveniente,1
1,Verdaderas,NOUN,grillet,1
1,Verdaderas,NOUN,sujetador,1
1,Verdaderas,NOUN,sient,1
1,Verdaderas,NOUN,cigarro,1
1,Verdaderas,NOUN,electroestimulación,1
1,Verdaderas,NOUN,sarta,1
1,Verdaderas,NOUN,mataste,1
1,Verdaderas,NOUN,gringo,1
1,Verdaderas,NOUN,capucha,1
1,Verdaderas,NOUN,obscuro,1
1,Verdaderas,NOUN,come,1
1,Verdaderas,NOUN,oído,1
1,Verdaderas,NOUN,abr,1
1,Verdaderas,NOUN,sabana,1
1,Verdaderas,NOUN,soga,1
1,Verdaderas,NOUN,trocha,1
1,Verdaderas,NOUN,descendencia,1
1,Verdaderas,NOUN,contratista,1
1,Verdaderas,NOUN,rienda,1
1,Verdaderas,NOUN,sella,1
1,Verdaderas,NOUN,equivalente,1
1,Verdaderas,NOUN,sobrecosto,1
1,Verdaderas,NOUN,canje,1
1,Verdaderas,NOUN,desvió,1
1,Verdaderas,NOUN,millones-,1
1,Verdaderas,NOUN,enero-,1
1,Verdaderas,NOUN,directiva,1
1,Verdaderas,NOUN,pdvsa,1
1,Verdaderas,NOUN,azufre,1
1,Verdaderas,NOUN,antecesora,1
1,Verdaderas,NOUN,competitividad,1
1,Verdaderas,NOUN,nacionalización,1
1,Verdaderas,NOUN,alineación,1
1,Verdaderas,NOUN,apetito,1
1,Verdaderas,NOUN,abogados-,1
1,Verdaderas,NOUN,carreta,1
1,Verdaderas,NOUN,tractorista,1
1,Verdaderas,NOUN,súplica,1
1,Verdaderas,NOUN,desarticulación,1
1,Verdaderas,NOUN,poderosa,1
1,Verdaderas,NOUN,megaprisión,1
1,Verdaderas,NOUN,peregrinar,1
1,Verdaderas,NOUN,anciana,1
1,Verdaderas,NOUN,pura,1
1,Verdaderas,NOUN,órele,1
1,Verdaderas,NOUN,entré,1
1,Verdaderas,NOUN,marino,1
1,Verdaderas,NOUN,condenatoria,1
1,Verdaderas,NOUN,caminata,1
1,Verdaderas,NOUN,enferma,1
1,Verdaderas,NOUN,curilero,1
1,Verdaderas,NOUN,1810,1
1,Verdaderas,NOUN,intendencia,1
1,Verdaderas,NOUN,campana,1
1,Verdaderas,NOUN,parroquia,1
1,Verdaderas,NOUN,divergencia,1
1,Verdaderas,NOUN,conspirador,1
1,Verdaderas,NOUN,virreinato,1
1,Verdaderas,NOUN,criollo,1
1,Verdaderas,NOUN,arenga,1
1,Verdaderas,NOUN,sacristía,1
1,Verdaderas,NOUN,1876,1
1,Verdaderas,NOUN,1911,1
1,Verdaderas,NOUN,1823-1835,1
1,Verdaderas,NOUN,bicentenario,1
1,Verdaderas,NOUN,instauración,1
1,Verdaderas,NOUN,consumación,1
1,Verdaderas,NOUN,ideológico,1
1,Verdaderas,NOUN,semifinal,1
1,Verdaderas,NOUN,significación,1
1,Verdaderas,NOUN,posterior,1
1,Verdaderas,NOUN,asentamiento,1
1,Verdaderas,NOUN,renovado,1
1,Verdaderas,NOUN,socia,1
1,Verdaderas,NOUN,anticomunista,1
1,Verdaderas,NOUN,1833,1
1,Verdaderas,NOUN,fiel,1
1,Verdaderas,NOUN,derrocamiento,1
1,Verdaderas,NOUN,democristiano,1
1,Verdaderas,NOUN,hincapié,1
1,Verdaderas,NOUN,proyectarno,1
1,Verdaderas,NOUN,cañón,1
1,Verdaderas,NOUN,vigilia,1
1,Verdaderas,NOUN,embarcadero,1
1,Verdaderas,NOUN,selfi,1
1,Verdaderas,NOUN,dique,1
1,Verdaderas,NOUN,1914,1
1,Verdaderas,NOUN,astillero,1
1,Verdaderas,NOUN,grúas,1
1,Verdaderas,NOUN,draga,1
1,Verdaderas,NOUN,oceanógrafo,1
1,Verdaderas,NOUN,buceo,1
1,Verdaderas,NOUN,limitada,1
1,Verdaderas,NOUN,blog,1
1,Verdaderas,NOUN,carril,1
1,Verdaderas,NOUN,panameño,1
1,Verdaderas,NOUN,panameña,1
1,Verdaderas,NOUN,tesoro,1
1,Verdaderas,NOUN,descuido,1
1,Verdaderas,NOUN,computadora,1
1,Verdaderas,NOUN,art,1
1,Verdaderas,NOUN,observada,1
1,Verdaderas,NOUN,niveles,1
1,Verdaderas,NOUN,apartheid,1
1,Verdaderas,NOUN,permanencia,1
1,Verdaderas,NOUN,deserción,1
1,Verdaderas,NOUN,impulse,1
1,Verdaderas,NOUN,intensificación,1
1,Verdaderas,NOUN,consistencia,1
1,Verdaderas,NOUN,terror,1
1,Verdaderas,NOUN,pandillero,1
1,Verdaderas,NOUN,narcoembarcación,1
1,Verdaderas,NOUN,verde,1
1,Verdaderas,NOUN,lila,1
1,Verdaderas,NOUN,uruguaya,1
1,Verdaderas,NOUN,delineado,1
1,Verdaderas,NOUN,individualismo,1
1,Verdaderas,NOUN,socialización,1
1,Verdaderas,NOUN,psiquiatra,1
1,Verdaderas,NOUN,autolesión,1
1,Verdaderas,NOUN,0767,1
1,Verdaderas,NOUN,reliquia,1
1,Verdaderas,NOUN,barro,1
1,Verdaderas,NOUN,1470,1
1,Verdaderas,NOUN,xv,1
1,Verdaderas,NOUN,vasija,1
1,Verdaderas,NOUN,cerámica,1
1,Verdaderas,NOUN,pigmento,1
1,Verdaderas,NOUN,arqueología,1
1,Verdaderas,NOUN,homosexualismo,1
1,Verdaderas,NOUN,neurociencia,1
1,Verdaderas,NOUN,comencé,1
1,Verdaderas,NOUN,solas,1
1,Verdaderas,NOUN,femicidio,1
1,Verdaderas,NOUN,felicitarla,1
1,Verdaderas,NOUN,apoyarla,1
1,Verdaderas,NOUN,registraduría,1
1,Verdaderas,NOUN,basándono,1
1,Verdaderas,NOUN,oficiante,1
1,Verdaderas,NOUN,alocución,1
1,Verdaderas,NOUN,veterano,1
1,Verdaderas,NOUN,británica,1
1,Verdaderas,NOUN,helipuerto,1
1,Verdaderas,NOUN,almacenamiento,1
1,Verdaderas,NOUN,válida,1
1,Verdaderas,NOUN,alternación,1
1,Verdaderas,NOUN,dilema,1
1,Verdaderas,NOUN,previsibilidad,1
1,Verdaderas,NOUN,excluida,1
1,Verdaderas,NOUN,mandamás,1
1,Verdaderas,NOUN,agravio,1
1,Verdaderas,NOUN,pro-militar,1
1,Verdaderas,NOUN,coyot,1
1,Verdaderas,NOUN,minibús,1
1,Verdaderas,NOUN,añito,1
1,Verdaderas,NOUN,pipí,1
1,Verdaderas,NOUN,egreso,1
1,Verdaderas,NOUN,vicecanciller,1
1,Verdaderas,NOUN,desajuste,1
1,Verdaderas,NOUN,pedirl,1
1,Verdaderas,NOUN,reunificación,1
1,Verdaderas,NOUN,travesía,1
1,Verdaderas,NOUN,otorgada,1
1,Verdaderas,NOUN,envejecimiento,1
1,Verdaderas,NOUN,cubana,1
1,Verdaderas,NOUN,manicura,1
1,Verdaderas,NOUN,tu,1
1,Verdaderas,NOUN,drenaje,1
1,Verdaderas,NOUN,desilusión,1
1,Verdaderas,NOUN,pan,1
1,Verdaderas,NOUN,perra,1
1,Verdaderas,NOUN,memorización,1
1,Verdaderas,NOUN,observado,1
1,Verdaderas,NOUN,puntaje,1
1,Verdaderas,NOUN,alfabetización,1
1,Verdaderas,NOUN,distracción,1
1,Verdaderas,NOUN,deudor,1
1,Verdaderas,NOUN,crediticia,1
1,Verdaderas,NOUN,fundía,1
1,Verdaderas,NOUN,construida,1
1,Verdaderas,NOUN,ladera,1
1,Verdaderas,NOUN,recolección,1
1,Verdaderas,NOUN,nombrarlo,1
1,Verdaderas,NOUN,acierto,1
1,Verdaderas,NOUN,duplicación,1
1,Verdaderas,NOUN,desperdicio,1
1,Verdaderas,NOUN,conteo,1
1,Verdaderas,NOUN,informalidad,1
1,Verdaderas,NOUN,manta,1
1,Verdaderas,NOUN,mediano,1
1,Verdaderas,NOUN,ong,1
1,Verdaderas,NOUN,llora,1
1,Verdaderas,NOUN,ventanilla,1
1,Verdaderas,NOUN,convulsiona,1
1,Verdaderas,NOUN,filosofía,1
1,Verdaderas,NOUN,querétaro,1
1,Verdaderas,NOUN,estómago,1
1,Verdaderas,NOUN,reparo,1
1,Verdaderas,NOUN,exhibicionismo,1
1,Verdaderas,NOUN,sadismo,1
1,Verdaderas,NOUN,1694-1778,1
1,Verdaderas,NOUN,1632-1704,1
1,Verdaderas,NOUN,llamo,1
1,Verdaderas,NOUN,ética,1
1,Verdaderas,NOUN,humillant,1
1,Verdaderas,NOUN,filósofa,1
1,Verdaderas,NOUN,entraña,1
1,Verdaderas,NOUN,pensador,1
1,Verdaderas,NOUN,1926-1984,1
1,Verdaderas,NOUN,1968,1
1,Verdaderas,NOUN,léxico,1
1,Verdaderas,NOUN,contractualista,1
1,Verdaderas,NOUN,comen,1
1,Verdaderas,NOUN,microfísica,1
1,Verdaderas,NOUN,fascinarno,1
1,Verdaderas,NOUN,sensibilizarno,1
1,Verdaderas,NOUN,burbuja,1
1,Verdaderas,NOUN,1906-1975,1
1,Verdaderas,NOUN,apátrida,1
1,Verdaderas,NOUN,reveladora,1
1,Verdaderas,NOUN,indolencia,1
1,Verdaderas,NOUN,malabar,1
1,Verdaderas,NOUN,aclimatación,1
1,Verdaderas,NOUN,indignarno,1
1,Verdaderas,NOUN,fisura,1
1,Verdaderas,NOUN,misógino,1
1,Verdaderas,NOUN,ofensa,1
1,Verdaderas,NOUN,vincularno,1
1,Verdaderas,NOUN,perímetro,1
1,Verdaderas,NOUN,circundante,1
1,Verdaderas,NOUN,azar,1
1,Verdaderas,NOUN,sicariato,1
1,Verdaderas,NOUN,motín,1
1,Verdaderas,NOUN,riña,1
1,Verdaderas,NOUN,coto,1
1,Verdaderas,NOUN,chip,1
1,Verdaderas,NOUN,antena,1
1,Verdaderas,NOUN,sobrepoblación,1
1,Verdaderas,NOUN,siniestro,1
1,Verdaderas,NOUN,indagación,1
1,Verdaderas,NOUN,deflagración,1
1,Verdaderas,NOUN,pólvora,1
1,Verdaderas,NOUN,entre,1
1,Verdaderas,NOUN,conscripto,1
1,Verdaderas,NOUN,indagatoria,1
1,Verdaderas,NOUN,lamentabl,1
1,Verdaderas,NOUN,dolient,1
1,Verdaderas,NOUN,sorprendido,1
1,Verdaderas,NOUN,peruana,1
1,Verdaderas,NOUN,demonio,1
1,Verdaderas,NOUN,decía,1
1,Verdaderas,NOUN,zar―‍,1
1,Verdaderas,NOUN,bolcheviqu,1
1,Verdaderas,NOUN,emigrado,1
1,Verdaderas,NOUN,alemán,1
1,Verdaderas,NOUN,húngaro,1
1,Verdaderas,NOUN,rumano,1
1,Verdaderas,NOUN,purga,1
1,Verdaderas,NOUN,contrainteligencia,1
1,Verdaderas,NOUN,políglota,1
1,Verdaderas,NOUN,podría,1
1,Verdaderas,NOUN,austríaco,1
1,Verdaderas,NOUN,terrateniente,1
1,Verdaderas,NOUN,comunismo,1
1,Verdaderas,NOUN,asiste,1
1,Verdaderas,NOUN,primavera,1
1,Verdaderas,NOUN,consistía,1
1,Verdaderas,NOUN,coctel,1
1,Verdaderas,NOUN,transcriptor,1
1,Verdaderas,NOUN,traductor,1
1,Verdaderas,NOUN,camarada,1
1,Verdaderas,NOUN,seudónimo,1
1,Verdaderas,NOUN,80,1
1,Verdaderas,NOUN,mencionaste,1
1,Verdaderas,NOUN,volador,1
1,Verdaderas,NOUN,crearlo,1
1,Verdaderas,NOUN,1937,1
1,Verdaderas,NOUN,inventarles,1
1,Verdaderas,NOUN,1972,1
1,Verdaderas,NOUN,heroico,1
1,Verdaderas,NOUN,utilizándolo,1
1,Verdaderas,NOUN,elegía,1
1,Verdaderas,NOUN,dactilar,1
1,Verdaderas,NOUN,escáner,1
1,Verdaderas,NOUN,iri,1
1,Verdaderas,NOUN,utiliza,1
1,Verdaderas,NOUN,preocupante,1
1,Verdaderas,NOUN,preocuparno,1
1,Verdaderas,NOUN,pleonasmo,1
1,Verdaderas,NOUN,propaganda,1
1,Verdaderas,NOUN,trazabilidad,1
1,Verdaderas,NOUN,gobernado,1
1,Verdaderas,NOUN,falencia,1
1,Verdaderas,NOUN,hipocresía,1
1,Verdaderas,NOUN,rezago,1
1,Verdaderas,NOUN,prejuicio,1
1,Verdaderas,NOUN,tiránica,1
1,Verdaderas,NOUN,pluralidad,1
1,Verdaderas,NOUN,amorosa,1
1,Verdaderas,NOUN,antídoto,1
1,Verdaderas,NOUN,chatbot,1
1,Verdaderas,NOUN,monetización,1
1,Verdaderas,NOUN,fugitivo,1
1,Verdaderas,NOUN,nuera,1
1,Verdaderas,NOUN,lugarteniente,1
1,Verdaderas,NOUN,estudioso,1
1,Verdaderas,NOUN,prefier,1
1,Verdaderas,NOUN,creole,1
1,Verdaderas,NOUN,infraestuctura,1
1,Verdaderas,NOUN,km²,1
1,Verdaderas,NOUN,aflicción,1
1,Verdaderas,NOUN,pluma,1
1,Verdaderas,NOUN,regresé,1
1,Verdaderas,NOUN,hotelero,1
1,Verdaderas,NOUN,mototaxista,1
1,Verdaderas,NOUN,turbulento,1
1,Verdaderas,NOUN,autosubsistencia,1
1,Verdaderas,NOUN,centralismo,1
1,Verdaderas,NOUN,multiculturalidad,1
1,Verdaderas,NOUN,dinamización,1
1,Verdaderas,NOUN,baldío,1
1,Verdaderas,NOUN,quiebr,1
1,Verdaderas,NOUN,planteé,1
1,Verdaderas,NOUN,lector,1
1,Verdaderas,NOUN,vocería,1
1,Verdaderas,NOUN,inquietud,1
1,Verdaderas,NOUN,telón,1
1,Verdaderas,NOUN,picada,1
1,Verdaderas,NOUN,disrupción,1
1,Verdaderas,NOUN,desmejora,1
1,Verdaderas,NOUN,navío,1
1,Verdaderas,NOUN,locomotora,1
1,Verdaderas,NOUN,esclusaje,1
1,Verdaderas,NOUN,galón,1
1,Verdaderas,NOUN,alimenta,1
1,Verdaderas,NOUN,pies,1
1,Verdaderas,NOUN,flete,1
1,Verdaderas,NOUN,represamiento,1
1,Verdaderas,NOUN,reasentamiento,1
1,Verdaderas,NOUN,reubicación,1
1,Verdaderas,NOUN,conecto,1
1,Verdaderas,NOUN,viral,1
1,Verdaderas,NOUN,andanza,1
1,Verdaderas,NOUN,sintetizador,1
1,Verdaderas,NOUN,pop,1
1,Verdaderas,NOUN,álbum,1
1,Verdaderas,NOUN,cosita,1
1,Verdaderas,NOUN,gigante,1
1,Verdaderas,NOUN,transacción,1
1,Verdaderas,NOUN,comunicador,1
1,Verdaderas,NOUN,1887,1
1,Verdaderas,NOUN,1888,1
1,Verdaderas,NOUN,aparición,1
1,Verdaderas,NOUN,electrificación,1
1,Verdaderas,NOUN,internacionalización,1
1,Verdaderas,NOUN,contada,1
1,Verdaderas,NOUN,verla,1
1,Verdaderas,NOUN,conocedor,1
1,Verdaderas,NOUN,acusador,1
1,Verdaderas,NOUN,zanjó,1
1,Verdaderas,NOUN,n,1
1,Verdaderas,NOUN,serpenteant,1
1,Verdaderas,NOUN,párpado,1
1,Verdaderas,NOUN,collar,1
1,Verdaderas,NOUN,cebolla,1
1,Verdaderas,NOUN,ají,1
1,Verdaderas,NOUN,anillo,1
1,Verdaderas,NOUN,grafitera,1
1,Verdaderas,NOUN,locutora,1
1,Verdaderas,NOUN,define,1
1,Verdaderas,NOUN,tecnochamana,1
1,Verdaderas,NOUN,puta,1
1,Verdaderas,NOUN,revuelta,1
1,Verdaderas,NOUN,hermanada,1
1,Verdaderas,NOUN,almuerzo,1
1,Verdaderas,NOUN,burlesque,1
1,Verdaderas,NOUN,batuta,1
1,Verdaderas,NOUN,bastardismo,1
1,Verdaderas,NOUN,fenotipo,1
1,Verdaderas,NOUN,blanqueamiento,1
1,Verdaderas,NOUN,bastarda,1
1,Verdaderas,NOUN,bibliografía,1
1,Verdaderas,NOUN,valoro,1
1,Verdaderas,NOUN,boludez,1
1,Verdaderas,NOUN,desea,1
1,Verdaderas,NOUN,teta,1
1,Verdaderas,NOUN,tic,1
1,Verdaderas,NOUN,lástima,1
1,Verdaderas,NOUN,propón,1
1,Verdaderas,NOUN,identitaria,1
1,Verdaderas,NOUN,utopía,1
1,Verdaderas,NOUN,despatriarcalización,1
1,Verdaderas,NOUN,violada,1
1,Verdaderas,NOUN,metrópoli,1
1,Verdaderas,NOUN,intuición,1
1,Verdaderas,NOUN,matriz,1
1,Verdaderas,NOUN,hijita,1
1,Verdaderas,NOUN,bangladesí,1
1,Verdaderas,NOUN,patriarcado,1
1,Verdaderas,NOUN,manosearme,1
1,Verdaderas,NOUN,discoteca,1
1,Verdaderas,NOUN,tus,1
1,Verdaderas,NOUN,pen,1
1,Verdaderas,NOUN,sensualidad,1
1,Verdaderas,NOUN,portada,1
1,Verdaderas,NOUN,incomprendida,1
1,Verdaderas,NOUN,ira,1
1,Verdaderas,NOUN,matarnos,1
1,Verdaderas,NOUN,misionero,1
1,Verdaderas,NOUN,desnudez,1
1,Verdaderas,NOUN,desnudo,1
1,Verdaderas,NOUN,descolonización,1
1,Verdaderas,NOUN,rechazaste,1
1,Verdaderas,NOUN,consideraría,1
1,Verdaderas,NOUN,disyuntiva,1
1,Verdaderas,NOUN,subestiman,1
1,Verdaderas,NOUN,síntesis,1
1,Verdaderas,NOUN,coautor,1
1,Verdaderas,NOUN,contraparte,1
1,Verdaderas,NOUN,estado-militares-capitalista,1
1,Verdaderas,NOUN,compara,1
1,Verdaderas,NOUN,bastidor,1
1,Verdaderas,NOUN,ultraje,1
1,Verdaderas,NOUN,antiamericanismo,1
1,Verdaderas,NOUN,antiglobalización,1
1,Verdaderas,NOUN,antiestadounidens,1
1,Verdaderas,NOUN,analiza,1
1,Verdaderas,NOUN,democratización,1
1,Verdaderas,NOUN,opresor,1
1,Verdaderas,NOUN,entreguista,1
1,Verdaderas,NOUN,-que,1
1,Verdaderas,NOUN,justificación,1
1,Verdaderas,NOUN,dividendo,1
1,Verdaderas,NOUN,auditor,1
1,Verdaderas,NOUN,renombre,1
1,Verdaderas,NOUN,desinversión,1
1,Verdaderas,NOUN,reabastecimiento,1
1,Verdaderas,NOUN,subsuelo,1
1,Verdaderas,NOUN,statu,1
1,Verdaderas,NOUN,2031,1
1,Verdaderas,NOUN,comunicado-,1
1,Verdaderas,NOUN,enormidad,1
1,Verdaderas,NOUN,apunta,1
1,Verdaderas,NOUN,peregrina,1
1,Verdaderas,NOUN,similitud,1
1,Verdaderas,NOUN,poesía,1
1,Verdaderas,NOUN,equilibra,1
1,Verdaderas,NOUN,termina,1
1,Verdaderas,NOUN,superstición,1
1,Verdaderas,NOUN,buganvilia,1
1,Verdaderas,NOUN,follaje,1
1,Verdaderas,NOUN,vién,1
1,Verdaderas,NOUN,lectora,1
1,Verdaderas,NOUN,indio-nepalí,1
1,Verdaderas,NOUN,colonización,1
1,Verdaderas,NOUN,cucaracha,1
1,Verdaderas,NOUN,egipcio,1
1,Verdaderas,NOUN,tenga,1
1,Verdaderas,NOUN,colonizador,1
1,Verdaderas,NOUN,piens,1
1,Verdaderas,NOUN,migra,1
1,Verdaderas,NOUN,cambia,1
1,Verdaderas,NOUN,imprevisibilidad,1
1,Verdaderas,NOUN,adoración,1
1,Verdaderas,NOUN,tamal,1
1,Verdaderas,NOUN,naíf,1
1,Verdaderas,NOUN,idiota,1
1,Verdaderas,NOUN,rescatador,1
1,Verdaderas,NOUN,epidemia,1
1,Verdaderas,NOUN,piensa,1
1,Verdaderas,NOUN,mitología,1
1,Verdaderas,NOUN,foquismo,1
1,Verdaderas,NOUN,contraguerrilla,1
1,Verdaderas,NOUN,ayatolá,1
1,Verdaderas,NOUN,sugería,1
1,Verdaderas,NOUN,1901,1
1,Verdaderas,NOUN,protectorado,1
1,Verdaderas,NOUN,paradita,1
1,Verdaderas,NOUN,intuy,1
1,Verdaderas,NOUN,imaginación,1
1,Verdaderas,NOUN,rato,1
1,Verdaderas,NOUN,déjame,1
1,Verdaderas,NOUN,invadirte,1
1,Verdaderas,NOUN,poquita,1
1,Verdaderas,NOUN,cintura,1
1,Verdaderas,NOUN,culminación,1
1,Verdaderas,NOUN,duré,1
1,Verdaderas,NOUN,jovencito,1
1,Verdaderas,NOUN,prólogo,1
1,Verdaderas,NOUN,escrib,1
1,Verdaderas,NOUN,borracho,1
1,Verdaderas,NOUN,mariachi,1
1,Verdaderas,NOUN,librito,1
1,Verdaderas,NOUN,deidad,1
1,Verdaderas,NOUN,blogs,1
1,Verdaderas,NOUN,podcasts,1
1,Verdaderas,NOUN,sinnúmero,1
1,Verdaderas,NOUN,dedica,1
1,Verdaderas,NOUN,tribulación,1
1,Verdaderas,NOUN,campeona,1
1,Verdaderas,NOUN,suplente,1
1,Verdaderas,NOUN,recompensa,1
1,Verdaderas,NOUN,incredulidad,1
1,Verdaderas,NOUN,abdomen,1
1,Verdaderas,NOUN,perdigón,1
1,Verdaderas,NOUN,allanamiento,1
1,Verdaderas,NOUN,guardias,1
1,Verdaderas,NOUN,llevársela,1
1,Verdaderas,NOUN,decirno,1
1,Verdaderas,NOUN,llevadera,1
1,Verdaderas,NOUN,amenazante,1
1,Verdaderas,NOUN,tigrito,1
1,Verdaderas,NOUN,sarna,1
1,Verdaderas,NOUN,tiroid,1
1,Verdaderas,NOUN,penuria,1
1,Verdaderas,NOUN,infracción,1
1,Verdaderas,NOUN,lotería,1
1,Verdaderas,NOUN,automóvil,1
1,Verdaderas,NOUN,desgarrador,1
1,Verdaderas,NOUN,interrogó,1
1,Verdaderas,NOUN,ocupante,1
1,Verdaderas,NOUN,autodeportación,1
1,Verdaderas,NOUN,2026-2030,1
1,Verdaderas,NOUN,necesaria,1
1,Verdaderas,NOUN,1955,1
1,Verdaderas,NOUN,manteca,1
1,Verdaderas,NOUN,harina,1
1,Verdaderas,NOUN,trigo,1
1,Verdaderas,NOUN,especialización,1
1,Verdaderas,NOUN,1963,1
1,Verdaderas,NOUN,tubérculo,1
1,Verdaderas,NOUN,cítrico,1
1,Verdaderas,NOUN,pienso,1
1,Verdaderas,NOUN,1961-1966,1
1,Verdaderas,NOUN,1987-1991,1
1,Verdaderas,NOUN,zafra,1
1,Verdaderas,NOUN,2024-2025,1
1,Verdaderas,NOUN,azucarero,1
1,Verdaderas,NOUN,fruta,1
1,Verdaderas,NOUN,suministrarl,1
1,Verdaderas,NOUN,top,1
1,Verdaderas,NOUN,singularidad,1
1,Verdaderas,NOUN,transferirlo,1
1,Verdaderas,NOUN,arrendarlo,1
1,Verdaderas,NOUN,contrapunto,1
1,Verdaderas,NOUN,excedent,1
1,Verdaderas,NOUN,flota,1
1,Verdaderas,NOUN,sobreexplotación,1
1,Verdaderas,NOUN,aplicarla,1
1,Verdaderas,NOUN,directriz,1
1,Verdaderas,NOUN,desproporción,1
1,Verdaderas,NOUN,arrozal,1
1,Verdaderas,NOUN,implementación,1
1,Verdaderas,NOUN,arancel,1
1,Verdaderas,NOUN,desplazado,1
1,Verdaderas,NOUN,redada,1
1,Verdaderas,NOUN,haitiano,1
1,Verdaderas,NOUN,colina,1
1,Verdaderas,NOUN,alboroto,1
1,Verdaderas,NOUN,ciegas,1
1,Verdaderas,NOUN,2033,1
1,Verdaderas,NOUN,escaparate,1
1,Verdaderas,NOUN,cuadra,1
1,Verdaderas,NOUN,chatarra,1
1,Verdaderas,NOUN,camina,1
1,Verdaderas,NOUN,puesto15,1
1,Verdaderas,NOUN,manglar,1
1,Verdaderas,NOUN,camarón,1
1,Verdaderas,NOUN,megajuicio,1
1,Verdaderas,NOUN,1979-1992,1
1,Verdaderas,NOUN,soleada,1
1,Verdaderas,NOUN,expensas,1
1,Verdaderas,NOUN,combatirla,1
1,Verdaderas,NOUN,tatuaj,1
1,Verdaderas,NOUN,macroterritorio,1
1,Verdaderas,NOUN,prospera,1
1,Verdaderas,NOUN,cosmología,1
1,Verdaderas,NOUN,fructificación,1
1,Verdaderas,NOUN,decadencia,1
1,Verdaderas,NOUN,hacha,1
1,Verdaderas,NOUN,geógrafo,1
1,Verdaderas,NOUN,enredadera,1
1,Verdaderas,NOUN,amarga,1
1,Verdaderas,NOUN,azaí,1
1,Verdaderas,NOUN,cultivada,1
1,Verdaderas,NOUN,ñam,1
1,Verdaderas,NOUN,batata,1
1,Verdaderas,NOUN,despensa,1
1,Verdaderas,NOUN,agroquímico,1
1,Verdaderas,NOUN,vainilla,1
1,Verdaderas,NOUN,guayusa,1
1,Verdaderas,NOUN,acebo,1
1,Verdaderas,NOUN,cafeína,1
1,Verdaderas,NOUN,aroma,1
1,Verdaderas,NOUN,cosmovisión,1
1,Verdaderas,NOUN,desbroce,1
1,Verdaderas,NOUN,rastrojo,1
1,Verdaderas,NOUN,mercurio,1
1,Verdaderas,NOUN,sombría,1
1,Verdaderas,NOUN,desecación,1
1,Verdaderas,NOUN,escasea,1
1,Verdaderas,NOUN,cazador,1
1,Verdaderas,NOUN,siembra,1
1,Verdaderas,NOUN,densidad,1
1,Verdaderas,NOUN,estant,1
1,Verdaderas,NOUN,territorio-,1
1,Verdaderas,NOUN,1825,1
1,Verdaderas,NOUN,emancipación,1
1,Verdaderas,NOUN,marcaría,1
1,Verdaderas,NOUN,1828,1
1,Verdaderas,NOUN,secreta,1
1,Verdaderas,NOUN,hermandad,1
1,Verdaderas,NOUN,lord,1
1,Verdaderas,NOUN,1770,1
1,Verdaderas,NOUN,nobleza,1
1,Verdaderas,NOUN,cancillería,1
1,Verdaderas,NOUN,parisina,1
1,Verdaderas,NOUN,celo,1
1,Verdaderas,NOUN,diferendo,1
1,Verdaderas,NOUN,conde,1
1,Verdaderas,NOUN,belga,1
1,Verdaderas,NOUN,calvinismo,1
1,Verdaderas,NOUN,insurrección,1
1,Verdaderas,NOUN,presagio,1
1,Verdaderas,NOUN,afabilidad,1
1,Verdaderas,NOUN,gobernaría,1
1,Verdaderas,NOUN,esgrimista,1
1,Verdaderas,NOUN,incauto,1
1,Verdaderas,NOUN,designio,1
1,Verdaderas,NOUN,patente,1
1,Verdaderas,NOUN,discrecionalidad,1
1,Verdaderas,NOUN,perturbación,1
1,Verdaderas,NOUN,golfo,1
1,Verdaderas,NOUN,subasta,1
1,Verdaderas,NOUN,lechuga,1
1,Verdaderas,NOUN,apio,1
1,Verdaderas,NOUN,puerro,1
1,Verdaderas,NOUN,exopositor,1
1,Verdaderas,NOUN,dominicano,1
1,Verdaderas,NOUN,proteína,1
1,Verdaderas,NOUN,vegetal,1
1,Verdaderas,NOUN,ingesta,1
1,Verdaderas,NOUN,santiamén,1
1,Verdaderas,NOUN,balazo,1
1,Verdaderas,NOUN,aparent,1
1,Verdaderas,NOUN,prófugo,1
1,Verdaderas,NOUN,lupa,1
1,Verdaderas,NOUN,especialidad,1
1,Verdaderas,NOUN,desinformación,1
1,Verdaderas,NOUN,trolls,1
1,Verdaderas,NOUN,exasesor,1
1,Verdaderas,NOUN,opereta,1
1,Verdaderas,NOUN,terminada,1
1,Verdaderas,NOUN,mem,1
1,Verdaderas,NOUN,adobe,1
1,Verdaderas,NOUN,calamina,1
1,Verdaderas,NOUN,libera,1
1,Verdaderas,NOUN,tranquilo,1
1,Verdaderas,NOUN,sacudón,1
1,Verdaderas,NOUN,anestesióloga,1
1,Verdaderas,NOUN,neuroanestesiología,1
1,Verdaderas,NOUN,sedación,1
1,Verdaderas,NOUN,protegiéndola,1
1,Verdaderas,NOUN,maremoto,1
1,Verdaderas,NOUN,sostenerme,1
1,Verdaderas,NOUN,devastadora,1
1,Verdaderas,NOUN,turba,1
1,Verdaderas,NOUN,sábana,1
1,Verdaderas,NOUN,gasa,1
1,Verdaderas,NOUN,comunicarme,1
1,Verdaderas,NOUN,estabilizado,1
1,Verdaderas,NOUN,vialidad,1
1,Verdaderas,NOUN,aditamento,1
1,Verdaderas,NOUN,cartucho,1
1,Verdaderas,NOUN,cargador,1
1,Verdaderas,NOUN,motocicleta,1
1,Verdaderas,NOUN,ambientalista,1
1,Verdaderas,NOUN,costero,1
1,Verdaderas,NOUN,sobrevuelo,1
1,Verdaderas,NOUN,biocombustibl,1
1,Verdaderas,NOUN,biocombustible,1
1,Verdaderas,NOUN,puro,1
1,Verdaderas,NOUN,habano,1
1,Verdaderas,NOUN,habanera,1
1,Verdaderas,NOUN,acariciador,1
1,Verdaderas,NOUN,sensualísimo,1
1,Verdaderas,NOUN,querida,1
1,Verdaderas,NOUN,recepción,1
1,Verdaderas,NOUN,subversivo,1
1,Verdaderas,NOUN,cronología,1
1,Verdaderas,NOUN,estadía,1
1,Verdaderas,NOUN,homosexualidad,1
1,Verdaderas,NOUN,rubor,1
1,Verdaderas,NOUN,fotógrafo,1
1,Verdaderas,NOUN,jaleo,1
1,Verdaderas,NOUN,porteño,1
1,Verdaderas,NOUN,vorágine,1
1,Verdaderas,NOUN,reestreno,1
1,Verdaderas,NOUN,hechizo,1
1,Verdaderas,NOUN,lorquiano,1
1,Verdaderas,NOUN,fervor,1
1,Verdaderas,NOUN,escandalazo,1
1,Verdaderas,NOUN,simultáneo,1
1,Verdaderas,NOUN,magnetismo,1
1,Verdaderas,NOUN,antipatía,1
1,Verdaderas,NOUN,frenesí,1
1,Verdaderas,NOUN,librería,1
1,Verdaderas,NOUN,escribiera,1
1,Verdaderas,NOUN,recital,1
1,Verdaderas,NOUN,entusiasmo,1
1,Verdaderas,NOUN,1935,1
1,Verdaderas,NOUN,ucronía,1
1,Verdaderas,NOUN,llanura,1
1,Verdaderas,NOUN,altitud,1
1,Verdaderas,NOUN,surco,1
1,Verdaderas,NOUN,lugareño,1
1,Verdaderas,NOUN,señalización,1
1,Verdaderas,NOUN,oscuridad,1
1,Verdaderas,NOUN,anochecer,1
1,Verdaderas,NOUN,nevada,1
1,Verdaderas,NOUN,centímetro,1
1,Verdaderas,NOUN,succión,1
1,Verdaderas,NOUN,menor,1
1,Verdaderas,NOUN,según,1
1,Verdaderas,NOUN,niñas-esposa,1
1,Verdaderas,NOUN,inequidad,1
1,Verdaderas,NOUN,educada,1
1,Verdaderas,NOUN,masculinidad,1
1,Verdaderas,NOUN,menstruación,1
1,Verdaderas,NOUN,cónyuge,1
1,Verdaderas,NOUN,tocamiento,1
1,Verdaderas,NOUN,raiz,1
1,Verdaderas,NOUN,ayudarno,1
1,Verdaderas,NOUN,computador,1
1,Verdaderas,NOUN,experimentarlo,1
1,Verdaderas,NOUN,insomnio,1
1,Verdaderas,NOUN,autocastigo,1
1,Verdaderas,NOUN,irrespeto,1
1,Verdaderas,NOUN,gratitud,1
1,Verdaderas,NOUN,enfermero,1
1,Verdaderas,NOUN,perdimo,1
1,Verdaderas,NOUN,valía,1
1,Verdaderas,NOUN,sepa,1
1,Verdaderas,NOUN,hubiés,1
1,Verdaderas,NOUN,apocalipsis,1
1,Verdaderas,NOUN,coma,1
1,Verdaderas,NOUN,trate,1
1,Verdaderas,NOUN,béisbol,1
1,Verdaderas,NOUN,gel,1
1,Verdaderas,NOUN,autocuidado,1
1,Verdaderas,NOUN,bastón,1
1,Verdaderas,NOUN,psiquiatría,1
1,Verdaderas,NOUN,pís,1
1,Verdaderas,NOUN,reanimación,1
1,Verdaderas,NOUN,tubo,1
1,Verdaderas,NOUN,hermanita,1
1,Verdaderas,NOUN,afectadísima,1
1,Verdaderas,NOUN,contrasentido,1
1,Verdaderas,NOUN,infinidad,1
1,Verdaderas,NOUN,desolación,1
1,Verdaderas,NOUN,simulacro,1
1,Verdaderas,NOUN,piernita,1
1,Verdaderas,NOUN,bracito,1
1,Verdaderas,NOUN,semáforo,1
1,Verdaderas,NOUN,papás,1
1,Verdaderas,NOUN,pelvis,1
1,Verdaderas,NOUN,calibre,1
1,Verdaderas,NOUN,trilli,1
1,Verdaderas,NOUN,cedro,1
1,Verdaderas,NOUN,olvidada,1
1,Verdaderas,NOUN,pudieron,1
1,Verdaderas,NOUN,montaña-,1
1,Verdaderas,NOUN,pluviosidad,1
1,Verdaderas,NOUN,chiva,1
1,Verdaderas,NOUN,afrocolombiano,1
1,Verdaderas,NOUN,raizal,1
1,Verdaderas,NOUN,palenquero,1
1,Verdaderas,NOUN,rom,1
1,Verdaderas,NOUN,invisibilización,1
1,Verdaderas,NOUN,ruralidad,1
1,Verdaderas,NOUN,telefonía,1
1,Verdaderas,NOUN,rapidez,1
1,Verdaderas,NOUN,clasismo,1
1,Verdaderas,NOUN,gobernación,1
1,Verdaderas,NOUN,lineamiento,1
1,Verdaderas,NOUN,autoconstrucción,1
1,Verdaderas,NOUN,coraje,1
1,Verdaderas,NOUN,aguacero,1
1,Verdaderas,NOUN,acueducto,1
1,Verdaderas,NOUN,resiliencia,1
1,Verdaderas,NOUN,suburbio,1
1,Verdaderas,NOUN,grabado,1
1,Verdaderas,NOUN,obrero,1
1,Verdaderas,NOUN,guardiana,1
1,Verdaderas,NOUN,explorador,1
1,Verdaderas,NOUN,flora,1
1,Verdaderas,NOUN,párvulo,1
1,Verdaderas,NOUN,fémur,1
1,Verdaderas,NOUN,cuero,1
1,Verdaderas,NOUN,guanaco,1
1,Verdaderas,NOUN,etnia,1
1,Verdaderas,NOUN,mascota,1
1,Verdaderas,NOUN,maltratarla,1
1,Verdaderas,NOUN,gorro,1
1,Verdaderas,NOUN,baúl,1
1,Verdaderas,NOUN,pila,1
1,Verdaderas,NOUN,nido,1
1,Verdaderas,NOUN,suegra,1
1,Verdaderas,NOUN,sentir,1
1,Verdaderas,NOUN,termo,1
1,Verdaderas,NOUN,sándwich,1
1,Verdaderas,NOUN,tejido,1
1,Verdaderas,NOUN,recogía,1
1,Verdaderas,NOUN,zorro,1
1,Verdaderas,NOUN,super,1
1,Verdaderas,NOUN,f,1
1,Verdaderas,NOUN,sensor,1
1,Verdaderas,NOUN,veterinario,1
1,Verdaderas,NOUN,genética,1
1,Verdaderas,NOUN,hematología,1
1,Verdaderas,NOUN,hábito,1
1,Verdaderas,NOUN,plasticidad,1
1,Verdaderas,NOUN,prestancia,1
1,Verdaderas,NOUN,tocarlo,1
1,Verdaderas,NOUN,peluche,1
1,Verdaderas,NOUN,líquén,1
1,Verdaderas,NOUN,nudito,1
1,Verdaderas,NOUN,orina,1
1,Verdaderas,NOUN,hidrógeno,1
1,Verdaderas,NOUN,verlo,1
1,Verdaderas,NOUN,madurez,1
1,Verdaderas,NOUN,entereza,1
1,Verdaderas,NOUN,agotadora,1
1,Verdaderas,NOUN,mazo,1
1,Verdaderas,NOUN,topo,1
1,Verdaderas,NOUN,limón,1
1,Verdaderas,NOUN,excavadora,1
1,Verdaderas,NOUN,teñírselo,1
1,Verdaderas,NOUN,mandarria,1
1,Verdaderas,NOUN,cabecita,1
1,Verdaderas,NOUN,enterrarlo,1
1,Verdaderas,NOUN,nororiente,1
1,Verdaderas,NOUN,buscándolo,1
1,Verdaderas,NOUN,quédate,1
1,Verdaderas,NOUN,estremecedor,1
1,Verdaderas,NOUN,sonado,1
1,Verdaderas,NOUN,motel,1
1,Verdaderas,NOUN,recreación,1
1,Verdaderas,NOUN,baby,1
1,Verdaderas,NOUN,shower,1
1,Verdaderas,NOUN,paleta,1
1,Verdaderas,NOUN,amarillo,1
1,Verdaderas,NOUN,obstetricia,1
1,Verdaderas,NOUN,ginecología,1
1,Verdaderas,NOUN,bolso,1
1,Verdaderas,NOUN,presentársela,1
1,Verdaderas,NOUN,atónito,1
1,Verdaderas,NOUN,dramatización,1
1,Verdaderas,NOUN,estereotipo,1
1,Verdaderas,NOUN,cuánto,1
1,Verdaderas,NOUN,1956,1
1,Verdaderas,NOUN,zancadilla,1
1,Verdaderas,NOUN,colada,1
1,Verdaderas,NOUN,caravana,1
1,Verdaderas,NOUN,rememora,1
1,Verdaderas,NOUN,pelito,1
1,Verdaderas,NOUN,barba,1
1,Verdaderas,NOUN,romance,1
1,Verdaderas,NOUN,cardiólogo,1
1,Verdaderas,NOUN,payaso,1
1,Verdaderas,NOUN,desencanto,1
1,Verdaderas,NOUN,adoctrinamiento,1
1,Verdaderas,NOUN,pretendiente,1
1,Verdaderas,NOUN,poseedor,1
1,Verdaderas,NOUN,embustero,1
1,Verdaderas,NOUN,artesano,1
1,Verdaderas,NOUN,zapato,1
1,Verdaderas,NOUN,chofer,1
1,Verdaderas,NOUN,pintorreteada,1
1,Verdaderas,NOUN,nervio,1
1,Verdaderas,NOUN,abordaje,1
1,Verdaderas,NOUN,reverendo,1
1,Verdaderas,NOUN,laboratorio,1
1,Verdaderas,NOUN,brigada,1
1,Verdaderas,NOUN,charco,1
1,Verdaderas,NOUN,expectación,1
1,Verdaderas,NOUN,levedad,1
1,Verdaderas,NOUN,rasguño,1
1,Verdaderas,NOUN,riñón,1
1,Verdaderas,NOUN,vértebra,1
1,Verdaderas,NOUN,destajo,1
1,Verdaderas,NOUN,rendija,1
1,Verdaderas,NOUN,vivo,1
1,Verdaderas,NOUN,remueve,1
1,Verdaderas,NOUN,1900,1
1,Verdaderas,NOUN,aprieto,1
1,Verdaderas,NOUN,deslizo,1
1,Verdaderas,NOUN,rozamiento,1
1,Verdaderas,NOUN,sismología,1
1,Verdaderas,NOUN,lápiz,1
1,Verdaderas,NOUN,madera,1
1,Verdaderas,NOUN,recurrencia,1
1,Verdaderas,NOUN,1922,1
1,Verdaderas,NOUN,ángulo,1
1,Verdaderas,NOUN,instrumentación,1
1,Verdaderas,NOUN,continuo,1
1,Verdaderas,NOUN,inminencia,1
1,Verdaderas,NOUN,causalidad,1
1,Verdaderas,NOUN,variación,1
1,Verdaderas,NOUN,conductividad,1
1,Verdaderas,NOUN,micro,1
1,Verdaderas,NOUN,nodo,1
1,Verdaderas,NOUN,neurona,1
1,Verdaderas,NOUN,ecuación,1
1,Verdaderas,NOUN,venciera,1
1,Verdaderas,NOUN,novio,1
1,Verdaderas,NOUN,inmediación,1
1,Verdaderas,NOUN,dicho,1
1,Verdaderas,NOUN,ramo,1
1,Verdaderas,NOUN,equipaje,1
1,Verdaderas,NOUN,indocumentado,1
1,Verdaderas,NOUN,conducirno,1
1,Verdaderas,NOUN,detenida,1
1,Verdaderas,NOUN,dietista,1
1,Verdaderas,NOUN,concienciación,1
1,Verdaderas,NOUN,cubierto,1
1,Verdaderas,NOUN,exhalación,1
1,Verdaderas,NOUN,sudor,1
1,Verdaderas,NOUN,traumatología,1
1,Verdaderas,NOUN,laceración,1
1,Verdaderas,NOUN,mortalidad,1
1,Verdaderas,NOUN,mampostería,1
1,Verdaderas,NOUN,músculo,1
1,Verdaderas,NOUN,autocontrol,1
1,Verdaderas,NOUN,grit,1
1,Verdaderas,NOUN,haga,1
1,Verdaderas,NOUN,cartón,1
1,Verdaderas,NOUN,juguete,1
1,Verdaderas,NOUN,tienda,1
1,Verdaderas,NOUN,rigidez,1
1,Verdaderas,NOUN,trague,1
1,Verdaderas,NOUN,mueble,1
1,Verdaderas,NOUN,exacto,1
1,Verdaderas,NOUN,aproximación,1
1,Verdaderas,NOUN,noroccidente,1
1,Verdaderas,NOUN,extenuado,1
1,Verdaderas,NOUN,conocido,1
1,Verdaderas,NOUN,serrucho,1
1,Verdaderas,NOUN,escape,1
1,Verdaderas,NOUN,reanudación,1
1,Verdaderas,NOUN,cohete,1
1,Verdaderas,NOUN,israelí,1
1,Verdaderas,NOUN,consular,1
1,Verdaderas,NOUN,eternidad,1
1,Verdaderas,NOUN,sismóloga,1
1,Verdaderas,NOUN,hipocentro,1
1,Verdaderas,NOUN,geóloga,1
1,Verdaderas,NOUN,supervolcán,1
1,Verdaderas,NOUN,tectónica,1
1,Verdaderas,NOUN,chorro,1
1,Verdaderas,NOUN,erupción,1
1,Verdaderas,NOUN,rígida,1
1,Verdaderas,NOUN,fría,1
1,Verdaderas,NOUN,mandarina,1
1,Verdaderas,NOUN,compresión,1
1,Verdaderas,NOUN,colapsado,1
1,Verdaderas,NOUN,subregión,1
1,Verdaderas,NOUN,hormigón,1
1,Verdaderas,NOUN,intersección,1
1,Verdaderas,NOUN,varía,1
1,Verdaderas,NOUN,odontóloga,1
1,Verdaderas,NOUN,radiografía,1
1,Verdaderas,NOUN,manizaleño,1
1,Verdaderas,NOUN,evangelista,1
1,Verdaderas,NOUN,vacía,1
1,Verdaderas,NOUN,frutería,1
1,Verdaderas,NOUN,parqueadero,1
1,Verdaderas,NOUN,membrete,1
1,Verdaderas,NOUN,estruendo,1
1,Verdaderas,NOUN,vigilante,1
1,Verdaderas,NOUN,esquirla,1
1,Verdaderas,NOUN,coliseo,1
1,Verdaderas,NOUN,cártel,1
1,Verdaderas,NOUN,experiodista,1
1,Verdaderas,NOUN,prófuga,1
1,Verdaderas,NOUN,exasambleísta,1
1,Verdaderas,NOUN,peritaje,1
1,Verdaderas,NOUN,cocaína,1
1,Verdaderas,NOUN,am,1
1,Verdaderas,NOUN,desprendimiento,1
1,Verdaderas,NOUN,periodicidad,1
1,Verdaderas,NOUN,gimnasio,1
1,Verdaderas,NOUN,tendido,1
1,Verdaderas,NOUN,vela,1
1,Verdaderas,NOUN,severa,1
1,Verdaderas,NOUN,conjunción,1
1,Verdaderas,NOUN,potabilización,1
1,Verdaderas,NOUN,líquido,1
1,Verdaderas,NOUN,tubería,1
1,Verdaderas,NOUN,sedimento,1
1,Verdaderas,NOUN,reincorporación,1
1,Verdaderas,NOUN,distanciamiento,1
1,Verdaderas,NOUN,-estabilización,1
1,Verdaderas,NOUN,positivo,1
1,Verdaderas,NOUN,regirno,1
1,Verdaderas,NOUN,impulsándolo,1
1,Verdaderas,NOUN,entero,1
1,Verdaderas,NOUN,consultado,1
1,Verdaderas,NOUN,resolver,1
1,Verdaderas,NOUN,blues,1
1,Verdaderas,NOUN,jazz,1
1,Verdaderas,NOUN,radionovela,1
1,Verdaderas,NOUN,leyenda,1
1,Verdaderas,NOUN,inspirada,1
1,Verdaderas,NOUN,1941,1
1,Verdaderas,NOUN,1944,1
1,Verdaderas,NOUN,amabilidad,1
1,Verdaderas,NOUN,repertorio,1
1,Verdaderas,NOUN,excelencia,1
1,Verdaderas,NOUN,during,1
1,Verdaderas,NOUN,servilleta,1
1,Verdaderas,NOUN,conmigo,1
1,Verdaderas,NOUN,volvía,1
1,Verdaderas,NOUN,pedo,1
1,Verdaderas,NOUN,esplendor,1
1,Verdaderas,NOUN,descansa,1
1,Verdaderas,NOUN,tenista,1
1,Verdaderas,NOUN,denominación,1
1,Verdaderas,NOUN,pastor,1
1,Verdaderas,NOUN,capellán,1
1,Verdaderas,NOUN,ateo,1
1,Verdaderas,NOUN,rodilla,1
1,Verdaderas,NOUN,laicidad,1
1,Verdaderas,NOUN,cantón,1
1,Verdaderas,NOUN,escuadrón,1
1,Verdaderas,NOUN,abelardismo,1
1,Verdaderas,NOUN,efusividad,1
1,Verdaderas,NOUN,emporio,1
1,Verdaderas,NOUN,oriunda,1
1,Verdaderas,NOUN,seguidora,1
1,Verdaderas,NOUN,termino,1
1,Verdaderas,NOUN,trabaje,1
1,Verdaderas,NOUN,mareo,1
1,Verdaderas,NOUN,vómito,1
1,Verdaderas,NOUN,hipertensión,1
1,Verdaderas,NOUN,bandida,1
1,Verdaderas,NOUN,infanticidio,1
1,Verdaderas,NOUN,quist,1
1,Verdaderas,NOUN,vuelto,1
1,Verdaderas,NOUN,vagina,1
1,Verdaderas,NOUN,ano,1
1,Verdaderas,NOUN,exjueza,1
1,Verdaderas,NOUN,coñazo,1
1,Verdaderas,NOUN,mamografía,1
1,Verdaderas,NOUN,saña,1
1,Verdaderas,NOUN,panadería,1
1,Verdaderas,NOUN,calabozo,1
1,Verdaderas,NOUN,partición,1
1,Verdaderas,NOUN,kilogramo,1
1,Verdaderas,NOUN,edema,1
1,Verdaderas,NOUN,malnutrición,1
1,Verdaderas,NOUN,penitenciaria,1
1,Verdaderas,NOUN,hereda,1
1,Verdaderas,NOUN,involucramiento,1
1,Verdaderas,NOUN,donante,1
1,Verdaderas,NOUN,desprecio,1
1,Verdaderas,NOUN,globalizado,1
1,Verdaderas,NOUN,prominente,1
1,Verdaderas,NOUN,mediático,1
1,Verdaderas,NOUN,empresariado,1
1,Verdaderas,NOUN,wokismo,1
1,Verdaderas,NOUN,1974,1
1,Verdaderas,NOUN,tecnócrata,1
1,Verdaderas,NOUN,semejanza,1
1,Verdaderas,NOUN,izquierdista,1
1,Verdaderas,NOUN,cooptación,1
1,Verdaderas,NOUN,analsita,1
1,Verdaderas,NOUN,costeño,1
1,Verdaderas,NOUN,bacán,1
1,Verdaderas,NOUN,convulsa,1
1,Verdaderas,NOUN,transgresor,1
1,Verdaderas,NOUN,prodigio,1
1,Verdaderas,NOUN,taburete,1
1,Verdaderas,NOUN,colusión,1
1,Verdaderas,NOUN,instigador,1
1,Verdaderas,NOUN,niñez,1
1,Verdaderas,NOUN,inmobiliaria,1
1,Verdaderas,NOUN,contienda,1
1,Verdaderas,NOUN,tiroteo,1
1,Verdaderas,NOUN,reparadora,1
1,Verdaderas,NOUN,cristianismo,1
1,Verdaderas,NOUN,motosierra,1
1,Verdaderas,NOUN,encaja,1
1,Verdaderas,NOUN,streaming,1
1,Verdaderas,NOUN,zoom,1
1,Verdaderas,NOUN,silicona,1
1,Verdaderas,NOUN,machista,1
1,Verdaderas,NOUN,caballero,1
1,Verdaderas,NOUN,arreglo,1
1,Verdaderas,NOUN,reinado,1
1,Verdaderas,NOUN,anti-élite,1
1,Verdaderas,NOUN,categorización,1
1,Verdaderas,NOUN,antagonista,1
1,Verdaderas,NOUN,sibarita,1
1,Verdaderas,NOUN,dandi,1
1,Verdaderas,NOUN,corbata,1
1,Verdaderas,NOUN,seda,1
1,Verdaderas,NOUN,pequeño,1
1,Verdaderas,NOUN,consola,1
1,Verdaderas,NOUN,videojuego,1
1,Verdaderas,NOUN,albor,1
1,Verdaderas,NOUN,vallenato,1
1,Verdaderas,NOUN,gallina,1
1,Verdaderas,NOUN,tiburón,1
1,Verdaderas,NOUN,ideal,1
1,Verdaderas,NOUN,farándula,1
1,Verdaderas,NOUN,calumnia,1
1,Verdaderas,NOUN,clientela,1
1,Verdaderas,NOUN,comercia,1
1,Verdaderas,NOUN,faceta,1
1,Verdaderas,NOUN,clásico,1
1,Verdaderas,NOUN,deb,1
1,Verdaderas,NOUN,responderla,1
1,Verdaderas,NOUN,carecería,1
1,Verdaderas,NOUN,bagaje,1
1,Verdaderas,NOUN,desginación,1
1,Verdaderas,NOUN,2010-2018,1
1,Verdaderas,NOUN,tecnocracia,1
1,Verdaderas,NOUN,contradictorio,1
1,Verdaderas,NOUN,pragmatismo,1
1,Verdaderas,NOUN,dicotomía,1
1,Verdaderas,NOUN,chapa,1
1,Verdaderas,NOUN,1994-1998,1
1,Verdaderas,NOUN,1998-2002,1
1,Verdaderas,NOUN,conglomerado,1
1,Verdaderas,NOUN,misma,1
1,Verdaderas,NOUN,clientelismo,1
1,Verdaderas,NOUN,investigadora,1
1,Verdaderas,VERB,tener,999
1,Verdaderas,VERB,hacer,751
1,Verdaderas,VERB,decir,693
1,Verdaderas,VERB,pedir,386
1,Verdaderas,VERB,dar,367
1,Verdaderas,VERB,recibir,320
1,Verdaderas,VERB,seguir,301
1,Verdaderas,VERB,llegar,297
1,Verdaderas,VERB,ver,280
1,Verdaderas,VERB,asegurar,274
1,Verdaderas,VERB,dejar,249
1,Verdaderas,VERB,querer,245
1,Verdaderas,VERB,llevar,244
1,Verdaderas,VERB,pasar,237
1,Verdaderas,VERB,señalar,223
1,Verdaderas,VERB,explicar,218
1,Verdaderas,VERB,afirmar,215
1,Verdaderas,VERB,contar,212
1,Verdaderas,VERB,presentar,203
1,Verdaderas,VERB,encontrar,195
1,Verdaderas,VERB,creer,188
1,Verdaderas,VERB,considerar,183
1,Verdaderas,VERB,quedar,180
1,Verdaderas,VERB,vivir,180
1,Verdaderas,VERB,mantener,175
1,Verdaderas,VERB,buscar,169
1,Verdaderas,VERB,estar,167
1,Verdaderas,VERB,volver,167
1,Verdaderas,VERB,poner,163
1,Verdaderas,VERB,hablar,163
1,Verdaderas,VERB,anunciar,151
1,Verdaderas,VERB,saber,146
1,Verdaderas,VERB,permitir,138
1,Verdaderas,VERB,ir,138
1,Verdaderas,VERB,recordar,134
1,Verdaderas,VERB,aprobar,128
1,Verdaderas,VERB,tratar,126
1,Verdaderas,VERB,perder,126
1,Verdaderas,VERB,salir,121
1,Verdaderas,VERB,defender,120
1,Verdaderas,VERB,sentir,120
1,Verdaderas,VERB,comenzar,119
1,Verdaderas,VERB,ocurrir,116
1,Verdaderas,VERB,trabajar,113
1,Verdaderas,VERB,existir,112
1,Verdaderas,VERB,rechazar,112
1,Verdaderas,VERB,producir,112
1,Verdaderas,VERB,abrir,111
1,Verdaderas,VERB,lograr,110
1,Verdaderas,VERB,incluir,110
1,Verdaderas,VERB,apoyar,109
1,Verdaderas,VERB,mostrar,106
1,Verdaderas,VERB,declarar,106
1,Verdaderas,VERB,convertir,106
1,Verdaderas,VERB,obtener,104
1,Verdaderas,VERB,celebrar,100
1,Verdaderas,VERB,parecer,100
1,Verdaderas,VERB,reconocer,99
1,Verdaderas,VERB,conocer,98
1,Verdaderas,VERB,ganar,96
1,Verdaderas,VERB,decidir,96
1,Verdaderas,VERB,intentar,96
1,Verdaderas,VERB,informar,95
1,Verdaderas,VERB,pensar,94
1,Verdaderas,VERB,denunciar,93
1,Verdaderas,VERB,acusar,93
1,Verdaderas,VERB,tomar,93
1,Verdaderas,VERB,investigar,91
1,Verdaderas,VERB,necesitar,91
1,Verdaderas,VERB,cumplir,90
1,Verdaderas,VERB,utilizar,89
1,Verdaderas,VERB,advertir,87
1,Verdaderas,VERB,participar,86
1,Verdaderas,VERB,evitar,86
1,Verdaderas,VERB,escribir,85
1,Verdaderas,VERB,realizar,85
1,Verdaderas,VERB,sostener,85
1,Verdaderas,VERB,llamar,84
1,Verdaderas,VERB,esperar,84
1,Verdaderas,VERB,agregar,84
1,Verdaderas,VERB,responder,83
1,Verdaderas,VERB,entrar,83
1,Verdaderas,VERB,venir,83
1,Verdaderas,VERB,empezar,82
1,Verdaderas,VERB,generar,82
1,Verdaderas,VERB,cambiar,82
1,Verdaderas,VERB,sacar,80
1,Verdaderas,VERB,seguir yo,80
1,Verdaderas,VERB,descargar,79
1,Verdaderas,VERB,solicitar,77
1,Verdaderas,VERB,crear,76
1,Verdaderas,VERB,detener,76
1,Verdaderas,VERB,sufrir,76
1,Verdaderas,VERB,aumentar,75
1,Verdaderas,VERB,votar,74
1,Verdaderas,VERB,conseguir,74
1,Verdaderas,VERB,entender,72
1,Verdaderas,VERB,gobernar,72
1,Verdaderas,VERB,acabar,70
1,Verdaderas,VERB,indicar,70
1,Verdaderas,VERB,elegir,70
1,Verdaderas,VERB,confirmar,69
1,Verdaderas,VERB,terminar,69
1,Verdaderas,VERB,pagar,69
1,Verdaderas,VERB,proponer,68
1,Verdaderas,VERB,reclamar,67
1,Verdaderas,VERB,morir,67
1,Verdaderas,VERB,destacar,67
1,Verdaderas,VERB,suscribirte,67
1,Verdaderas,VERB,continuar,66
1,Verdaderas,VERB,apuntar,66
1,Verdaderas,VERB,criticar,66
1,Verdaderas,VERB,sumar,65
1,Verdaderas,VERB,registrar,64
1,Verdaderas,VERB,enfrentar,64
1,Verdaderas,VERB,ayudar,64
1,Verdaderas,VERB,negar,63
1,Verdaderas,VERB,retirar,63
1,Verdaderas,VERB,cerrar,63
1,Verdaderas,VERB,usar,62
1,Verdaderas,VERB,preguntar,62
1,Verdaderas,VERB,plantear,61
1,Verdaderas,VERB,acudir,60
1,Verdaderas,VERB,ofrecer,60
1,Verdaderas,VERB,garantizar,58
1,Verdaderas,VERB,añadir,58
1,Verdaderas,VERB,condenar,58
1,Verdaderas,VERB,exigir,58
1,Verdaderas,VERB,afectar,58
1,Verdaderas,VERB,recuperar,57
1,Verdaderas,VERB,superar,57
1,Verdaderas,VERB,insistir,56
1,Verdaderas,VERB,negociar,56
1,Verdaderas,VERB,ordenar,56
1,Verdaderas,VERB,permanecer,56
1,Verdaderas,VERB,aceptar,55
1,Verdaderas,VERB,suponer,55
1,Verdaderas,VERB,iniciar,54
1,Verdaderas,VERB,enviar,54
1,Verdaderas,VERB,admitir,53
1,Verdaderas,VERB,reducir,52
1,Verdaderas,VERB,alcanzar,52
1,Verdaderas,VERB,formar,51
1,Verdaderas,VERB,leer,51
1,Verdaderas,VERB,representar,51
1,Verdaderas,VERB,provocar,50
1,Verdaderas,VERB,coincidir,50
1,Verdaderas,VERB,caer,50
1,Verdaderas,VERB,calificar,50
1,Verdaderas,VERB,avanzar,50
1,Verdaderas,VERB,publicar,50
1,Verdaderas,VERB,escuchar,50
1,Verdaderas,VERB,asumir,49
1,Verdaderas,VERB,construir,49
1,Verdaderas,VERB,recurrir,48
1,Verdaderas,VERB,establecer,48
1,Verdaderas,VERB,aplicar,47
1,Verdaderas,VERB,hacer él,47
1,Verdaderas,VERB,impedir,44
1,Verdaderas,VERB,crecer,44
1,Verdaderas,VERB,estudiar,44
1,Verdaderas,VERB,abandonar,44
1,Verdaderas,VERB,aparecer,43
1,Verdaderas,VERB,ampliar,43
1,Verdaderas,VERB,trasladar,43
1,Verdaderas,VERB,impulsar,43
1,Verdaderas,VERB,actuar,42
1,Verdaderas,VERB,concluir,42
1,Verdaderas,VERB,resultar,42
1,Verdaderas,VERB,ocupar,41
1,Verdaderas,VERB,entregar,41
1,Verdaderas,VERB,convocar,41
1,Verdaderas,VERB,mejorar,41
1,Verdaderas,VERB,desarrollar,40
1,Verdaderas,VERB,abordar,40
1,Verdaderas,VERB,atender,39
1,Verdaderas,VERB,expresar,39
1,Verdaderas,VERB,liderar,39
1,Verdaderas,VERB,revelar,39
1,Verdaderas,VERB,funcionar,39
1,Verdaderas,VERB,causar,39
1,Verdaderas,VERB,reportar,39
1,Verdaderas,VERB,pretender,37
1,Verdaderas,VERB,compartir,37
1,Verdaderas,VERB,tocar,37
1,Verdaderas,VERB,depender,37
1,Verdaderas,VERB,aclarar,37
1,Verdaderas,VERB,marcar,36
1,Verdaderas,VERB,imponer,36
1,Verdaderas,VERB,suspender,36
1,Verdaderas,VERB,cobrar,36
1,Verdaderas,VERB,pertenecer,36
1,Verdaderas,VERB,alegar,35
1,Verdaderas,VERB,revisar,35
1,Verdaderas,VERB,dirigir,34
1,Verdaderas,VERB,significar,34
1,Verdaderas,VERB,ingresar,34
1,Verdaderas,VERB,liberar,34
1,Verdaderas,VERB,cuestionar,33
1,Verdaderas,VERB,instar,33
1,Verdaderas,VERB,viajar,33
1,Verdaderas,VERB,situar,33
1,Verdaderas,VERB,proteger,33
1,Verdaderas,VERB,controlar,32
1,Verdaderas,VERB,resolver,32
1,Verdaderas,VERB,preparar,32
1,Verdaderas,VERB,romper,32
1,Verdaderas,VERB,referir,32
1,Verdaderas,VERB,regresar,32
1,Verdaderas,VERB,sacudir,32
1,Verdaderas,VERB,soler,32
1,Verdaderas,VERB,respaldar,31
1,Verdaderas,VERB,acordar,31
1,Verdaderas,VERB,jugar,31
1,Verdaderas,VERB,lanzar,31
1,Verdaderas,VERB,ejercer,31
1,Verdaderas,VERB,comentar,31
1,Verdaderas,VERB,comprometer,30
1,Verdaderas,VERB,comparecer,30
1,Verdaderas,VERB,describir,30
1,Verdaderas,VERB,organizar,30
1,Verdaderas,VERB,convertir él,30
1,Verdaderas,VERB,dimitir,29
1,Verdaderas,VERB,juzgar,29
1,Verdaderas,VERB,argumentar,29
1,Verdaderas,VERB,prever,29
1,Verdaderas,VERB,amenazar,29
1,Verdaderas,VERB,implicar,29
1,Verdaderas,VERB,reunir,29
1,Verdaderas,VERB,limitar,29
1,Verdaderas,VERB,descartar,29
1,Verdaderas,VERB,gustar,29
1,Verdaderas,VERB,bajar,28
1,Verdaderas,VERB,prometer,28
1,Verdaderas,VERB,facilitar,28
1,Verdaderas,VERB,suceder,28
1,Verdaderas,VERB,repetir,28
1,Verdaderas,VERB,apostar,28
1,Verdaderas,VERB,identificar,28
1,Verdaderas,VERB,mover,28
1,Verdaderas,VERB,acompañar,28
1,Verdaderas,VERB,demostrar,27
1,Verdaderas,VERB,recoger,27
1,Verdaderas,VERB,visitar,27
1,Verdaderas,VERB,citar,27
1,Verdaderas,VERB,acercar,27
1,Verdaderas,VERB,presentar él,27
1,Verdaderas,VERB,acumular,27
1,Verdaderas,VERB,relatar,27
1,Verdaderas,VERB,comprar,27
1,Verdaderas,VERB,constituir,27
1,Verdaderas,VERB,introducir,27
1,Verdaderas,VERB,determinar,26
1,Verdaderas,VERB,optar,26
1,Verdaderas,VERB,renovar,26
1,Verdaderas,VERB,adoptar,26
1,Verdaderas,VERB,aprovechar,26
1,Verdaderas,VERB,poder,26
1,Verdaderas,VERB,dedicar,26
1,Verdaderas,VERB,firmar,26
1,Verdaderas,VERB,dar él,26
1,Verdaderas,VERB,emitir,26
1,Verdaderas,VERB,nacer,26
1,Verdaderas,VERB,golpear,26
1,Verdaderas,VERB,levantar,25
1,Verdaderas,VERB,surgir,25
1,Verdaderas,VERB,salvar,25
1,Verdaderas,VERB,colaborar,25
1,Verdaderas,VERB,afrontar,25
1,Verdaderas,VERB,frenar,25
1,Verdaderas,VERB,luchar,25
1,Verdaderas,VERB,reúnir,25
1,Verdaderas,VERB,sobrevivir,25
1,Verdaderas,VERB,avalar,25
1,Verdaderas,VERB,vender,25
1,Verdaderas,VERB,rescatar,25
1,Verdaderas,VERB,observar,25
1,Verdaderas,VERB,cometer,24
1,Verdaderas,VERB,requerir,24
1,Verdaderas,VERB,atribuir,24
1,Verdaderas,VERB,costar,24
1,Verdaderas,VERB,acceder,24
1,Verdaderas,VERB,correr,24
1,Verdaderas,VERB,evaluar,24
1,Verdaderas,VERB,expulsar,23
1,Verdaderas,VERB,analizar,23
1,Verdaderas,VERB,atravesar,23
1,Verdaderas,VERB,subrayar,23
1,Verdaderas,VERB,estimar,23
1,Verdaderas,VERB,arrestar,23
1,Verdaderas,VERB,devolver,22
1,Verdaderas,VERB,justificar,22
1,Verdaderas,VERB,beneficiar,22
1,Verdaderas,VERB,encabezar,22
1,Verdaderas,VERB,respetar,22
1,Verdaderas,VERB,conceder,22
1,Verdaderas,VERB,pronunciar,22
1,Verdaderas,VERB,contener,22
1,Verdaderas,VERB,centrar,22
1,Verdaderas,VERB,servir,21
1,Verdaderas,VERB,reivindicar,21
1,Verdaderas,VERB,reconstruir,21
1,Verdaderas,VERB,detectar,21
1,Verdaderas,VERB,obligar,21
1,Verdaderas,VERB,intervenir,21
1,Verdaderas,VERB,asistir,21
1,Verdaderas,VERB,adelantar,21
1,Verdaderas,VERB,preocupar,21
1,Verdaderas,VERB,mirar,20
1,Verdaderas,VERB,combatir,20
1,Verdaderas,VERB,matar,20
1,Verdaderas,VERB,someter,20
1,Verdaderas,VERB,subir,20
1,Verdaderas,VERB,lamentar,20
1,Verdaderas,VERB,tramitar,20
1,Verdaderas,VERB,reforzar,20
1,Verdaderas,VERB,elevar,20
1,Verdaderas,VERB,mencionar,20
1,Verdaderas,VERB,operar,20
1,Verdaderas,VERB,contribuir,20
1,Verdaderas,VERB,renunciar,19
1,Verdaderas,VERB,contemplar,19
1,Verdaderas,VERB,prohibir,19
1,Verdaderas,VERB,fallecer,19
1,Verdaderas,VERB,reflejar,19
1,Verdaderas,VERB,faltar,19
1,Verdaderas,VERB,presidir,19
1,Verdaderas,VERB,otorgar,19
1,Verdaderas,VERB,desaparecer,19
1,Verdaderas,VERB,alejar,18
1,Verdaderas,VERB,medir,18
1,Verdaderas,VERB,oponer,18
1,Verdaderas,VERB,desvelar,18
1,Verdaderas,VERB,nombrar,18
1,Verdaderas,VERB,avisar,18
1,Verdaderas,VERB,unir,18
1,Verdaderas,VERB,corresponder,18
1,Verdaderas,VERB,pactar,18
1,Verdaderas,VERB,importar,18
1,Verdaderas,VERB,descubrir,18
1,Verdaderas,VERB,meter,18
1,Verdaderas,VERB,ver él,18
1,Verdaderas,VERB,invertir,18
1,Verdaderas,VERB,manifestar,17
1,Verdaderas,VERB,adquirir,17
1,Verdaderas,VERB,concentrar,17
1,Verdaderas,VERB,invitar,17
1,Verdaderas,VERB,contratar,17
1,Verdaderas,VERB,sustituir,17
1,Verdaderas,VERB,arrancar,17
1,Verdaderas,VERB,reunir él,17
1,Verdaderas,VERB,cruzar,17
1,Verdaderas,VERB,atacar,17
1,Verdaderas,VERB,ratificar,17
1,Verdaderas,VERB,colocar,17
1,Verdaderas,VERB,consolidar,17
1,Verdaderas,VERB,figurar,17
1,Verdaderas,VERB,alimentar,17
1,Verdaderas,VERB,experimentar,17
1,Verdaderas,VERB,percibir,17
1,Verdaderas,VERB,cubrir,16
1,Verdaderas,VERB,instalar,16
1,Verdaderas,VERB,sugerir,16
1,Verdaderas,VERB,planear,16
1,Verdaderas,VERB,valorar,16
1,Verdaderas,VERB,alertar,16
1,Verdaderas,VERB,hallar,16
1,Verdaderas,VERB,vincular,16
1,Verdaderas,VERB,promover,16
1,Verdaderas,VERB,eliminar,16
1,Verdaderas,VERB,rendir,16
1,Verdaderas,VERB,mantener él,16
1,Verdaderas,VERB,deber,16
1,Verdaderas,VERB,influir,16
1,Verdaderas,VERB,olvidar,16
1,Verdaderas,VERB,proceder,16
1,Verdaderas,VERB,imaginar,16
1,Verdaderas,VERB,asesinar,15
1,Verdaderas,VERB,definir,15
1,Verdaderas,VERB,gritar,15
1,Verdaderas,VERB,mandar,15
1,Verdaderas,VERB,competir,15
1,Verdaderas,VERB,rebajar,15
1,Verdaderas,VERB,sentar,15
1,Verdaderas,VERB,vulnerar,15
1,Verdaderas,VERB,caminar,15
1,Verdaderas,VERB,disparar,15
1,Verdaderas,VERB,comunicar,15
1,Verdaderas,VERB,difundir,15
1,Verdaderas,VERB,parar,15
1,Verdaderas,VERB,quitar,15
1,Verdaderas,VERB,aprender,15
1,Verdaderas,VERB,imputar,14
1,Verdaderas,VERB,ejecutar,14
1,Verdaderas,VERB,ocultar,14
1,Verdaderas,VERB,resistir,14
1,Verdaderas,VERB,acelerar,14
1,Verdaderas,VERB,durar,14
1,Verdaderas,VERB,atraer,14
1,Verdaderas,VERB,cargar,14
1,Verdaderas,VERB,traer,14
1,Verdaderas,VERB,modificar,14
1,Verdaderas,VERB,grabar,14
1,Verdaderas,VERB,recorrer,14
1,Verdaderas,VERB,transformar,14
1,Verdaderas,VERB,evacuar,14
1,Verdaderas,VERB,conservar,14
1,Verdaderas,VERB,temblar,14
1,Verdaderas,VERB,prolongar,13
1,Verdaderas,VERB,debatir,13
1,Verdaderas,VERB,fracasar,13
1,Verdaderas,VERB,acoger,13
1,Verdaderas,VERB,aportar,13
1,Verdaderas,VERB,autorizar,13
1,Verdaderas,VERB,confiar,13
1,Verdaderas,VERB,perjudicar,13
1,Verdaderas,VERB,desestimar,13
1,Verdaderas,VERB,disponer,13
1,Verdaderas,VERB,desplazar,13
1,Verdaderas,VERB,aspirar,13
1,Verdaderas,VERB,comprobar,13
1,Verdaderas,VERB,financiar,13
1,Verdaderas,VERB,fijar,13
1,Verdaderas,VERB,perseguir,13
1,Verdaderas,VERB,desempeñar,13
1,Verdaderas,VERB,elaborar,13
1,Verdaderas,VERB,gestionar,13
1,Verdaderas,VERB,protagonizar,13
1,Verdaderas,VERB,poner él,13
1,Verdaderas,VERB,integrar,13
1,Verdaderas,VERB,colapsar,13
1,Verdaderas,VERB,contabilizar,13
1,Verdaderas,VERB,escapar,13
1,Verdaderas,VERB,impactar,13
1,Verdaderas,VERB,comer,13
1,Verdaderas,VERB,activa él,13
1,Verdaderas,VERB,retomar,12
1,Verdaderas,VERB,desconocer,12
1,Verdaderas,VERB,destinar,12
1,Verdaderas,VERB,echar,12
1,Verdaderas,VERB,dividir,12
1,Verdaderas,VERB,violar,12
1,Verdaderas,VERB,temer,12
1,Verdaderas,VERB,merecer,12
1,Verdaderas,VERB,agradecer,12
1,Verdaderas,VERB,apelar,12
1,Verdaderas,VERB,revocar,12
1,Verdaderas,VERB,exhibir,12
1,Verdaderas,VERB,disfrutar,12
1,Verdaderas,VERB,conectar,12
1,Verdaderas,VERB,protestar,11
1,Verdaderas,VERB,paralizar,11
1,Verdaderas,VERB,guardar,11
1,Verdaderas,VERB,tumbar,11
1,Verdaderas,VERB,ceder,11
1,Verdaderas,VERB,abogar,11
1,Verdaderas,VERB,constatar,11
1,Verdaderas,VERB,derogar,11
1,Verdaderas,VERB,anular,11
1,Verdaderas,VERB,prohíbir,11
1,Verdaderas,VERB,narrar,11
1,Verdaderas,VERB,demandar,11
1,Verdaderas,VERB,revalidar,11
1,Verdaderas,VERB,extender,11
1,Verdaderas,VERB,plantar,11
1,Verdaderas,VERB,reflexionar,11
1,Verdaderas,VERB,entrevistar,11
1,Verdaderas,VERB,reactivar,11
1,Verdaderas,VERB,brindar,11
1,Verdaderas,VERB,conducir,11
1,Verdaderas,VERB,conformar,11
1,Verdaderas,VERB,procesar,11
1,Verdaderas,VERB,designar,11
1,Verdaderas,VERB,carecer,11
1,Verdaderas,VERB,consultar,11
1,Verdaderas,VERB,abrazar,11
1,Verdaderas,VERB,implementar,11
1,Verdaderas,VERB,interesar,11
1,Verdaderas,VERB,comprender,11
1,Verdaderas,VERB,interpretar,11
1,Verdaderas,VERB,explotar,11
1,Verdaderas,VERB,padecer,11
1,Verdaderas,VERB,decir él,11
1,Verdaderas,VERB,presionar,10
1,Verdaderas,VERB,evidenciar,10
1,Verdaderas,VERB,remitir,10
1,Verdaderas,VERB,prestar,10
1,Verdaderas,VERB,reformar,10
1,Verdaderas,VERB,sonar,10
1,Verdaderas,VERB,encargar,10
1,Verdaderas,VERB,prosperar,10
1,Verdaderas,VERB,regular,10
1,Verdaderas,VERB,emprender,10
1,Verdaderas,VERB,saltar,10
1,Verdaderas,VERB,cesar,10
1,Verdaderas,VERB,sacar él,10
1,Verdaderas,VERB,desplegar,10
1,Verdaderas,VERB,donar,10
1,Verdaderas,VERB,solucionar,10
1,Verdaderas,VERB,convencer,10
1,Verdaderas,VERB,normalizar,10
1,Verdaderas,VERB,dudar,10
1,Verdaderas,VERB,presumir,10
1,Verdaderas,VERB,disputar,10
1,Verdaderas,VERB,agravar,10
1,Verdaderas,VERB,derrotar,10
1,Verdaderas,VERB,esconder,10
1,Verdaderas,VERB,vetar,10
1,Verdaderas,VERB,vencer,10
1,Verdaderas,VERB,rodear,10
1,Verdaderas,VERB,intensificar,10
1,Verdaderas,VERB,preferir,10
1,Verdaderas,VERB,tender,10
1,Verdaderas,VERB,consistir,10
1,Verdaderas,VERB,robar,10
1,Verdaderas,VERB,opinar,10
1,Verdaderas,VERB,destruir,10
1,Verdaderas,VERB,disminuir,10
1,Verdaderas,VERB,capturar,10
1,Verdaderas,VERB,llorar,10
1,Verdaderas,VERB,encontrar él,10
1,Verdaderas,VERB,rectificar,9
1,Verdaderas,VERB,absolver,9
1,Verdaderas,VERB,repartir,9
1,Verdaderas,VERB,apurar,9
1,Verdaderas,VERB,censurar,9
1,Verdaderas,VERB,referir él,9
1,Verdaderas,VERB,revertir,9
1,Verdaderas,VERB,dictar,9
1,Verdaderas,VERB,favorecer,9
1,Verdaderas,VERB,archivar,9
1,Verdaderas,VERB,precisar,9
1,Verdaderas,VERB,localizar,9
1,Verdaderas,VERB,exhumar,9
1,Verdaderas,VERB,aplazar,9
1,Verdaderas,VERB,provenir,9
1,Verdaderas,VERB,agotar,9
1,Verdaderas,VERB,huir,9
1,Verdaderas,VERB,coordinar,9
1,Verdaderas,VERB,reiterar,9
1,Verdaderas,VERB,acreditar,9
1,Verdaderas,VERB,complicar,9
1,Verdaderas,VERB,alterar,9
1,Verdaderas,VERB,comparar,9
1,Verdaderas,VERB,agarrar,9
1,Verdaderas,VERB,explorar,9
1,Verdaderas,VERB,sorprender,9
1,Verdaderas,VERB,deportar,9
1,Verdaderas,VERB,distinguir,9
1,Verdaderas,VERB,desear,9
1,Verdaderas,VERB,fortalecer,9
1,Verdaderas,VERB,sentir él,9
1,Verdaderas,VERB,casar,9
1,Verdaderas,VERB,apreciar,8
1,Verdaderas,VERB,reafirmar,8
1,Verdaderas,VERB,sospechar,8
1,Verdaderas,VERB,desbloquear,8
1,Verdaderas,VERB,practicar,8
1,Verdaderas,VERB,incumplir,8
1,Verdaderas,VERB,replicar,8
1,Verdaderas,VERB,torturar,8
1,Verdaderas,VERB,convivir,8
1,Verdaderas,VERB,circular,8
1,Verdaderas,VERB,bastar,8
1,Verdaderas,VERB,llevar él,8
1,Verdaderas,VERB,enterrar,8
1,Verdaderas,VERB,indemnizar,8
1,Verdaderas,VERB,augurar,8
1,Verdaderas,VERB,situar él,8
1,Verdaderas,VERB,ignorar,8
1,Verdaderas,VERB,abusar,8
1,Verdaderas,VERB,enseñar,8
1,Verdaderas,VERB,apartar,8
1,Verdaderas,VERB,conversar,8
1,Verdaderas,VERB,llenar,8
1,Verdaderas,VERB,tejer,8
1,Verdaderas,VERB,bloquear,8
1,Verdaderas,VERB,aliviar,8
1,Verdaderas,VERB,partir,8
1,Verdaderas,VERB,movilizar,8
1,Verdaderas,VERB,resaltar,8
1,Verdaderas,VERB,enmarcar,8
1,Verdaderas,VERB,animar,8
1,Verdaderas,VERB,proyectar,8
1,Verdaderas,VERB,escoger,8
1,Verdaderas,VERB,forzar,8
1,Verdaderas,VERB,combinar,8
1,Verdaderas,VERB,prevenir,8
1,Verdaderas,VERB,dormir,8
1,Verdaderas,VERB,ascender,8
1,Verdaderas,VERB,restablecer,8
1,Verdaderas,VERB,tachar,8
1,Verdaderas,VERB,quedar él,8
1,Verdaderas,VERB,administrar,8
1,Verdaderas,VERB,abarcar,8
1,Verdaderas,VERB,amar,8
1,Verdaderas,VERB,contactar,8
1,Verdaderas,VERB,predecir,8
1,Verdaderas,VERB,sismos,8
1,Verdaderas,VERB,derrumbar,8
1,Verdaderas,VERB,instruir,7
1,Verdaderas,VERB,excluir,7
1,Verdaderas,VERB,desmarcar,7
1,Verdaderas,VERB,jurar,7
1,Verdaderas,VERB,pintar,7
1,Verdaderas,VERB,remontar,7
1,Verdaderas,VERB,contrastar,7
1,Verdaderas,VERB,fallar,7
1,Verdaderas,VERB,conmemorar,7
1,Verdaderas,VERB,incidir,7
1,Verdaderas,VERB,actualizar,7
1,Verdaderas,VERB,reprochar,7
1,Verdaderas,VERB,sancionar,7
1,Verdaderas,VERB,condicionar,7
1,Verdaderas,VERB,concretar,7
1,Verdaderas,VERB,resumir,7
1,Verdaderas,VERB,materializar,7
1,Verdaderas,VERB,abstener,7
1,Verdaderas,VERB,encarar,7
1,Verdaderas,VERB,variar,7
1,Verdaderas,VERB,canalizar,7
1,Verdaderas,VERB,manejar,7
1,Verdaderas,VERB,espiar,7
1,Verdaderas,VERB,retener,7
1,Verdaderas,VERB,conocer él,7
1,Verdaderas,VERB,confesar,7
1,Verdaderas,VERB,incorporar,7
1,Verdaderas,VERB,pesar,7
1,Verdaderas,VERB,endurecer,7
1,Verdaderas,VERB,dificultar,7
1,Verdaderas,VERB,basar,7
1,Verdaderas,VERB,posponer,7
1,Verdaderas,VERB,sembrar,7
1,Verdaderas,VERB,finalizar,7
1,Verdaderas,VERB,desplomar,7
1,Verdaderas,VERB,despejar,7
1,Verdaderas,VERB,exceder,7
1,Verdaderas,VERB,rondar,7
1,Verdaderas,VERB,ser,7
1,Verdaderas,VERB,incrementar,7
1,Verdaderas,VERB,ubicar,7
1,Verdaderas,VERB,volar,7
1,Verdaderas,VERB,remover,7
1,Verdaderas,VERB,residir,6
1,Verdaderas,VERB,cifrar,6
1,Verdaderas,VERB,poseer,6
1,Verdaderas,VERB,afear,6
1,Verdaderas,VERB,desembarcar,6
1,Verdaderas,VERB,pronunciar él,6
1,Verdaderas,VERB,arremetir,6
1,Verdaderas,VERB,debilitar,6
1,Verdaderas,VERB,prorrogar,6
1,Verdaderas,VERB,comportar,6
1,Verdaderas,VERB,matizar,6
1,Verdaderas,VERB,recortar,6
1,Verdaderas,VERB,mentir,6
1,Verdaderas,VERB,dictaminar,6
1,Verdaderas,VERB,adaptar él,6
1,Verdaderas,VERB,cancelar,6
1,Verdaderas,VERB,fundar,6
1,Verdaderas,VERB,reabrir,6
1,Verdaderas,VERB,querellar,6
1,Verdaderas,VERB,enterar,6
1,Verdaderas,VERB,contradizar,6
1,Verdaderas,VERB,completar,6
1,Verdaderas,VERB,gastar,6
1,Verdaderas,VERB,formalizar,6
1,Verdaderas,VERB,discutir,6
1,Verdaderas,VERB,tardar,6
1,Verdaderas,VERB,distribuir,6
1,Verdaderas,VERB,desmentir,6
1,Verdaderas,VERB,cedar,6
1,Verdaderas,VERB,despedir,6
1,Verdaderas,VERB,eludir,6
1,Verdaderas,VERB,homenajear,6
1,Verdaderas,VERB,defender él,6
1,Verdaderas,VERB,datar,6
1,Verdaderas,VERB,contestar,6
1,Verdaderas,VERB,castigar,6
1,Verdaderas,VERB,montar,6
1,Verdaderas,VERB,reaccionar,6
1,Verdaderas,VERB,inaugurar,6
1,Verdaderas,VERB,ayuso,6
1,Verdaderas,VERB,recalcar,6
1,Verdaderas,VERB,dañar,6
1,Verdaderas,VERB,equivocar,6
1,Verdaderas,VERB,cortar,6
1,Verdaderas,VERB,descender,6
1,Verdaderas,VERB,albergar,6
1,Verdaderas,VERB,inventar,6
1,Verdaderas,VERB,detallar,6
1,Verdaderas,VERB,aguantar,6
1,Verdaderas,VERB,carguir,6
1,Verdaderas,VERB,cuidar,6
1,Verdaderas,VERB,desmontar,6
1,Verdaderas,VERB,enfatizar,6
1,Verdaderas,VERB,mitigar,6
1,Verdaderas,VERB,inhabilitar,6
1,Verdaderas,VERB,desprender,6
1,Verdaderas,VERB,decretar,6
1,Verdaderas,VERB,interrumpir,6
1,Verdaderas,VERB,diseñar,6
1,Verdaderas,VERB,legalizar,6
1,Verdaderas,VERB,encantar,6
1,Verdaderas,VERB,proporcionar,6
1,Verdaderas,VERB,basar él,6
1,Verdaderas,VERB,bautizar,6
1,Verdaderas,VERB,postular,6
1,Verdaderas,VERB,tragar,6
1,Verdaderas,VERB,exportar,6
1,Verdaderas,VERB,verificar,6
1,Verdaderas,VERB,traducir,6
1,Verdaderas,VERB,persistir,6
1,Verdaderas,VERB,reseñar,6
1,Verdaderas,VERB,reparar,6
1,Verdaderas,VERB,fingir,6
1,Verdaderas,VERB,emigrar,6
1,Verdaderas,VERB,ultramar,6
1,Verdaderas,VERB,casar él,6
1,Verdaderas,VERB,supervisar,6
1,Verdaderas,VERB,propagar,6
1,Verdaderas,VERB,colar,5
1,Verdaderas,VERB,gozar,5
1,Verdaderas,VERB,arrastrar,5
1,Verdaderas,VERB,retratar,5
1,Verdaderas,VERB,alargar,5
1,Verdaderas,VERB,llamar él,5
1,Verdaderas,VERB,deroguir,5
1,Verdaderas,VERB,desgastar,5
1,Verdaderas,VERB,interponer,5
1,Verdaderas,VERB,esclarecer,5
1,Verdaderas,VERB,tapar,5
1,Verdaderas,VERB,amnistir,5
1,Verdaderas,VERB,abonar,5
1,Verdaderas,VERB,articular,5
1,Verdaderas,VERB,fomentar,5
1,Verdaderas,VERB,indultar,5
1,Verdaderas,VERB,incurrir,5
1,Verdaderas,VERB,vacunar,5
1,Verdaderas,VERB,borrar,5
1,Verdaderas,VERB,comunicar él,5
1,Verdaderas,VERB,doblar,5
1,Verdaderas,VERB,impugnar,5
1,Verdaderas,VERB,apoyar él,5
1,Verdaderas,VERB,pegar,5
1,Verdaderas,VERB,barajar,5
1,Verdaderas,VERB,saludar,5
1,Verdaderas,VERB,emplazar,5
1,Verdaderas,VERB,desviar,5
1,Verdaderas,VERB,indagar,5
1,Verdaderas,VERB,agrupar,5
1,Verdaderas,VERB,recaudar,5
1,Verdaderas,VERB,aconsejar,5
1,Verdaderas,VERB,infiltrar,5
1,Verdaderas,VERB,congregar,5
1,Verdaderas,VERB,exponer,5
1,Verdaderas,VERB,suscribir,5
1,Verdaderas,VERB,mostrar él,5
1,Verdaderas,VERB,redoblar,5
1,Verdaderas,VERB,exlíder,5
1,Verdaderas,VERB,callar,5
1,Verdaderas,VERB,ir él,5
1,Verdaderas,VERB,deslizar,5
1,Verdaderas,VERB,inclinar,5
1,Verdaderas,VERB,distanciar,5
1,Verdaderas,VERB,investir,5
1,Verdaderas,VERB,retrasar,5
1,Verdaderas,VERB,tirar,5
1,Verdaderas,VERB,rozar,5
1,Verdaderas,VERB,quitar él,5
1,Verdaderas,VERB,denegar,5
1,Verdaderas,VERB,aferrir,5
1,Verdaderas,VERB,instrumentalizar,5
1,Verdaderas,VERB,recomendar,5
1,Verdaderas,VERB,irrumpir,5
1,Verdaderas,VERB,esquivar,5
1,Verdaderas,VERB,colgar,5
1,Verdaderas,VERB,repasar,5
1,Verdaderas,VERB,desvincular,5
1,Verdaderas,VERB,aplaudir,5
1,Verdaderas,VERB,examinar,5
1,Verdaderas,VERB,aludir,5
1,Verdaderas,VERB,asociar,5
1,Verdaderas,VERB,marchar,5
1,Verdaderas,VERB,demorar,5
1,Verdaderas,VERB,dominar,5
1,Verdaderas,VERB,empeorar,5
1,Verdaderas,VERB,sentenciar,5
1,Verdaderas,VERB,transmitir,5
1,Verdaderas,VERB,cantar,5
1,Verdaderas,VERB,redactar,5
1,Verdaderas,VERB,mudar,5
1,Verdaderas,VERB,dejar él,5
1,Verdaderas,VERB,aguardar,5
1,Verdaderas,VERB,desmantelar,5
1,Verdaderas,VERB,rezar,5
1,Verdaderas,VERB,regir,5
1,Verdaderas,VERB,caber,5
1,Verdaderas,VERB,retroceder,5
1,Verdaderas,VERB,arrojar,5
1,Verdaderas,VERB,apropiar él,5
1,Verdaderas,VERB,empujar,5
1,Verdaderas,VERB,transcurrir,5
1,Verdaderas,VERB,probar,5
1,Verdaderas,VERB,calcular,5
1,Verdaderas,VERB,juntar,5
1,Verdaderas,VERB,incentivar,5
1,Verdaderas,VERB,multiplicar,5
1,Verdaderas,VERB,viví,5
1,Verdaderas,VERB,abrir él,5
1,Verdaderas,VERB,restaurar,5
1,Verdaderas,VERB,liberar él,5
1,Verdaderas,VERB,vengar,5
1,Verdaderas,VERB,notar,5
1,Verdaderas,VERB,filtrar,5
1,Verdaderas,VERB,alzar,5
1,Verdaderas,VERB,concebir,5
1,Verdaderas,VERB,secuestrar,5
1,Verdaderas,VERB,allanar,5
1,Verdaderas,VERB,contraer,5
1,Verdaderas,VERB,originar,5
1,Verdaderas,VERB,utilizar él,5
1,Verdaderas,VERB,recuperar él,5
1,Verdaderas,VERB,cultivar,5
1,Verdaderas,VERB,ves,5
1,Verdaderas,VERB,transitar,5
1,Verdaderas,VERB,excavar,5
1,Verdaderas,VERB,achacar,4
1,Verdaderas,VERB,tildar,4
1,Verdaderas,VERB,empeñar,4
1,Verdaderas,VERB,copiar,4
1,Verdaderas,VERB,tolerar,4
1,Verdaderas,VERB,componer,4
1,Verdaderas,VERB,velar,4
1,Verdaderas,VERB,regalar,4
1,Verdaderas,VERB,narangir,4
1,Verdaderas,VERB,equiparar,4
1,Verdaderas,VERB,atentar,4
1,Verdaderas,VERB,aducir,4
1,Verdaderas,VERB,fichar,4
1,Verdaderas,VERB,transferir,4
1,Verdaderas,VERB,someter él,4
1,Verdaderas,VERB,culminar,4
1,Verdaderas,VERB,separar,4
1,Verdaderas,VERB,entender él,4
1,Verdaderas,VERB,arropar,4
1,Verdaderas,VERB,derivar,4
1,Verdaderas,VERB,posicionar,4
1,Verdaderas,VERB,oponer él,4
1,Verdaderas,VERB,restringir,4
1,Verdaderas,VERB,estancar,4
1,Verdaderas,VERB,insultar,4
1,Verdaderas,VERB,restar,4
1,Verdaderas,VERB,regularizar,4
1,Verdaderas,VERB,impartir,4
1,Verdaderas,VERB,relevar,4
1,Verdaderas,VERB,diferenciar,4
1,Verdaderas,VERB,decantar,4
1,Verdaderas,VERB,sobornar,4
1,Verdaderas,VERB,escenificar,4
1,Verdaderas,VERB,dirigir él,4
1,Verdaderas,VERB,despachar,4
1,Verdaderas,VERB,cotizar,4
1,Verdaderas,VERB,haber él,4
1,Verdaderas,VERB,preservar,4
1,Verdaderas,VERB,discrepar,4
1,Verdaderas,VERB,imponer él,4
1,Verdaderas,VERB,constar,4
1,Verdaderas,VERB,esgrimir,4
1,Verdaderas,VERB,pelear,4
1,Verdaderas,VERB,estrenar,4
1,Verdaderas,VERB,arrepientir,4
1,Verdaderas,VERB,desencallar,4
1,Verdaderas,VERB,lavar,4
1,Verdaderas,VERB,documentar,4
1,Verdaderas,VERB,vigilar,4
1,Verdaderas,VERB,corregir,4
1,Verdaderas,VERB,retirar él,4
1,Verdaderas,VERB,enfocar,4
1,Verdaderas,VERB,desafiar,4
1,Verdaderas,VERB,concurrir,4
1,Verdaderas,VERB,escudar,4
1,Verdaderas,VERB,retractar,4
1,Verdaderas,VERB,confluir,4
1,Verdaderas,VERB,adherir,4
1,Verdaderas,VERB,engañar,4
1,Verdaderas,VERB,aliar,4
1,Verdaderas,VERB,elogiar,4
1,Verdaderas,VERB,ilegalizar,4
1,Verdaderas,VERB,reavivar,4
1,Verdaderas,VERB,agredir,4
1,Verdaderas,VERB,trascender,4
1,Verdaderas,VERB,incitar,4
1,Verdaderas,VERB,blanquear,4
1,Verdaderas,VERB,pronosticar,4
1,Verdaderas,VERB,traficar,4
1,Verdaderas,VERB,sonreír,4
1,Verdaderas,VERB,conllevar,4
1,Verdaderas,VERB,recrear,4
1,Verdaderas,VERB,adaptar,4
1,Verdaderas,VERB,reventar,4
1,Verdaderas,VERB,manipular,4
1,Verdaderas,VERB,calmar,4
1,Verdaderas,VERB,burlar,4
1,Verdaderas,VERB,quebrar,4
1,Verdaderas,VERB,calar,4
1,Verdaderas,VERB,lidiar,4
1,Verdaderas,VERB,salvaguardar,4
1,Verdaderas,VERB,adjudicar,4
1,Verdaderas,VERB,fusilar,4
1,Verdaderas,VERB,molestar,4
1,Verdaderas,VERB,minimizar,4
1,Verdaderas,VERB,soportar,4
1,Verdaderas,VERB,suministrar,4
1,Verdaderas,VERB,reanudar,4
1,Verdaderas,VERB,desobedecer,4
1,Verdaderas,VERB,euroordir,4
1,Verdaderas,VERB,unir él,4
1,Verdaderas,VERB,sostener él,4
1,Verdaderas,VERB,acoger él,4
1,Verdaderas,VERB,pisar,4
1,Verdaderas,VERB,consolidar él,4
1,Verdaderas,VERB,recabar,4
1,Verdaderas,VERB,activar,4
1,Verdaderas,VERB,aseverar,4
1,Verdaderas,VERB,producir él,4
1,Verdaderas,VERB,soltar,4
1,Verdaderas,VERB,especificar,4
1,Verdaderas,VERB,honrar,4
1,Verdaderas,VERB,cambiar él,4
1,Verdaderas,VERB,reaparecer,4
1,Verdaderas,VERB,extrañar,4
1,Verdaderas,VERB,recopilar,4
1,Verdaderas,VERB,habitar,4
1,Verdaderas,VERB,aclar,4
1,Verdaderas,VERB,postular él,4
1,Verdaderas,VERB,destituir,4
1,Verdaderas,VERB,profundizar,4
1,Verdaderas,VERB,encarnar,4
1,Verdaderas,VERB,relacionar,4
1,Verdaderas,VERB,averiguar,4
1,Verdaderas,VERB,moldear,4
1,Verdaderas,VERB,denominar,4
1,Verdaderas,VERB,usamos,4
1,Verdaderas,VERB,traducir él,4
1,Verdaderas,VERB,compar,4
1,Verdaderas,VERB,evadir,4
1,Verdaderas,VERB,desplazar él,4
1,Verdaderas,VERB,odiar,4
1,Verdaderas,VERB,mover él,4
1,Verdaderas,VERB,marchar él,4
1,Verdaderas,VERB,reunierar,4
1,Verdaderas,VERB,descansar,4
1,Verdaderas,VERB,simbolizar,4
1,Verdaderas,VERB,oscilar,4
1,Verdaderas,VERB,ser él,4
1,Verdaderas,VERB,monitorear,4
1,Verdaderas,VERB,evolucionar,4
1,Verdaderas,VERB,buscar él,4
1,Verdaderas,VERB,invocar,4
1,Verdaderas,VERB,asignar,4
1,Verdaderas,VERB,esposar,4
1,Verdaderas,VERB,encerrar,4
1,Verdaderas,VERB,extraditar,4
1,Verdaderas,VERB,extraer,4
1,Verdaderas,VERB,pensábir,4
1,Verdaderas,VERB,detener él,4
1,Verdaderas,VERB,ilustrar,4
1,Verdaderas,VERB,divulgar,4
1,Verdaderas,VERB,ayudar él,4
1,Verdaderas,VERB,agudizar,4
1,Verdaderas,VERB,criar,4
1,Verdaderas,VERB,equivaler,4
1,Verdaderas,VERB,hacer yo,4
1,Verdaderas,VERB,visibilizar,4
1,Verdaderas,VERB,proseguir,4
1,Verdaderas,VERB,erosionar,4
1,Verdaderas,VERB,azucarerar,4
1,Verdaderas,VERB,insumos,4
1,Verdaderas,VERB,sustentar,4
1,Verdaderas,VERB,devastar,4
1,Verdaderas,VERB,seleccionar,4
1,Verdaderas,VERB,inspirar,3
1,Verdaderas,VERB,rebatir,3
1,Verdaderas,VERB,culpar,3
1,Verdaderas,VERB,vaticinar,3
1,Verdaderas,VERB,consentir,3
1,Verdaderas,VERB,valer,3
1,Verdaderas,VERB,recordar él,3
1,Verdaderas,VERB,trasladar él,3
1,Verdaderas,VERB,quejar,3
1,Verdaderas,VERB,considerar él,3
1,Verdaderas,VERB,desproporcionar,3
1,Verdaderas,VERB,sumir,3
1,Verdaderas,VERB,afianzar,3
1,Verdaderas,VERB,quedarir,3
1,Verdaderas,VERB,apresurar,3
1,Verdaderas,VERB,apruer,3
1,Verdaderas,VERB,inyectar,3
1,Verdaderas,VERB,compitar,3
1,Verdaderas,VERB,potenciar,3
1,Verdaderas,VERB,irrumpe,3
1,Verdaderas,VERB,omiteír,3
1,Verdaderas,VERB,aparcar,3
1,Verdaderas,VERB,suprimir,3
1,Verdaderas,VERB,obviar,3
1,Verdaderas,VERB,acertar,3
1,Verdaderas,VERB,enarbolar,3
1,Verdaderas,VERB,chocar,3
1,Verdaderas,VERB,ultimar,3
1,Verdaderas,VERB,abroncar,3
1,Verdaderas,VERB,anticipar,3
1,Verdaderas,VERB,preparar él,3
1,Verdaderas,VERB,aprovechar él,3
1,Verdaderas,VERB,trazar,3
1,Verdaderas,VERB,curar,3
1,Verdaderas,VERB,motivar,3
1,Verdaderas,VERB,aislar,3
1,Verdaderas,VERB,aferrar,3
1,Verdaderas,VERB,publicar él,3
1,Verdaderas,VERB,traicionar,3
1,Verdaderas,VERB,desaprovechar,3
1,Verdaderas,VERB,limpiar,3
1,Verdaderas,VERB,penalizar,3
1,Verdaderas,VERB,besar,3
1,Verdaderas,VERB,frenir,3
1,Verdaderas,VERB,despertar,3
1,Verdaderas,VERB,tomar él,3
1,Verdaderas,VERB,fiscalizar,3
1,Verdaderas,VERB,privatizar,3
1,Verdaderas,VERB,blindir,3
1,Verdaderas,VERB,financiar él,3
1,Verdaderas,VERB,plasmar,3
1,Verdaderas,VERB,recriminar,3
1,Verdaderas,VERB,llamir,3
1,Verdaderas,VERB,consensuar,3
1,Verdaderas,VERB,hablar él,3
1,Verdaderas,VERB,falsificar,3
1,Verdaderas,VERB,sumar él,3
1,Verdaderas,VERB,simular,3
1,Verdaderas,VERB,reprobar,3
1,Verdaderas,VERB,disolver,3
1,Verdaderas,VERB,desbordar,3
1,Verdaderas,VERB,ostentar,3
1,Verdaderas,VERB,alar,3
1,Verdaderas,VERB,entonar,3
1,Verdaderas,VERB,excusar,3
1,Verdaderas,VERB,remarcar,3
1,Verdaderas,VERB,criminalizar,3
1,Verdaderas,VERB,corretear,3
1,Verdaderas,VERB,defraudar,3
1,Verdaderas,VERB,desautorizar,3
1,Verdaderas,VERB,encender,3
1,Verdaderas,VERB,desatar,3
1,Verdaderas,VERB,librar,3
1,Verdaderas,VERB,colar él,3
1,Verdaderas,VERB,perpetrar,3
1,Verdaderas,VERB,acostumbrar,3
1,Verdaderas,VERB,refugiar él,3
1,Verdaderas,VERB,espetar,3
1,Verdaderas,VERB,preceder,3
1,Verdaderas,VERB,apagar,3
1,Verdaderas,VERB,estallar,3
1,Verdaderas,VERB,aprobar él,3
1,Verdaderas,VERB,paliar,3
1,Verdaderas,VERB,encajar,3
1,Verdaderas,VERB,reinar,3
1,Verdaderas,VERB,erradicar,3
1,Verdaderas,VERB,perpetuar,3
1,Verdaderas,VERB,complementar,3
1,Verdaderas,VERB,interrogar,3
1,Verdaderas,VERB,reemplazar,3
1,Verdaderas,VERB,maniobrar,3
1,Verdaderas,VERB,testificar,3
1,Verdaderas,VERB,pasar él,3
1,Verdaderas,VERB,acorralar,3
1,Verdaderas,VERB,agilizar,3
1,Verdaderas,VERB,formular,3
1,Verdaderas,VERB,rechacir,3
1,Verdaderas,VERB,informar él,3
1,Verdaderas,VERB,frustrar,3
1,Verdaderas,VERB,parar él,3
1,Verdaderas,VERB,priorizar,3
1,Verdaderas,VERB,respirar,3
1,Verdaderas,VERB,negar él,3
1,Verdaderas,VERB,evitar él,3
1,Verdaderas,VERB,armar,3
1,Verdaderas,VERB,ajustar,3
1,Verdaderas,VERB,modernizar,3
1,Verdaderas,VERB,diferenciar él,3
1,Verdaderas,VERB,hundir,3
1,Verdaderas,VERB,repercutir,3
1,Verdaderas,VERB,alentar,3
1,Verdaderas,VERB,yacer,3
1,Verdaderas,VERB,aparentar,3
1,Verdaderas,VERB,reconocer él,3
1,Verdaderas,VERB,encomendar,3
1,Verdaderas,VERB,arreglar,3
1,Verdaderas,VERB,desalojar,3
1,Verdaderas,VERB,recaer,3
1,Verdaderas,VERB,ganar él,3
1,Verdaderas,VERB,alternar,3
1,Verdaderas,VERB,distraer,3
1,Verdaderas,VERB,clausurar,3
1,Verdaderas,VERB,pagar él,3
1,Verdaderas,VERB,confirmar él,3
1,Verdaderas,VERB,instaurar,3
1,Verdaderas,VERB,comercializar,3
1,Verdaderas,VERB,expropiar,3
1,Verdaderas,VERB,salpicar,3
1,Verdaderas,VERB,volver él,3
1,Verdaderas,VERB,obsesionar,3
1,Verdaderas,VERB,complacer,3
1,Verdaderas,VERB,catalogar,3
1,Verdaderas,VERB,orientar,3
1,Verdaderas,VERB,endeudar él,3
1,Verdaderas,VERB,beber,3
1,Verdaderas,VERB,andar,3
1,Verdaderas,VERB,depositar,3
1,Verdaderas,VERB,paramilitar,3
1,Verdaderas,VERB,azotar,3
1,Verdaderas,VERB,reubicar,3
1,Verdaderas,VERB,perdurar,3
1,Verdaderas,VERB,beneficiar él,3
1,Verdaderas,VERB,deshacer él,3
1,Verdaderas,VERB,anotar,3
1,Verdaderas,VERB,imaginar él,3
1,Verdaderas,VERB,preguntar él,3
1,Verdaderas,VERB,doler,3
1,Verdaderas,VERB,preescolar,3
1,Verdaderas,VERB,resguardar,3
1,Verdaderas,VERB,clasificar,3
1,Verdaderas,VERB,traigar,3
1,Verdaderas,VERB,amplificar,3
1,Verdaderas,VERB,sintierar,3
1,Verdaderas,VERB,intercambiar,3
1,Verdaderas,VERB,botar,3
1,Verdaderas,VERB,permitir él,3
1,Verdaderas,VERB,incursionar,3
1,Verdaderas,VERB,estructurar,3
1,Verdaderas,VERB,extender él,3
1,Verdaderas,VERB,abastecer,3
1,Verdaderas,VERB,girar,3
1,Verdaderas,VERB,pandil él,3
1,Verdaderas,VERB,impusierar,3
1,Verdaderas,VERB,conquistar,3
1,Verdaderas,VERB,operir,3
1,Verdaderas,VERB,embarcar,3
1,Verdaderas,VERB,asegurar él,3
1,Verdaderas,VERB,hayas,3
1,Verdaderas,VERB,duermen,3
1,Verdaderas,VERB,jalar,3
1,Verdaderas,VERB,centrar él,3
1,Verdaderas,VERB,reclutar,3
1,Verdaderas,VERB,dron,3
1,Verdaderas,VERB,garantizar él,3
1,Verdaderas,VERB,estabilizar,3
1,Verdaderas,VERB,tecladistar,3
1,Verdaderas,VERB,entrever,3
1,Verdaderas,VERB,vender él,3
1,Verdaderas,VERB,permitierar,3
1,Verdaderas,VERB,rematar,3
1,Verdaderas,VERB,habilitar,3
1,Verdaderas,VERB,bañar,3
1,Verdaderas,VERB,extraer él,3
1,Verdaderas,VERB,veíar,3
1,Verdaderas,VERB,tem,3
1,Verdaderas,VERB,meter él,3
1,Verdaderas,VERB,quieras,3
1,Verdaderas,VERB,reencontrar,3
1,Verdaderas,VERB,inferir,3
1,Verdaderas,VERB,imaginer,3
1,Verdaderas,VERB,cubrir él,3
1,Verdaderas,VERB,sujetar él,3
1,Verdaderas,VERB,bésamir,3
1,Verdaderas,VERB,crio,3
1,Verdaderas,VERB,outsider,3
1,Verdaderas,VERB,permita,2
1,Verdaderas,VERB,desatascar,2
1,Verdaderas,VERB,desencadenar,2
1,Verdaderas,VERB,dividir él,2
1,Verdaderas,VERB,boicotear,2
1,Verdaderas,VERB,inadmitar,2
1,Verdaderas,VERB,alabar,2
1,Verdaderas,VERB,converger,2
1,Verdaderas,VERB,asesorar,2
1,Verdaderas,VERB,implantar,2
1,Verdaderas,VERB,progresar,2
1,Verdaderas,VERB,gravar,2
1,Verdaderas,VERB,conseguir él,2
1,Verdaderas,VERB,acatar,2
1,Verdaderas,VERB,requisar,2
1,Verdaderas,VERB,ómicron,2
1,Verdaderas,VERB,dotar,2
1,Verdaderas,VERB,primar,2
1,Verdaderas,VERB,desestima,2
1,Verdaderas,VERB,ausentar,2
1,Verdaderas,VERB,delimitar,2
1,Verdaderas,VERB,absuelir,2
1,Verdaderas,VERB,acosar,2
1,Verdaderas,VERB,insinuar,2
1,Verdaderas,VERB,tuviérir,2
1,Verdaderas,VERB,dedicar él,2
1,Verdaderas,VERB,perfilar,2
1,Verdaderas,VERB,tantear,2
1,Verdaderas,VERB,abocar,2
1,Verdaderas,VERB,agitar,2
1,Verdaderas,VERB,revindicar,2
1,Verdaderas,VERB,postulacer,2
1,Verdaderas,VERB,desoyar,2
1,Verdaderas,VERB,decantar él,2
1,Verdaderas,VERB,pionera,2
1,Verdaderas,VERB,indignar,2
1,Verdaderas,VERB,custodiar,2
1,Verdaderas,VERB,vivar,2
1,Verdaderas,VERB,amnistiar,2
1,Verdaderas,VERB,alcanzar él,2
1,Verdaderas,VERB,suspendar,2
1,Verdaderas,VERB,propiciar,2
1,Verdaderas,VERB,descolgar,2
1,Verdaderas,VERB,sufragar,2
1,Verdaderas,VERB,quedar yo,2
1,Verdaderas,VERB,debutar,2
1,Verdaderas,VERB,mudar él,2
1,Verdaderas,VERB,inflar,2
1,Verdaderas,VERB,enredar,2
1,Verdaderas,VERB,suavizar,2
1,Verdaderas,VERB,charlar,2
1,Verdaderas,VERB,sincerar,2
1,Verdaderas,VERB,reproducir,2
1,Verdaderas,VERB,recuperan,2
1,Verdaderas,VERB,apretar,2
1,Verdaderas,VERB,trasladarir,2
1,Verdaderas,VERB,cumplir él,2
1,Verdaderas,VERB,vistar,2
1,Verdaderas,VERB,privilegiar,2
1,Verdaderas,VERB,citar él,2
1,Verdaderas,VERB,acercar él,2
1,Verdaderas,VERB,compaginar,2
1,Verdaderas,VERB,manifestar él,2
1,Verdaderas,VERB,vacunar él,2
1,Verdaderas,VERB,reposar,2
1,Verdaderas,VERB,desmarcar él,2
1,Verdaderas,VERB,captar,2
1,Verdaderas,VERB,fabricar,2
1,Verdaderas,VERB,atizar,2
1,Verdaderas,VERB,decaer,2
1,Verdaderas,VERB,declinar,2
1,Verdaderas,VERB,readmitir,2
1,Verdaderas,VERB,duplicar,2
1,Verdaderas,VERB,desmarcir,2
1,Verdaderas,VERB,enriquecer él,2
1,Verdaderas,VERB,programar,2
1,Verdaderas,VERB,obtendrir,2
1,Verdaderas,VERB,blindar,2
1,Verdaderas,VERB,ensalzar,2
1,Verdaderas,VERB,renegar,2
1,Verdaderas,VERB,vincular él,2
1,Verdaderas,VERB,derribó,2
1,Verdaderas,VERB,lucró,2
1,Verdaderas,VERB,expedientar,2
1,Verdaderas,VERB,dirimir,2
1,Verdaderas,VERB,solventar,2
1,Verdaderas,VERB,reprogramar,2
1,Verdaderas,VERB,comiencir,2
1,Verdaderas,VERB,administrar él,2
1,Verdaderas,VERB,mediar,2
1,Verdaderas,VERB,dibujar,2
1,Verdaderas,VERB,traspasar,2
1,Verdaderas,VERB,encauzar,2
1,Verdaderas,VERB,percir,2
1,Verdaderas,VERB,amordazar,2
1,Verdaderas,VERB,aventurar,2
1,Verdaderas,VERB,asomar,2
1,Verdaderas,VERB,filmar,2
1,Verdaderas,VERB,asaltar,2
1,Verdaderas,VERB,congelar,2
1,Verdaderas,VERB,tratar él,2
1,Verdaderas,VERB,distanciar él,2
1,Verdaderas,VERB,vaciar,2
1,Verdaderas,VERB,afirmar él,2
1,Verdaderas,VERB,dilapidar,2
1,Verdaderas,VERB,acudar,2
1,Verdaderas,VERB,atiendar,2
1,Verdaderas,VERB,ovacionar,2
1,Verdaderas,VERB,computar,2
1,Verdaderas,VERB,interrumpar,2
1,Verdaderas,VERB,impugnacer,2
1,Verdaderas,VERB,enaltecer,2
1,Verdaderas,VERB,entrenar,2
1,Verdaderas,VERB,registrar él,2
1,Verdaderas,VERB,zanjar,2
1,Verdaderas,VERB,abaratar,2
1,Verdaderas,VERB,televisar,2
1,Verdaderas,VERB,diésel,2
1,Verdaderas,VERB,emular,2
1,Verdaderas,VERB,cuente,2
1,Verdaderas,VERB,volcar,2
1,Verdaderas,VERB,reeditar,2
1,Verdaderas,VERB,rememorar,2
1,Verdaderas,VERB,posar,2
1,Verdaderas,VERB,ultima,2
1,Verdaderas,VERB,ensanchar,2
1,Verdaderas,VERB,homologar,2
1,Verdaderas,VERB,desembocar,2
1,Verdaderas,VERB,cenar,2
1,Verdaderas,VERB,debatar,2
1,Verdaderas,VERB,alquilar,2
1,Verdaderas,VERB,contentar,2
1,Verdaderas,VERB,promocionar,2
1,Verdaderas,VERB,asentar él,2
1,Verdaderas,VERB,apremiar,2
1,Verdaderas,VERB,vestir,2
1,Verdaderas,VERB,saldar,2
1,Verdaderas,VERB,premiar,2
1,Verdaderas,VERB,interferir,2
1,Verdaderas,VERB,inhumar,2
1,Verdaderas,VERB,secundar,2
1,Verdaderas,VERB,cristalizar,2
1,Verdaderas,VERB,confinar,2
1,Verdaderas,VERB,enzarzar,2
1,Verdaderas,VERB,tensionar,2
1,Verdaderas,VERB,soplar,2
1,Verdaderas,VERB,adscritar,2
1,Verdaderas,VERB,relanzar,2
1,Verdaderas,VERB,aplicar él,2
1,Verdaderas,VERB,multar,2
1,Verdaderas,VERB,desahuciar,2
1,Verdaderas,VERB,focalizar,2
1,Verdaderas,VERB,orillar,2
1,Verdaderas,VERB,facturar,2
1,Verdaderas,VERB,incorporar él,2
1,Verdaderas,VERB,desactivar,2
1,Verdaderas,VERB,inscribir,2
1,Verdaderas,VERB,sentar él,2
1,Verdaderas,VERB,regañar,2
1,Verdaderas,VERB,atrevar,2
1,Verdaderas,VERB,proveer,2
1,Verdaderas,VERB,encaminar,2
1,Verdaderas,VERB,interpelar,2
1,Verdaderas,VERB,socavar,2
1,Verdaderas,VERB,jactar,2
1,Verdaderas,VERB,der,2
1,Verdaderas,VERB,arremeteír,2
1,Verdaderas,VERB,rehabilitar,2
1,Verdaderas,VERB,feminismos,2
1,Verdaderas,VERB,divorciar él,2
1,Verdaderas,VERB,apaciguar,2
1,Verdaderas,VERB,recaar,2
1,Verdaderas,VERB,emerger,2
1,Verdaderas,VERB,informir,2
1,Verdaderas,VERB,sentar yo,2
1,Verdaderas,VERB,maltratar,2
1,Verdaderas,VERB,gestar él,2
1,Verdaderas,VERB,licenciar,2
1,Verdaderas,VERB,sustituir él,2
1,Verdaderas,VERB,pecar,2
1,Verdaderas,VERB,bailar,2
1,Verdaderas,VERB,banalizar,2
1,Verdaderas,VERB,aber,2
1,Verdaderas,VERB,justificar él,2
1,Verdaderas,VERB,expulsar él,2
1,Verdaderas,VERB,reprendir,2
1,Verdaderas,VERB,avecinar,2
1,Verdaderas,VERB,proclamar,2
1,Verdaderas,VERB,reorganizar,2
1,Verdaderas,VERB,degradar,2
1,Verdaderas,VERB,poner yo,2
1,Verdaderas,VERB,esconder él,2
1,Verdaderas,VERB,razonar,2
1,Verdaderas,VERB,consumar,2
1,Verdaderas,VERB,aliar él,2
1,Verdaderas,VERB,cs,2
1,Verdaderas,VERB,efectuar,2
1,Verdaderas,VERB,bajar él,2
1,Verdaderas,VERB,solicitir,2
1,Verdaderas,VERB,dejar yo,2
1,Verdaderas,VERB,repruebir,2
1,Verdaderas,VERB,derrotar él,2
1,Verdaderas,VERB,acentuar,2
1,Verdaderas,VERB,pusierir,2
1,Verdaderas,VERB,vaya,2
1,Verdaderas,VERB,catapultar,2
1,Verdaderas,VERB,batir,2
1,Verdaderas,VERB,radicar,2
1,Verdaderas,VERB,asemejar,2
1,Verdaderas,VERB,trabajer,2
1,Verdaderas,VERB,disputar él,2
1,Verdaderas,VERB,militar,2
1,Verdaderas,VERB,entusiasmar,2
1,Verdaderas,VERB,rodar,2
1,Verdaderas,VERB,romper él,2
1,Verdaderas,VERB,confundir,2
1,Verdaderas,VERB,cansar,2
1,Verdaderas,VERB,equivalar,2
1,Verdaderas,VERB,extremar,2
1,Verdaderas,VERB,instalar él,2
1,Verdaderas,VERB,bordear,2
1,Verdaderas,VERB,expandir él,2
1,Verdaderas,VERB,imprimir,2
1,Verdaderas,VERB,silenciar,2
1,Verdaderas,VERB,expandir,2
1,Verdaderas,VERB,evocar,2
1,Verdaderas,VERB,incendiar,2
1,Verdaderas,VERB,oir,2
1,Verdaderas,VERB,sumergir él,2
1,Verdaderas,VERB,sujetar,2
1,Verdaderas,VERB,nadar,2
1,Verdaderas,VERB,oer,2
1,Verdaderas,VERB,bar,2
1,Verdaderas,VERB,antiélite,2
1,Verdaderas,VERB,indígenar,2
1,Verdaderas,VERB,refutar,2
1,Verdaderas,VERB,prolonga,2
1,Verdaderas,VERB,encarcelar,2
1,Verdaderas,VERB,sentir yo,2
1,Verdaderas,VERB,asestar,2
1,Verdaderas,VERB,definir él,2
1,Verdaderas,VERB,invadir,2
1,Verdaderas,VERB,guiar,2
1,Verdaderas,VERB,tengar,2
1,Verdaderas,VERB,recomiendir,2
1,Verdaderas,VERB,saber él,2
1,Verdaderas,VERB,confrontar,2
1,Verdaderas,VERB,restituir,2
1,Verdaderas,VERB,comportar él,2
1,Verdaderas,VERB,prestir,2
1,Verdaderas,VERB,convergir,2
1,Verdaderas,VERB,consagrar,2
1,Verdaderas,VERB,presenciar,2
1,Verdaderas,VERB,desgarrar,2
1,Verdaderas,VERB,fracturar,2
1,Verdaderas,VERB,recobrir,2
1,Verdaderas,VERB,derrocar,2
1,Verdaderas,VERB,suicidar,2
1,Verdaderas,VERB,matar él,2
1,Verdaderas,VERB,expandeír,2
1,Verdaderas,VERB,traer él,2
1,Verdaderas,VERB,asociar él,2
1,Verdaderas,VERB,configurar,2
1,Verdaderas,VERB,aterrorizar,2
1,Verdaderas,VERB,acompañar él,2
1,Verdaderas,VERB,agarrar él,2
1,Verdaderas,VERB,deponer,2
1,Verdaderas,VERB,avivar,2
1,Verdaderas,VERB,offshorar,2
1,Verdaderas,VERB,resolver él,2
1,Verdaderas,VERB,pedir él,2
1,Verdaderas,VERB,bombardear,2
1,Verdaderas,VERB,conocí,2
1,Verdaderas,VERB,amedrentar,2
1,Verdaderas,VERB,hacerme,2
1,Verdaderas,VERB,encarecer,2
1,Verdaderas,VERB,usar él,2
1,Verdaderas,VERB,organizar él,2
1,Verdaderas,VERB,impresionar,2
1,Verdaderas,VERB,atrapar,2
1,Verdaderas,VERB,distorsionar,2
1,Verdaderas,VERB,pescar,2
1,Verdaderas,VERB,ocultar él,2
1,Verdaderas,VERB,penetrar,2
1,Verdaderas,VERB,alejar él,2
1,Verdaderas,VERB,exiliar,2
1,Verdaderas,VERB,cultivir,2
1,Verdaderas,VERB,atender él,2
1,Verdaderas,VERB,conseguí,2
1,Verdaderas,VERB,arriesgar,2
1,Verdaderas,VERB,establecer él,2
1,Verdaderas,VERB,rogar,2
1,Verdaderas,VERB,enviarar,2
1,Verdaderas,VERB,desperdiciar,2
1,Verdaderas,VERB,interlocutar,2
1,Verdaderas,VERB,pudiérar,2
1,Verdaderas,VERB,aplanar,2
1,Verdaderas,VERB,diferir,2
1,Verdaderas,VERB,agravar él,2
1,Verdaderas,VERB,guir,2
1,Verdaderas,VERB,confíser,2
1,Verdaderas,VERB,infringir,2
1,Verdaderas,VERB,vicepresidentar,2
1,Verdaderas,VERB,conmocionar,2
1,Verdaderas,VERB,balear,2
1,Verdaderas,VERB,empoderar,2
1,Verdaderas,VERB,heredar,2
1,Verdaderas,VERB,involucrar,2
1,Verdaderas,VERB,referiar,2
1,Verdaderas,VERB,materializar él,2
1,Verdaderas,VERB,destruir él,2
1,Verdaderas,VERB,afligir,2
1,Verdaderas,VERB,reportear,2
1,Verdaderas,VERB,profesar,2
1,Verdaderas,VERB,vacier,2
1,Verdaderas,VERB,recluir,2
1,Verdaderas,VERB,exmilitar,2
1,Verdaderas,VERB,mantener yo,2
1,Verdaderas,VERB,migrar,2
1,Verdaderas,VERB,deportar él,2
1,Verdaderas,VERB,corrar,2
1,Verdaderas,VERB,autodeportar él,2
1,Verdaderas,VERB,otorguir,2
1,Verdaderas,VERB,inundar,2
1,Verdaderas,VERB,comprar él,2
1,Verdaderas,VERB,observar él,2
1,Verdaderas,VERB,generar él,2
1,Verdaderas,VERB,cosechar,2
1,Verdaderas,VERB,almacenar,2
1,Verdaderas,VERB,recolectar,2
1,Verdaderas,VERB,lograr él,2
1,Verdaderas,VERB,suplir,2
1,Verdaderas,VERB,contrarrestar,2
1,Verdaderas,VERB,diciéndome,2
1,Verdaderas,VERB,conmover,2
1,Verdaderas,VERB,proteger él,2
1,Verdaderas,VERB,suministrar él,2
1,Verdaderas,VERB,sepultar,2
1,Verdaderas,VERB,duer,2
1,Verdaderas,VERB,tirir,2
1,Verdaderas,VERB,abrazar él,2
1,Verdaderas,VERB,acaparar,2
1,Verdaderas,VERB,lucir,2
1,Verdaderas,VERB,interceptar,2
1,Verdaderas,VERB,arrasar,2
1,Verdaderas,VERB,deteriorar,2
1,Verdaderas,VERB,alinear,2
1,Verdaderas,VERB,juramentar,2
1,Verdaderas,VERB,sacudir él,2
1,Verdaderas,VERB,volverir,2
1,Verdaderas,VERB,posesionar él,2
1,Verdaderas,VERB,destripar,2
1,Verdaderas,VERB,admirar,2
1,Verdaderas,VERB,despenalizar él,1
1,Verdaderas,VERB,clarificar,1
1,Verdaderas,VERB,cavar,1
1,Verdaderas,VERB,renombrar,1
1,Verdaderas,VERB,redistribuir,1
1,Verdaderas,VERB,taser,1
1,Verdaderas,VERB,exoneracer,1
1,Verdaderas,VERB,descolgar él,1
1,Verdaderas,VERB,inducir,1
1,Verdaderas,VERB,trans,1
1,Verdaderas,VERB,suscrir,1
1,Verdaderas,VERB,interpretarar,1
1,Verdaderas,VERB,popularizar,1
1,Verdaderas,VERB,cesar él,1
1,Verdaderas,VERB,malvivir,1
1,Verdaderas,VERB,pintir,1
1,Verdaderas,VERB,despolitizar,1
1,Verdaderas,VERB,asistirar,1
1,Verdaderas,VERB,vincularir,1
1,Verdaderas,VERB,desbaratar,1
1,Verdaderas,VERB,causen,1
1,Verdaderas,VERB,agradecí,1
1,Verdaderas,VERB,añar,1
1,Verdaderas,VERB,colgar él,1
1,Verdaderas,VERB,reforzar él,1
1,Verdaderas,VERB,plar,1
1,Verdaderas,VERB,arremangar,1
1,Verdaderas,VERB,recojar,1
1,Verdaderas,VERB,arbitrar,1
1,Verdaderas,VERB,tener yo,1
1,Verdaderas,VERB,arder,1
1,Verdaderas,VERB,fusionar él,1
1,Verdaderas,VERB,ratificar él,1
1,Verdaderas,VERB,igualarir,1
1,Verdaderas,VERB,rebasar él,1
1,Verdaderas,VERB,ralentizar,1
1,Verdaderas,VERB,desgranar,1
1,Verdaderas,VERB,patear,1
1,Verdaderas,VERB,victimizar él,1
1,Verdaderas,VERB,aferran,1
1,Verdaderas,VERB,oficializar,1
1,Verdaderas,VERB,capturan,1
1,Verdaderas,VERB,sacrificar él,1
1,Verdaderas,VERB,desconfinar,1
1,Verdaderas,VERB,desentiendir,1
1,Verdaderas,VERB,internacionalizar,1
1,Verdaderas,VERB,personir,1
1,Verdaderas,VERB,transfeír,1
1,Verdaderas,VERB,escudir,1
1,Verdaderas,VERB,detacar,1
1,Verdaderas,VERB,rever,1
1,Verdaderas,VERB,feír,1
1,Verdaderas,VERB,olvidar él,1
1,Verdaderas,VERB,●,1
1,Verdaderas,VERB,vanagloriar,1
1,Verdaderas,VERB,ultilizar él,1
1,Verdaderas,VERB,inadmitir,1
1,Verdaderas,VERB,versar,1
1,Verdaderas,VERB,hospitalizar,1
1,Verdaderas,VERB,incluyerir,1
1,Verdaderas,VERB,aclarasar,1
1,Verdaderas,VERB,afinar,1
1,Verdaderas,VERB,darir,1
1,Verdaderas,VERB,menospreciar,1
1,Verdaderas,VERB,propugnar,1
1,Verdaderas,VERB,fraccionar,1
1,Verdaderas,VERB,adjudicar él,1
1,Verdaderas,VERB,celaá,1
1,Verdaderas,VERB,colisionar,1
1,Verdaderas,VERB,desproteger,1
1,Verdaderas,VERB,anunciar él,1
1,Verdaderas,VERB,inquiere,1
1,Verdaderas,VERB,propinar,1
1,Verdaderas,VERB,crispar,1
1,Verdaderas,VERB,contaminar,1
1,Verdaderas,VERB,tornar,1
1,Verdaderas,VERB,aglutinir,1
1,Verdaderas,VERB,subrayan,1
1,Verdaderas,VERB,incluimos,1
1,Verdaderas,VERB,cofrade,1
1,Verdaderas,VERB,definar,1
1,Verdaderas,VERB,aludar,1
1,Verdaderas,VERB,conciliar,1
1,Verdaderas,VERB,estancir,1
1,Verdaderas,VERB,arremeter,1
1,Verdaderas,VERB,retar,1
1,Verdaderas,VERB,aligerir,1
1,Verdaderas,VERB,remodelar,1
1,Verdaderas,VERB,desarrollemos,1
1,Verdaderas,VERB,vot,1
1,Verdaderas,VERB,importe,1
1,Verdaderas,VERB,apalear,1
1,Verdaderas,VERB,destine,1
1,Verdaderas,VERB,especular,1
1,Verdaderas,VERB,despistar,1
1,Verdaderas,VERB,detraer,1
1,Verdaderas,VERB,prorrogacer,1
1,Verdaderas,VERB,aprovechir,1
1,Verdaderas,VERB,legitimar,1
1,Verdaderas,VERB,tómesar,1
1,Verdaderas,VERB,engrasar,1
1,Verdaderas,VERB,perfil,1
1,Verdaderas,VERB,sobreseir,1
1,Verdaderas,VERB,mir,1
1,Verdaderas,VERB,rearmar,1
1,Verdaderas,VERB,sabrás,1
1,Verdaderas,VERB,supeditar,1
1,Verdaderas,VERB,adherir él,1
1,Verdaderas,VERB,desinflar,1
1,Verdaderas,VERB,salver,1
1,Verdaderas,VERB,distraer yo,1
1,Verdaderas,VERB,aplaudir él,1
1,Verdaderas,VERB,dispongar,1
1,Verdaderas,VERB,escabullar,1
1,Verdaderas,VERB,mordazar,1
1,Verdaderas,VERB,cuadrar,1
1,Verdaderas,VERB,sepultar él,1
1,Verdaderas,VERB,escabullir,1
1,Verdaderas,VERB,recir,1
1,Verdaderas,VERB,cumplimos,1
1,Verdaderas,VERB,autoproclamar,1
1,Verdaderas,VERB,blar,1
1,Verdaderas,VERB,cedan,1
1,Verdaderas,VERB,desapercibir,1
1,Verdaderas,VERB,intercedir,1
1,Verdaderas,VERB,negociar él,1
1,Verdaderas,VERB,rentabilizar,1
1,Verdaderas,VERB,designir,1
1,Verdaderas,VERB,relatir,1
1,Verdaderas,VERB,lucrar él,1
1,Verdaderas,VERB,elevarar,1
1,Verdaderas,VERB,precipitar,1
1,Verdaderas,VERB,reenfocar,1
1,Verdaderas,VERB,arrastar,1
1,Verdaderas,VERB,usen,1
1,Verdaderas,VERB,desacreditar,1
1,Verdaderas,VERB,perderir,1
1,Verdaderas,VERB,sumarir,1
1,Verdaderas,VERB,distingar,1
1,Verdaderas,VERB,encuadrar,1
1,Verdaderas,VERB,ejerceré,1
1,Verdaderas,VERB,querellacer,1
1,Verdaderas,VERB,destapar él,1
1,Verdaderas,VERB,ensuciar él,1
1,Verdaderas,VERB,escudar él,1
1,Verdaderas,VERB,conjugar,1
1,Verdaderas,VERB,condensar,1
1,Verdaderas,VERB,sintetizar,1
1,Verdaderas,VERB,eternizar,1
1,Verdaderas,VERB,arremeteir,1
1,Verdaderas,VERB,extiendar,1
1,Verdaderas,VERB,inviertar,1
1,Verdaderas,VERB,rechazase,1
1,Verdaderas,VERB,dimensionar,1
1,Verdaderas,VERB,embolsar,1
1,Verdaderas,VERB,tensionacer,1
1,Verdaderas,VERB,antisemitar,1
1,Verdaderas,VERB,incriminar,1
1,Verdaderas,VERB,rider,1
1,Verdaderas,VERB,cojar,1
1,Verdaderas,VERB,protagonicir,1
1,Verdaderas,VERB,reeditaría,1
1,Verdaderas,VERB,caducar,1
1,Verdaderas,VERB,vuelve,1
1,Verdaderas,VERB,sustraer,1
1,Verdaderas,VERB,neutralizar,1
1,Verdaderas,VERB,condecorar,1
1,Verdaderas,VERB,enaltecir,1
1,Verdaderas,VERB,envenenar,1
1,Verdaderas,VERB,constituir él,1
1,Verdaderas,VERB,dinamitar,1
1,Verdaderas,VERB,afanar,1
1,Verdaderas,VERB,prosperan,1
1,Verdaderas,VERB,apuntalar,1
1,Verdaderas,VERB,acometer,1
1,Verdaderas,VERB,delinquir,1
1,Verdaderas,VERB,engullir,1
1,Verdaderas,VERB,tumbar él,1
1,Verdaderas,VERB,garantizarir,1
1,Verdaderas,VERB,perder él,1
1,Verdaderas,VERB,desunar,1
1,Verdaderas,VERB,exculpar,1
1,Verdaderas,VERB,modular,1
1,Verdaderas,VERB,estrambóticar,1
1,Verdaderas,VERB,legar,1
1,Verdaderas,VERB,dibugir,1
1,Verdaderas,VERB,acariciar,1
1,Verdaderas,VERB,votarer,1
1,Verdaderas,VERB,improvisar,1
1,Verdaderas,VERB,forjo ,1
1,Verdaderas,VERB,opacar,1
1,Verdaderas,VERB,camuflar,1
1,Verdaderas,VERB,aboguir,1
1,Verdaderas,VERB,reconciliar,1
1,Verdaderas,VERB,desmovilizar,1
1,Verdaderas,VERB,alumbrar,1
1,Verdaderas,VERB,pactar él,1
1,Verdaderas,VERB,vigilar él,1
1,Verdaderas,VERB,maximizar,1
1,Verdaderas,VERB,referenciar,1
1,Verdaderas,VERB,maltés,1
1,Verdaderas,VERB,jubilar,1
1,Verdaderas,VERB,enfrir,1
1,Verdaderas,VERB,realizar él,1
1,Verdaderas,VERB,convalidar,1
1,Verdaderas,VERB,alistar,1
1,Verdaderas,VERB,engrosar,1
1,Verdaderas,VERB,desvir,1
1,Verdaderas,VERB,afeitar,1
1,Verdaderas,VERB,desvincular él,1
1,Verdaderas,VERB,patronar,1
1,Verdaderas,VERB,exaltar,1
1,Verdaderas,VERB,online,1
1,Verdaderas,VERB,demonizar él,1
1,Verdaderas,VERB,analizar él,1
1,Verdaderas,VERB,subleir,1
1,Verdaderas,VERB,think,1
1,Verdaderas,VERB,endeudar,1
1,Verdaderas,VERB,olvidar yo,1
1,Verdaderas,VERB,predispuestar,1
1,Verdaderas,VERB,ayudaríar,1
1,Verdaderas,VERB,ponderar,1
1,Verdaderas,VERB,garantizarer,1
1,Verdaderas,VERB,edificar,1
1,Verdaderas,VERB,tirer,1
1,Verdaderas,VERB,transigir,1
1,Verdaderas,VERB,titular,1
1,Verdaderas,VERB,queridos,1
1,Verdaderas,VERB,menguar,1
1,Verdaderas,VERB,ningunear,1
1,Verdaderas,VERB,desconvocar,1
1,Verdaderas,VERB,redistribuyar,1
1,Verdaderas,VERB,publicarar,1
1,Verdaderas,VERB,inadmiteír,1
1,Verdaderas,VERB,recogiar,1
1,Verdaderas,VERB,malversar,1
1,Verdaderas,VERB,anécdotar,1
1,Verdaderas,VERB,erigir,1
1,Verdaderas,VERB,denunciar él,1
1,Verdaderas,VERB,desparramar,1
1,Verdaderas,VERB,reestructurar,1
1,Verdaderas,VERB,tendríar,1
1,Verdaderas,VERB,expirar,1
1,Verdaderas,VERB,hostiguir,1
1,Verdaderas,VERB,acordarar,1
1,Verdaderas,VERB,desanimar,1
1,Verdaderas,VERB,flexibilizar,1
1,Verdaderas,VERB,enmiendar,1
1,Verdaderas,VERB,excarcelar,1
1,Verdaderas,VERB,elegir él,1
1,Verdaderas,VERB,tengan,1
1,Verdaderas,VERB,imposibilitar,1
1,Verdaderas,VERB,disculpar,1
1,Verdaderas,VERB,vayan,1
1,Verdaderas,VERB,atribuya,1
1,Verdaderas,VERB,susurrar,1
1,Verdaderas,VERB,acreditar él,1
1,Verdaderas,VERB,quemar,1
1,Verdaderas,VERB,personar,1
1,Verdaderas,VERB,confeccionar,1
1,Verdaderas,VERB,conexos,1
1,Verdaderas,VERB,extravasar,1
1,Verdaderas,VERB,promulgar,1
1,Verdaderas,VERB,aplacar,1
1,Verdaderas,VERB,acompañe,1
1,Verdaderas,VERB,titubear,1
1,Verdaderas,VERB,prosperarar,1
1,Verdaderas,VERB,carezcar,1
1,Verdaderas,VERB,destronar,1
1,Verdaderas,VERB,arenga,1
1,Verdaderas,VERB,volcar él,1
1,Verdaderas,VERB,direr,1
1,Verdaderas,VERB,prohibir él,1
1,Verdaderas,VERB,difamar,1
1,Verdaderas,VERB,culpar él,1
1,Verdaderas,VERB,encabecir,1
1,Verdaderas,VERB,encausar,1
1,Verdaderas,VERB,exdiputar,1
1,Verdaderas,VERB,podemizar,1
1,Verdaderas,VERB,amparar,1
1,Verdaderas,VERB,vehiculizar,1
1,Verdaderas,VERB,whatsapp,1
1,Verdaderas,VERB,vacunacer,1
1,Verdaderas,VERB,prestigiar,1
1,Verdaderas,VERB,crispan,1
1,Verdaderas,VERB,contravenir,1
1,Verdaderas,VERB,apalabrar,1
1,Verdaderas,VERB,derechizar,1
1,Verdaderas,VERB,complicar él,1
1,Verdaderas,VERB,explicitar,1
1,Verdaderas,VERB,espeír,1
1,Verdaderas,VERB,recalca,1
1,Verdaderas,VERB,atasca,1
1,Verdaderas,VERB,imperar,1
1,Verdaderas,VERB,reagrupar,1
1,Verdaderas,VERB,enmendar,1
1,Verdaderas,VERB,desarmar,1
1,Verdaderas,VERB,seriar,1
1,Verdaderas,VERB,ocupar él,1
1,Verdaderas,VERB,secundir,1
1,Verdaderas,VERB,amanecer,1
1,Verdaderas,VERB,encadenar,1
1,Verdaderas,VERB,ilusionar,1
1,Verdaderas,VERB,dudir,1
1,Verdaderas,VERB,dilatar,1
1,Verdaderas,VERB,molestar él,1
1,Verdaderas,VERB,robustecer,1
1,Verdaderas,VERB,subsanar,1
1,Verdaderas,VERB,notificar,1
1,Verdaderas,VERB,empadronar,1
1,Verdaderas,VERB,legislar,1
1,Verdaderas,VERB,retratar él,1
1,Verdaderas,VERB,afiliar,1
1,Verdaderas,VERB,amarrateguis,1
1,Verdaderas,VERB,sellir,1
1,Verdaderas,VERB,repetirir,1
1,Verdaderas,VERB,tragar él,1
1,Verdaderas,VERB,desbloqueir,1
1,Verdaderas,VERB,recular,1
1,Verdaderas,VERB,anulir,1
1,Verdaderas,VERB,reflexionir,1
1,Verdaderas,VERB,abandonarir,1
1,Verdaderas,VERB,quisiser,1
1,Verdaderas,VERB,levantar él,1
1,Verdaderas,VERB,compendiar,1
1,Verdaderas,VERB,regenerar él,1
1,Verdaderas,VERB,embarrar,1
1,Verdaderas,VERB,desbancar,1
1,Verdaderas,VERB,enriquecer,1
1,Verdaderas,VERB,estipular,1
1,Verdaderas,VERB,concretar él,1
1,Verdaderas,VERB,reducirir,1
1,Verdaderas,VERB,apresar,1
1,Verdaderas,VERB,actúe,1
1,Verdaderas,VERB,fir,1
1,Verdaderas,VERB,amarrar,1
1,Verdaderas,VERB,remitar,1
1,Verdaderas,VERB,debatir él,1
1,Verdaderas,VERB,politizar,1
1,Verdaderas,VERB,vencierar,1
1,Verdaderas,VERB,triunfó,1
1,Verdaderas,VERB,equipar,1
1,Verdaderas,VERB,fotografiar,1
1,Verdaderas,VERB,plasma,1
1,Verdaderas,VERB,dinamizar,1
1,Verdaderas,VERB,reducir él,1
1,Verdaderas,VERB,rebaje,1
1,Verdaderas,VERB,sueldos,1
1,Verdaderas,VERB,represaliar,1
1,Verdaderas,VERB,empañar,1
1,Verdaderas,VERB,abordir,1
1,Verdaderas,VERB,chequear,1
1,Verdaderas,VERB,extraditir,1
1,Verdaderas,VERB,agrietar,1
1,Verdaderas,VERB,plantee,1
1,Verdaderas,VERB,deslegitima,1
1,Verdaderas,VERB,ocasionar,1
1,Verdaderas,VERB,trabajar él,1
1,Verdaderas,VERB,excarcelarlos,1
1,Verdaderas,VERB,equiparar yo,1
1,Verdaderas,VERB,retratir,1
1,Verdaderas,VERB,decantir,1
1,Verdaderas,VERB,anatomía,1
1,Verdaderas,VERB,aplastar,1
1,Verdaderas,VERB,fallir,1
1,Verdaderas,VERB,distraer él,1
1,Verdaderas,VERB,levante,1
1,Verdaderas,VERB,coger,1
1,Verdaderas,VERB,escoran,1
1,Verdaderas,VERB,vuelcir,1
1,Verdaderas,VERB,despegar,1
1,Verdaderas,VERB,celebrar él,1
1,Verdaderas,VERB,válir,1
1,Verdaderas,VERB,abateír,1
1,Verdaderas,VERB,alojar él,1
1,Verdaderas,VERB,convencer él,1
1,Verdaderas,VERB,generalizar,1
1,Verdaderas,VERB,revolver,1
1,Verdaderas,VERB,hubierar,1
1,Verdaderas,VERB,rediseñar,1
1,Verdaderas,VERB,animir,1
1,Verdaderas,VERB,recolocar,1
1,Verdaderas,VERB,suizar,1
1,Verdaderas,VERB,apartir,1
1,Verdaderas,VERB,relacionar él,1
1,Verdaderas,VERB,limitar él,1
1,Verdaderas,VERB,absolutistar,1
1,Verdaderas,VERB,manifiestir,1
1,Verdaderas,VERB,desbordir,1
1,Verdaderas,VERB,confabular,1
1,Verdaderas,VERB,pliegar,1
1,Verdaderas,VERB,comprometer él,1
1,Verdaderas,VERB,domicileír,1
1,Verdaderas,VERB,forgir,1
1,Verdaderas,VERB,adoptar él,1
1,Verdaderas,VERB,coaccionar,1
1,Verdaderas,VERB,nu él,1
1,Verdaderas,VERB,envíe﻿,1
1,Verdaderas,VERB,m﻿antener él,1
1,Verdaderas,VERB,cerrar él,1
1,Verdaderas,VERB,litigar,1
1,Verdaderas,VERB,propuestar,1
1,Verdaderas,VERB,explayar,1
1,Verdaderas,VERB,presir,1
1,Verdaderas,VERB,conculcar,1
1,Verdaderas,VERB,empatarir,1
1,Verdaderas,VERB,coordinir,1
1,Verdaderas,VERB,readmitier,1
1,Verdaderas,VERB,transportir,1
1,Verdaderas,VERB,inscriptar,1
1,Verdaderas,VERB,corear,1
1,Verdaderas,VERB,posicionar él,1
1,Verdaderas,VERB,reumatoidir,1
1,Verdaderas,VERB,desembarcir,1
1,Verdaderas,VERB,renuncie,1
1,Verdaderas,VERB,chantajear,1
1,Verdaderas,VERB,encubrir,1
1,Verdaderas,VERB,retrasar él,1
1,Verdaderas,VERB,pasea,1
1,Verdaderas,VERB,enmascarar,1
1,Verdaderas,VERB,templar,1
1,Verdaderas,VERB,tranquilizar,1
1,Verdaderas,VERB,abrochaber,1
1,Verdaderas,VERB,fallar yo,1
1,Verdaderas,VERB,atracar,1
1,Verdaderas,VERB,ustedes,1
1,Verdaderas,VERB,violentar,1
1,Verdaderas,VERB,interrumpierar,1
1,Verdaderas,VERB,felicitar,1
1,Verdaderas,VERB,avergüenzar,1
1,Verdaderas,VERB,enmiendir,1
1,Verdaderas,VERB,dictadurar,1
1,Verdaderas,VERB,disuelvar,1
1,Verdaderas,VERB,divorciar,1
1,Verdaderas,VERB,abortar,1
1,Verdaderas,VERB,empiecir,1
1,Verdaderas,VERB,acarreir,1
1,Verdaderas,VERB,triunfar,1
1,Verdaderas,VERB,olvidéis,1
1,Verdaderas,VERB,salvad,1
1,Verdaderas,VERB,equilibrar,1
1,Verdaderas,VERB,constitucionalizar,1
1,Verdaderas,VERB,renacer,1
1,Verdaderas,VERB,retrotrair,1
1,Verdaderas,VERB,ilegítir,1
1,Verdaderas,VERB,inscritar,1
1,Verdaderas,VERB,tesoreer,1
1,Verdaderas,VERB,reformular,1
1,Verdaderas,VERB,reafir yo,1
1,Verdaderas,VERB,recomienda,1
1,Verdaderas,VERB,contratar él,1
1,Verdaderas,VERB,enfilar,1
1,Verdaderas,VERB,arrebatar,1
1,Verdaderas,VERB,deslegitimar,1
1,Verdaderas,VERB,arraigar,1
1,Verdaderas,VERB,rear yo,1
1,Verdaderas,VERB,intenvenir,1
1,Verdaderas,VERB,cabezotar,1
1,Verdaderas,VERB,encumbrar,1
1,Verdaderas,VERB,purgar,1
1,Verdaderas,VERB,disimular,1
1,Verdaderas,VERB,encubiertar,1
1,Verdaderas,VERB,destierran,1
1,Verdaderas,VERB,incapacitar,1
1,Verdaderas,VERB,sacrificar,1
1,Verdaderas,VERB,reorientar,1
1,Verdaderas,VERB,externalizar,1
1,Verdaderas,VERB,irritar,1
1,Verdaderas,VERB,devolver él,1
1,Verdaderas,VERB,conciliir,1
1,Verdaderas,VERB,discriminar,1
1,Verdaderas,VERB,boicoteasar,1
1,Verdaderas,VERB,estrenir,1
1,Verdaderas,VERB,celebrarar,1
1,Verdaderas,VERB,ultimir,1
1,Verdaderas,VERB,obedecer,1
1,Verdaderas,VERB,convalir,1
1,Verdaderas,VERB,posibilitar,1
1,Verdaderas,VERB,parapetar,1
1,Verdaderas,VERB,sortear,1
1,Verdaderas,VERB,librar él,1
1,Verdaderas,VERB,despreciar,1
1,Verdaderas,VERB,validar,1
1,Verdaderas,VERB,ultraprotegidar,1
1,Verdaderas,VERB,reconfigurar él,1
1,Verdaderas,VERB,niñerar,1
1,Verdaderas,VERB,arrogar él,1
1,Verdaderas,VERB,oigar,1
1,Verdaderas,VERB,esperarer,1
1,Verdaderas,VERB,valer él,1
1,Verdaderas,VERB,nieguir,1
1,Verdaderas,VERB,referéndum,1
1,Verdaderas,VERB,entrometer él,1
1,Verdaderas,VERB,obstaculizar,1
1,Verdaderas,VERB,inculpar,1
1,Verdaderas,VERB,reconviertar,1
1,Verdaderas,VERB,prevaler él,1
1,Verdaderas,VERB,corran,1
1,Verdaderas,VERB,supondrir,1
1,Verdaderas,VERB,viertar,1
1,Verdaderas,VERB,contrariar él,1
1,Verdaderas,VERB,ensanchar él,1
1,Verdaderas,VERB,dialoguer,1
1,Verdaderas,VERB,alardear,1
1,Verdaderas,VERB,atajar,1
1,Verdaderas,VERB,caricaturizar,1
1,Verdaderas,VERB,instar él,1
1,Verdaderas,VERB,exonera,1
1,Verdaderas,VERB,campar,1
1,Verdaderas,VERB,chuntar,1
1,Verdaderas,VERB,cuajar,1
1,Verdaderas,VERB,centremos,1
1,Verdaderas,VERB,enjuiciar,1
1,Verdaderas,VERB,táser,1
1,Verdaderas,VERB,condenar él,1
1,Verdaderas,VERB,crucifijo,1
1,Verdaderas,VERB,fuérar,1
1,Verdaderas,VERB,ceda,1
1,Verdaderas,VERB,rehúsar,1
1,Verdaderas,VERB,sobrar,1
1,Verdaderas,VERB,pregúntenle,1
1,Verdaderas,VERB,volverer,1
1,Verdaderas,VERB,diputar,1
1,Verdaderas,VERB,sentaríar,1
1,Verdaderas,VERB,escondar,1
1,Verdaderas,VERB,honrir,1
1,Verdaderas,VERB,tildir,1
1,Verdaderas,VERB,desequilibrar,1
1,Verdaderas,VERB,faciliten,1
1,Verdaderas,VERB,agredir él,1
1,Verdaderas,VERB,implícitar,1
1,Verdaderas,VERB,flotar,1
1,Verdaderas,VERB,quepar,1
1,Verdaderas,VERB,idear,1
1,Verdaderas,VERB,desconectar,1
1,Verdaderas,VERB,cursar,1
1,Verdaderas,VERB,dser,1
1,Verdaderas,VERB,dir,1
1,Verdaderas,VERB,aviir,1
1,Verdaderas,VERB,desclasificar,1
1,Verdaderas,VERB,reencuentran,1
1,Verdaderas,VERB,encarnizar,1
1,Verdaderas,VERB,pacto,1
1,Verdaderas,VERB,obligarir,1
1,Verdaderas,VERB,aupar,1
1,Verdaderas,VERB,eurodiputar,1
1,Verdaderas,VERB,reciclar,1
1,Verdaderas,VERB,verter,1
1,Verdaderas,VERB,exprimir,1
1,Verdaderas,VERB,arrebatar él,1
1,Verdaderas,VERB,acordar él,1
1,Verdaderas,VERB,desprestigiar,1
1,Verdaderas,VERB,empantanar,1
1,Verdaderas,VERB,rehusar,1
1,Verdaderas,VERB,cercenar,1
1,Verdaderas,VERB,ejecutar él,1
1,Verdaderas,VERB,mandir,1
1,Verdaderas,VERB,abran,1
1,Verdaderas,VERB,desacoplar,1
1,Verdaderas,VERB,rajar,1
1,Verdaderas,VERB,intrafamiliar,1
1,Verdaderas,VERB,desandar,1
1,Verdaderas,VERB,enrocar,1
1,Verdaderas,VERB,urdir,1
1,Verdaderas,VERB,estábamos,1
1,Verdaderas,VERB,enfrentarer,1
1,Verdaderas,VERB,odiarar,1
1,Verdaderas,VERB,desdecir,1
1,Verdaderas,VERB,enturbiar,1
1,Verdaderas,VERB,condenir,1
1,Verdaderas,VERB,desempolvar,1
1,Verdaderas,VERB,adolecir,1
1,Verdaderas,VERB,desoír,1
1,Verdaderas,VERB,tramitarir,1
1,Verdaderas,VERB,nacionalismos,1
1,Verdaderas,VERB,conservir,1
1,Verdaderas,VERB,reconsiderar,1
1,Verdaderas,VERB,pulsó,1
1,Verdaderas,VERB,desempatar,1
1,Verdaderas,VERB,antiespañol,1
1,Verdaderas,VERB,xenófobir,1
1,Verdaderas,VERB,obstruir,1
1,Verdaderas,VERB,despenalizar,1
1,Verdaderas,VERB,reponer,1
1,Verdaderas,VERB,igualar,1
1,Verdaderas,VERB,sabotear,1
1,Verdaderas,VERB,desaconsejar,1
1,Verdaderas,VERB,fraguar,1
1,Verdaderas,VERB,arruinar,1
1,Verdaderas,VERB,salvir,1
1,Verdaderas,VERB,concienciar,1
1,Verdaderas,VERB,saltar él,1
1,Verdaderas,VERB,vacunó,1
1,Verdaderas,VERB,patinar,1
1,Verdaderas,VERB,errar,1
1,Verdaderas,VERB,recorder,1
1,Verdaderas,VERB,oriundo,1
1,Verdaderas,VERB,labrar,1
1,Verdaderas,VERB,influencer,1
1,Verdaderas,VERB,forjar,1
1,Verdaderas,VERB,jubilar él,1
1,Verdaderas,VERB,detestar,1
1,Verdaderas,VERB,nacionalizar,1
1,Verdaderas,VERB,iríar,1
1,Verdaderas,VERB,ideir,1
1,Verdaderas,VERB,adqueír,1
1,Verdaderas,VERB,amasar,1
1,Verdaderas,VERB,recuperarer,1
1,Verdaderas,VERB,pondrer,1
1,Verdaderas,VERB,tintinear,1
1,Verdaderas,VERB,meceir,1
1,Verdaderas,VERB,revitalizar él,1
1,Verdaderas,VERB,enfrentar él,1
1,Verdaderas,VERB,absorber,1
1,Verdaderas,VERB,desinteresar,1
1,Verdaderas,VERB,inesperar,1
1,Verdaderas,VERB,desconocer él,1
1,Verdaderas,VERB,endosar,1
1,Verdaderas,VERB,lanzar él,1
1,Verdaderas,VERB,cortejar,1
1,Verdaderas,VERB,combatir él,1
1,Verdaderas,VERB,hegemonizar,1
1,Verdaderas,VERB,detonar,1
1,Verdaderas,VERB,salimos,1
1,Verdaderas,VERB,entrarar,1
1,Verdaderas,VERB,impidierar,1
1,Verdaderas,VERB,impedir él,1
1,Verdaderas,VERB,cargo,1
1,Verdaderas,VERB,sufrierar,1
1,Verdaderas,VERB,aferrar él,1
1,Verdaderas,VERB,estilistar,1
1,Verdaderas,VERB,restar él,1
1,Verdaderas,VERB,glaciar,1
1,Verdaderas,VERB,anegacer,1
1,Verdaderas,VERB,esforzar,1
1,Verdaderas,VERB,culpe,1
1,Verdaderas,VERB,supusir,1
1,Verdaderas,VERB,hinchar,1
1,Verdaderas,VERB,trepa,1
1,Verdaderas,VERB,resguardar él,1
1,Verdaderas,VERB,abarrotar,1
1,Verdaderas,VERB,tapiar,1
1,Verdaderas,VERB,amarramos,1
1,Verdaderas,VERB,esperábir,1
1,Verdaderas,VERB,dejándolar,1
1,Verdaderas,VERB,delatar,1
1,Verdaderas,VERB,afrontarir,1
1,Verdaderas,VERB,atribuir él,1
1,Verdaderas,VERB,compactar,1
1,Verdaderas,VERB,optimizar,1
1,Verdaderas,VERB,entrarir,1
1,Verdaderas,VERB,convenir,1
1,Verdaderas,VERB,capitalizar,1
1,Verdaderas,VERB,durir,1
1,Verdaderas,VERB,encaminar él,1
1,Verdaderas,VERB,expandeir,1
1,Verdaderas,VERB,dejás,1
1,Verdaderas,VERB,achicar,1
1,Verdaderas,VERB,escarbar,1
1,Verdaderas,VERB,quiebran,1
1,Verdaderas,VERB,leer él,1
1,Verdaderas,VERB,nivelar,1
1,Verdaderas,VERB,conspirar,1
1,Verdaderas,VERB,sofocar,1
1,Verdaderas,VERB,custodiar él,1
1,Verdaderas,VERB,resquebrajar,1
1,Verdaderas,VERB,costar él,1
1,Verdaderas,VERB,identificar él,1
1,Verdaderas,VERB,interpretar él,1
1,Verdaderas,VERB,militarizar,1
1,Verdaderas,VERB,desatendir,1
1,Verdaderas,VERB,extorsionar,1
1,Verdaderas,VERB,complejizar,1
1,Verdaderas,VERB,mapa,1
1,Verdaderas,VERB,desmoronar,1
1,Verdaderas,VERB,destrozar,1
1,Verdaderas,VERB,requeír,1
1,Verdaderas,VERB,degradir,1
1,Verdaderas,VERB,incrementar él,1
1,Verdaderas,VERB,hablarar,1
1,Verdaderas,VERB,criticar él,1
1,Verdaderas,VERB,alineir,1
1,Verdaderas,VERB,afiancir,1
1,Verdaderas,VERB,usaremos,1
1,Verdaderas,VERB,permítamir,1
1,Verdaderas,VERB,felicitar él,1
1,Verdaderas,VERB,unir yo,1
1,Verdaderas,VERB,aplaudimos,1
1,Verdaderas,VERB,soslayar,1
1,Verdaderas,VERB,inquietar,1
1,Verdaderas,VERB,apoderar,1
1,Verdaderas,VERB,morder,1
1,Verdaderas,VERB,fuimos,1
1,Verdaderas,VERB,usanclorir,1
1,Verdaderas,VERB,interactuar,1
1,Verdaderas,VERB,costear,1
1,Verdaderas,VERB,expedir,1
1,Verdaderas,VERB,-explican,1
1,Verdaderas,VERB,habituar,1
1,Verdaderas,VERB,permitirir,1
1,Verdaderas,VERB,exponer él,1
1,Verdaderas,VERB,quisiérar,1
1,Verdaderas,VERB,asfixiar,1
1,Verdaderas,VERB,compartir él,1
1,Verdaderas,VERB,pulsar,1
1,Verdaderas,VERB,consigo,1
1,Verdaderas,VERB,salvar él,1
1,Verdaderas,VERB,blandear,1
1,Verdaderas,VERB,sucedierar,1
1,Verdaderas,VERB,aproximar,1
1,Verdaderas,VERB,desperdiceír,1
1,Verdaderas,VERB,heredera,1
1,Verdaderas,VERB,morar,1
1,Verdaderas,VERB,copresidentar,1
1,Verdaderas,VERB,coloco,1
1,Verdaderas,VERB,hablábamos,1
1,Verdaderas,VERB,salíamos,1
1,Verdaderas,VERB,consolar,1
1,Verdaderas,VERB,sentirar,1
1,Verdaderas,VERB,recrear yo,1
1,Verdaderas,VERB,perdí,1
1,Verdaderas,VERB,atormentar,1
1,Verdaderas,VERB,desplacer,1
1,Verdaderas,VERB,tocarar,1
1,Verdaderas,VERB,rayar,1
1,Verdaderas,VERB,relajar,1
1,Verdaderas,VERB,académicir,1
1,Verdaderas,VERB,flechar,1
1,Verdaderas,VERB,dábir,1
1,Verdaderas,VERB,aprendimos,1
1,Verdaderas,VERB,atesorar,1
1,Verdaderas,VERB,retirar yo,1
1,Verdaderas,VERB,mudar yo,1
1,Verdaderas,VERB,atender yo,1
1,Verdaderas,VERB,orientir,1
1,Verdaderas,VERB,perdimos,1
1,Verdaderas,VERB,ayudar tú,1
1,Verdaderas,VERB,preparar tú,1
1,Verdaderas,VERB,tendrar,1
1,Verdaderas,VERB,arroje,1
1,Verdaderas,VERB,rellenan,1
1,Verdaderas,VERB,muestren,1
1,Verdaderas,VERB,demuestro,1
1,Verdaderas,VERB,destacar él,1
1,Verdaderas,VERB,referencien,1
1,Verdaderas,VERB,encajen,1
1,Verdaderas,VERB,escribir él,1
1,Verdaderas,VERB,devorar,1
1,Verdaderas,VERB,incomprendir,1
1,Verdaderas,VERB,descubiertar,1
1,Verdaderas,VERB,apodar,1
1,Verdaderas,VERB,pensar él,1
1,Verdaderas,VERB,andrew,1
1,Verdaderas,VERB,daniel,1
1,Verdaderas,VERB,revaluar,1
1,Verdaderas,VERB,revalúir,1
1,Verdaderas,VERB,cuantificar,1
1,Verdaderas,VERB,aprecien,1
1,Verdaderas,VERB,ejemplificar,1
1,Verdaderas,VERB,saldar él,1
1,Verdaderas,VERB,vislumbrar,1
1,Verdaderas,VERB,redefinir,1
1,Verdaderas,VERB,conviven,1
1,Verdaderas,VERB,desmontar él,1
1,Verdaderas,VERB,reutilizar él,1
1,Verdaderas,VERB,duchar yo,1
1,Verdaderas,VERB,orinándome,1
1,Verdaderas,VERB,default,1
1,Verdaderas,VERB,reactivar él,1
1,Verdaderas,VERB,incomunicar,1
1,Verdaderas,VERB,suicidar él,1
1,Verdaderas,VERB,atar,1
1,Verdaderas,VERB,dislocar,1
1,Verdaderas,VERB,quitarir,1
1,Verdaderas,VERB,comuncar él,1
1,Verdaderas,VERB,fundamentar,1
1,Verdaderas,VERB,consignar,1
1,Verdaderas,VERB,lavar yo,1
1,Verdaderas,VERB,apretar yo,1
1,Verdaderas,VERB,pajúo,1
1,Verdaderas,VERB,reanimar,1
1,Verdaderas,VERB,apretándome,1
1,Verdaderas,VERB,matarir,1
1,Verdaderas,VERB,restregar,1
1,Verdaderas,VERB,vomitir,1
1,Verdaderas,VERB,desmair,1
1,Verdaderas,VERB,revelar él,1
1,Verdaderas,VERB,confiscar,1
1,Verdaderas,VERB,armar él,1
1,Verdaderas,VERB,nombrar él,1
1,Verdaderas,VERB,agotar él,1
1,Verdaderas,VERB,desmoronar él,1
1,Verdaderas,VERB,centralizar,1
1,Verdaderas,VERB,repostar,1
1,Verdaderas,VERB,modificar él,1
1,Verdaderas,VERB,adeudar,1
1,Verdaderas,VERB,maduran,1
1,Verdaderas,VERB,reconocierir,1
1,Verdaderas,VERB,preguntar yo,1
1,Verdaderas,VERB,involucrar él,1
1,Verdaderas,VERB,parecierar,1
1,Verdaderas,VERB,reconstruyéser,1
1,Verdaderas,VERB,firmásemos,1
1,Verdaderas,VERB,prorrogar él,1
1,Verdaderas,VERB,preguntándose,1
1,Verdaderas,VERB,enfermar,1
1,Verdaderas,VERB,viejitar,1
1,Verdaderas,VERB,aligerar,1
1,Verdaderas,VERB,reelegir,1
1,Verdaderas,VERB,logré,1
1,Verdaderas,VERB,agarrir,1
1,Verdaderas,VERB,repicar,1
1,Verdaderas,VERB,emancipar él,1
1,Verdaderas,VERB,apegar él,1
1,Verdaderas,VERB,portar,1
1,Verdaderas,VERB,relucir,1
1,Verdaderas,VERB,rectangular,1
1,Verdaderas,VERB,coincidierar,1
1,Verdaderas,VERB,ganarir,1
1,Verdaderas,VERB,insinuó,1
1,Verdaderas,VERB,seremos,1
1,Verdaderas,VERB,aprestar,1
1,Verdaderas,VERB,mezclar él,1
1,Verdaderas,VERB,llamarir,1
1,Verdaderas,VERB,ubicar él,1
1,Verdaderas,VERB,procurar,1
1,Verdaderas,VERB,dignificar,1
1,Verdaderas,VERB,conmemoramos,1
1,Verdaderas,VERB,desayunar,1
1,Verdaderas,VERB,dispersar,1
1,Verdaderas,VERB,exploramos,1
1,Verdaderas,VERB,dirigíar,1
1,Verdaderas,VERB,cruzar él,1
1,Verdaderas,VERB,reinventar,1
1,Verdaderas,VERB,llegué,1
1,Verdaderas,VERB,prepacer,1
1,Verdaderas,VERB,graduar él,1
1,Verdaderas,VERB,manejar él,1
1,Verdaderas,VERB,sellar,1
1,Verdaderas,VERB,abundar,1
1,Verdaderas,VERB,compensar,1
1,Verdaderas,VERB,transmitar,1
1,Verdaderas,VERB,aburrar,1
1,Verdaderas,VERB,perseverar,1
1,Verdaderas,VERB,resonar,1
1,Verdaderas,VERB,expresar él,1
1,Verdaderas,VERB,fantasear,1
1,Verdaderas,VERB,destacir,1
1,Verdaderas,VERB,reafirmar él,1
1,Verdaderas,VERB,asir,1
1,Verdaderas,VERB,restringeír,1
1,Verdaderas,VERB,comunicar tú,1
1,Verdaderas,VERB,chimú,1
1,Verdaderas,VERB,desenterrar,1
1,Verdaderas,VERB,⁠tenir,1
1,Verdaderas,VERB,topar,1
1,Verdaderas,VERB,florecer,1
1,Verdaderas,VERB,contagiar,1
1,Verdaderas,VERB,pertenecierar,1
1,Verdaderas,VERB,llevar yo,1
1,Verdaderas,VERB,enamoramos,1
1,Verdaderas,VERB,pediríamos,1
1,Verdaderas,VERB,nosotras,1
1,Verdaderas,VERB,respondierar,1
1,Verdaderas,VERB,fallarar,1
1,Verdaderas,VERB,diligenciarar,1
1,Verdaderas,VERB,sabíir,1
1,Verdaderas,VERB,expideír,1
1,Verdaderas,VERB,allanir,1
1,Verdaderas,VERB,resentir,1
1,Verdaderas,VERB,siguierar,1
1,Verdaderas,VERB,viabilizar,1
1,Verdaderas,VERB,violarir,1
1,Verdaderas,VERB,competirir,1
1,Verdaderas,VERB,concuerdar,1
1,Verdaderas,VERB,-entrar,1
1,Verdaderas,VERB,desafiar él,1
1,Verdaderas,VERB,mostrer,1
1,Verdaderas,VERB,aterrizar,1
1,Verdaderas,VERB,ír,1
1,Verdaderas,VERB,traiar,1
1,Verdaderas,VERB,surg,1
1,Verdaderas,VERB,procesar él,1
1,Verdaderas,VERB,enviar él,1
1,Verdaderas,VERB,súper,1
1,Verdaderas,VERB,niñerir,1
1,Verdaderas,VERB,ingenierar,1
1,Verdaderas,VERB,generir,1
1,Verdaderas,VERB,ven,1
1,Verdaderas,VERB,truenir,1
1,Verdaderas,VERB,anhelar,1
1,Verdaderas,VERB,coagular,1
1,Verdaderas,VERB,parir,1
1,Verdaderas,VERB,cuidar él,1
1,Verdaderas,VERB,soñar,1
1,Verdaderas,VERB,propongar,1
1,Verdaderas,VERB,representar él,1
1,Verdaderas,VERB,complementar él,1
1,Verdaderas,VERB,desenvuelir,1
1,Verdaderas,VERB,refinanciar,1
1,Verdaderas,VERB,removierar,1
1,Verdaderas,VERB,atendíar,1
1,Verdaderas,VERB,observé,1
1,Verdaderas,VERB,planificar,1
1,Verdaderas,VERB,evalúa,1
1,Verdaderas,VERB,subsistir,1
1,Verdaderas,VERB,vi,1
1,Verdaderas,VERB,cocinar,1
1,Verdaderas,VERB,bañar él,1
1,Verdaderas,VERB,desmontir,1
1,Verdaderas,VERB,inadecuar,1
1,Verdaderas,VERB,multiplicar él,1
1,Verdaderas,VERB,activar él,1
1,Verdaderas,VERB,intolerablar,1
1,Verdaderas,VERB,revuelven,1
1,Verdaderas,VERB,ofender,1
1,Verdaderas,VERB,naturalizar,1
1,Verdaderas,VERB,redefinar,1
1,Verdaderas,VERB,fascinar él,1
1,Verdaderas,VERB,devenir,1
1,Verdaderas,VERB,maltratir,1
1,Verdaderas,VERB,emparentar,1
1,Verdaderas,VERB,perturbar,1
1,Verdaderas,VERB,insensibilizar él,1
1,Verdaderas,VERB,infligir,1
1,Verdaderas,VERB,aúpar,1
1,Verdaderas,VERB,descuidar,1
1,Verdaderas,VERB,mover yo,1
1,Verdaderas,VERB,suenir,1
1,Verdaderas,VERB,ingresen,1
1,Verdaderas,VERB,transitir,1
1,Verdaderas,VERB,garanticir,1
1,Verdaderas,VERB,detonarar,1
1,Verdaderas,VERB,elevar él,1
1,Verdaderas,VERB,encontrarar,1
1,Verdaderas,VERB,regresen,1
1,Verdaderas,VERB,interesaste,1
1,Verdaderas,VERB,intereser,1
1,Verdaderas,VERB,locar,1
1,Verdaderas,VERB,intenter,1
1,Verdaderas,VERB,descuber,1
1,Verdaderas,VERB,profesionalizar,1
1,Verdaderas,VERB,asesinar él,1
1,Verdaderas,VERB,disparar él,1
1,Verdaderas,VERB,bromear,1
1,Verdaderas,VERB,halagar,1
1,Verdaderas,VERB,halagar yo,1
1,Verdaderas,VERB,halagar él,1
1,Verdaderas,VERB,necesitir,1
1,Verdaderas,VERB,preocupar él,1
1,Verdaderas,VERB,digitalizar,1
1,Verdaderas,VERB,teniar,1
1,Verdaderas,VERB,muéstramir,1
1,Verdaderas,VERB,obtengar,1
1,Verdaderas,VERB,examinar él,1
1,Verdaderas,VERB,estimo,1
1,Verdaderas,VERB,consigues,1
1,Verdaderas,VERB,difuminar,1
1,Verdaderas,VERB,desdibujar,1
1,Verdaderas,VERB,intensificar él,1
1,Verdaderas,VERB,recae,1
1,Verdaderas,VERB,diluir,1
1,Verdaderas,VERB,penser,1
1,Verdaderas,VERB,caracterizar,1
1,Verdaderas,VERB,considerando él,1
1,Verdaderas,VERB,inhibir,1
1,Verdaderas,VERB,normalizar él,1
1,Verdaderas,VERB,privar,1
1,Verdaderas,VERB,debilitir,1
1,Verdaderas,VERB,rindo,1
1,Verdaderas,VERB,disctaminar,1
1,Verdaderas,VERB,descubiertir,1
1,Verdaderas,VERB,refugiar,1
1,Verdaderas,VERB,exhibar,1
1,Verdaderas,VERB,saqueó,1
1,Verdaderas,VERB,concedierar,1
1,Verdaderas,VERB,esbozar,1
1,Verdaderas,VERB,filbo,1
1,Verdaderas,VERB,explicariar,1
1,Verdaderas,VERB,intentarir,1
1,Verdaderas,VERB,proyectar él,1
1,Verdaderas,VERB,noter,1
1,Verdaderas,VERB,crees,1
1,Verdaderas,VERB,sondear,1
1,Verdaderas,VERB,homogeneizar,1
1,Verdaderas,VERB,procederer,1
1,Verdaderas,VERB,reevaluar,1
1,Verdaderas,VERB,disuadir,1
1,Verdaderas,VERB,violentir,1
1,Verdaderas,VERB,acortar,1
1,Verdaderas,VERB,navegar,1
1,Verdaderas,VERB,vac,1
1,Verdaderas,VERB,bombeir,1
1,Verdaderas,VERB,reutilizar,1
1,Verdaderas,VERB,óptimos,1
1,Verdaderas,VERB,integrarir,1
1,Verdaderas,VERB,buscábar,1
1,Verdaderas,VERB,veníar,1
1,Verdaderas,VERB,vendrir,1
1,Verdaderas,VERB,nominar,1
1,Verdaderas,VERB,maniatar,1
1,Verdaderas,VERB,esperar él,1
1,Verdaderas,VERB,sobreseer,1
1,Verdaderas,VERB,surgirir,1
1,Verdaderas,VERB,aglutinar,1
1,Verdaderas,VERB,circunscribir,1
1,Verdaderas,VERB,fugar,1
1,Verdaderas,VERB,señalar él,1
1,Verdaderas,VERB,desfalcar,1
1,Verdaderas,VERB,desistir,1
1,Verdaderas,VERB,desechar,1
1,Verdaderas,VERB,llamársele,1
1,Verdaderas,VERB,reclamar él,1
1,Verdaderas,VERB,galindo,1
1,Verdaderas,VERB,quechua,1
1,Verdaderas,VERB,mirar él,1
1,Verdaderas,VERB,intuir,1
1,Verdaderas,VERB,busquen,1
1,Verdaderas,VERB,ubicartir,1
1,Verdaderas,VERB,atreves,1
1,Verdaderas,VERB,publicitar,1
1,Verdaderas,VERB,remozar,1
1,Verdaderas,VERB,subvencionar,1
1,Verdaderas,VERB,violar yo,1
1,Verdaderas,VERB,matar yo,1
1,Verdaderas,VERB,acosar yo,1
1,Verdaderas,VERB,dirigistar,1
1,Verdaderas,VERB,explíqueme,1
1,Verdaderas,VERB,rompí,1
1,Verdaderas,VERB,evalúas,1
1,Verdaderas,VERB,siniestrar,1
1,Verdaderas,VERB,tergiversar,1
1,Verdaderas,VERB,frenar él,1
1,Verdaderas,VERB,asegurar yo,1
1,Verdaderas,VERB,señalas,1
1,Verdaderas,VERB,desagradar,1
1,Verdaderas,VERB,autofavorecer él,1
1,Verdaderas,VERB,asimilar,1
1,Verdaderas,VERB,desarrollados-,1
1,Verdaderas,VERB,satanizar,1
1,Verdaderas,VERB,animar él,1
1,Verdaderas,VERB,-car,1
1,Verdaderas,VERB,angustiar él,1
1,Verdaderas,VERB,deducir,1
1,Verdaderas,VERB,renegociar,1
1,Verdaderas,VERB,cementar,1
1,Verdaderas,VERB,trastocar él,1
1,Verdaderas,VERB,postergar él,1
1,Verdaderas,VERB,entrevistamos,1
1,Verdaderas,VERB,come,1
1,Verdaderas,VERB,llamaríar,1
1,Verdaderas,VERB,oler,1
1,Verdaderas,VERB,superar él,1
1,Verdaderas,VERB,cometí,1
1,Verdaderas,VERB,vives,1
1,Verdaderas,VERB,escombrar,1
1,Verdaderas,VERB,reir,1
1,Verdaderas,VERB,inherente,1
1,Verdaderas,VERB,jaquea,1
1,Verdaderas,VERB,consolidir,1
1,Verdaderas,VERB,transportar,1
1,Verdaderas,VERB,var ,1
1,Verdaderas,VERB,escribistir,1
1,Verdaderas,VERB,preguntándome,1
1,Verdaderas,VERB,escribiste,1
1,Verdaderas,VERB,garantir,1
1,Verdaderas,VERB,controlar él,1
1,Verdaderas,VERB,enfocar yo,1
1,Verdaderas,VERB,chacar,1
1,Verdaderas,VERB,recoges,1
1,Verdaderas,VERB,institucionalizar,1
1,Verdaderas,VERB,déjamir,1
1,Verdaderas,VERB,percibas,1
1,Verdaderas,VERB,facturan,1
1,Verdaderas,VERB,emborrachar él,1
1,Verdaderas,VERB,pudistir,1
1,Verdaderas,VERB,inventar él,1
1,Verdaderas,VERB,ahondar,1
1,Verdaderas,VERB,enterar él,1
1,Verdaderas,VERB,regalar él,1
1,Verdaderas,VERB,pensándoloir,1
1,Verdaderas,VERB,bancar,1
1,Verdaderas,VERB,vivierar,1
1,Verdaderas,VERB,enteer,1
1,Verdaderas,VERB,inicier,1
1,Verdaderas,VERB,muchísimir,1
1,Verdaderas,VERB,asistir él,1
1,Verdaderas,VERB,empecinar,1
1,Verdaderas,VERB,convertir yo,1
1,Verdaderas,VERB,bienvenidar,1
1,Verdaderas,VERB,concretó-,1
1,Verdaderas,VERB,venganzar,1
1,Verdaderas,VERB,incluídar,1
1,Verdaderas,VERB,menoscabar,1
1,Verdaderas,VERB,cancelir,1
1,Verdaderas,VERB,h1-b.,1
1,Verdaderas,VERB,estafar,1
1,Verdaderas,VERB,embisteír,1
1,Verdaderas,VERB,muéstremir,1
1,Verdaderas,VERB,rigen,1
1,Verdaderas,VERB,consumir,1
1,Verdaderas,VERB,remontir,1
1,Verdaderas,VERB,gravitar,1
1,Verdaderas,VERB,conviv,1
1,Verdaderas,VERB,derrumbar él,1
1,Verdaderas,VERB,revender,1
1,Verdaderas,VERB,vendierar,1
1,Verdaderas,VERB,haer,1
1,Verdaderas,VERB,abastecierir,1
1,Verdaderas,VERB,íbamos,1
1,Verdaderas,VERB,exclamar,1
1,Verdaderas,VERB,patrullar,1
1,Verdaderas,VERB,inspirar él,1
1,Verdaderas,VERB,acusar él,1
1,Verdaderas,VERB,intimidar,1
1,Verdaderas,VERB,comprometar,1
1,Verdaderas,VERB,reemplazando él,1
1,Verdaderas,VERB,coronar,1
1,Verdaderas,VERB,concluyerar,1
1,Verdaderas,VERB,cer,1
1,Verdaderas,VERB,contradigar,1
1,Verdaderas,VERB,asesinir,1
1,Verdaderas,VERB,renovar él,1
1,Verdaderas,VERB,desafir,1
1,Verdaderas,VERB,sincronizar él,1
1,Verdaderas,VERB,acechar,1
1,Verdaderas,VERB,replantar,1
1,Verdaderas,VERB,ahuyentar,1
1,Verdaderas,VERB,talar,1
1,Verdaderas,VERB,comer él,1
1,Verdaderas,VERB,interactuamos,1
1,Verdaderas,VERB,cazar,1
1,Verdaderas,VERB,alimentar él,1
1,Verdaderas,VERB,infusionar,1
1,Verdaderas,VERB,reforestar,1
1,Verdaderas,VERB,delegar,1
1,Verdaderas,VERB,comar,1
1,Verdaderas,VERB,conoceríar,1
1,Verdaderas,VERB,ahorcar,1
1,Verdaderas,VERB,mandar él,1
1,Verdaderas,VERB,destrabar,1
1,Verdaderas,VERB,neerlandizar,1
1,Verdaderas,VERB,cortés,1
1,Verdaderas,VERB,firmar él,1
1,Verdaderas,VERB,exigir él,1
1,Verdaderas,VERB,atravesar él,1
1,Verdaderas,VERB,medir él,1
1,Verdaderas,VERB,revelan,1
1,Verdaderas,VERB,provear,1
1,Verdaderas,VERB,fing,1
1,Verdaderas,VERB,desestabilizar,1
1,Verdaderas,VERB,autoer,1
1,Verdaderas,VERB,transferir él,1
1,Verdaderas,VERB,repostear,1
1,Verdaderas,VERB,asesor,1
1,Verdaderas,VERB,callar él,1
1,Verdaderas,VERB,desatar él,1
1,Verdaderas,VERB,activir,1
1,Verdaderas,VERB,volcánicar,1
1,Verdaderas,VERB,apoderar él,1
1,Verdaderas,VERB,agrietar él,1
1,Verdaderas,VERB,cruj,1
1,Verdaderas,VERB,imagínate,1
1,Verdaderas,VERB,concentrar él,1
1,Verdaderas,VERB,reorganizar él,1
1,Verdaderas,VERB,asegurábar,1
1,Verdaderas,VERB,acompañábar,1
1,Verdaderas,VERB,respondí,1
1,Verdaderas,VERB,estuviser,1
1,Verdaderas,VERB,reubicar él,1
1,Verdaderas,VERB,ayudábar,1
1,Verdaderas,VERB,abrazábar,1
1,Verdaderas,VERB,preguntábar,1
1,Verdaderas,VERB,haríar,1
1,Verdaderas,VERB,duermar,1
1,Verdaderas,VERB,satisfacer,1
1,Verdaderas,VERB,perforar,1
1,Verdaderas,VERB,proyectir,1
1,Verdaderas,VERB,existiser,1
1,Verdaderas,VERB,necesitemos,1
1,Verdaderas,VERB,adornar,1
1,Verdaderas,VERB,desenfar,1
1,Verdaderas,VERB,librar yo,1
1,Verdaderas,VERB,despedir él,1
1,Verdaderas,VERB,entablar,1
1,Verdaderas,VERB,revertir él,1
1,Verdaderas,VERB,secar,1
1,Verdaderas,VERB,proveer él,1
1,Verdaderas,VERB,acarrear,1
1,Verdaderas,VERB,prevalecer,1
1,Verdaderas,VERB,pausar,1
1,Verdaderas,VERB,queden,1
1,Verdaderas,VERB,graduar,1
1,Verdaderas,VERB,recuperir,1
1,Verdaderas,VERB,pesadil él,1
1,Verdaderas,VERB,privar él,1
1,Verdaderas,VERB,vestir él,1
1,Verdaderas,VERB,aislar él,1
1,Verdaderas,VERB,reconectar él,1
1,Verdaderas,VERB,quedastar,1
1,Verdaderas,VERB,conectar él,1
1,Verdaderas,VERB,apegar,1
1,Verdaderas,VERB,apoyamos,1
1,Verdaderas,VERB,dartir,1
1,Verdaderas,VERB,drenar,1
1,Verdaderas,VERB,flaquear,1
1,Verdaderas,VERB,autorregular él,1
1,Verdaderas,VERB,desconectar él,1
1,Verdaderas,VERB,derramar,1
1,Verdaderas,VERB,volviar,1
1,Verdaderas,VERB,perdonar,1
1,Verdaderas,VERB,psicólogo,1
1,Verdaderas,VERB,despedirte,1
1,Verdaderas,VERB,cuidir,1
1,Verdaderas,VERB,tardé,1
1,Verdaderas,VERB,echer,1
1,Verdaderas,VERB,treintañera,1
1,Verdaderas,VERB,contar él,1
1,Verdaderas,VERB,comprendierar,1
1,Verdaderas,VERB,rotar,1
1,Verdaderas,VERB,vear,1
1,Verdaderas,VERB,despojar,1
1,Verdaderas,VERB,reviveír,1
1,Verdaderas,VERB,almorzar,1
1,Verdaderas,VERB,suplicar,1
1,Verdaderas,VERB,abalanzar,1
1,Verdaderas,VERB,enlutir,1
1,Verdaderas,VERB,magnificar,1
1,Verdaderas,VERB,reconstruir él,1
1,Verdaderas,VERB,ingeniera,1
1,Verdaderas,VERB,egresar,1
1,Verdaderas,VERB,trillizar,1
1,Verdaderas,VERB,sometierar,1
1,Verdaderas,VERB,separar él,1
1,Verdaderas,VERB,sobrellevar,1
1,Verdaderas,VERB,celular,1
1,Verdaderas,VERB,agostar,1
1,Verdaderas,VERB,madrugar,1
1,Verdaderas,VERB,rumbar,1
1,Verdaderas,VERB,pavimentar,1
1,Verdaderas,VERB,cabezar,1
1,Verdaderas,VERB,exigimos,1
1,Verdaderas,VERB,intervengar,1
1,Verdaderas,VERB,esperer,1
1,Verdaderas,VERB,estructurir,1
1,Verdaderas,VERB,inclusivir,1
1,Verdaderas,VERB,asentar,1
1,Verdaderas,VERB,enloquecir,1
1,Verdaderas,VERB,cercar,1
1,Verdaderas,VERB,transformar él,1
1,Verdaderas,VERB,trajímos,1
1,Verdaderas,VERB,espantar,1
1,Verdaderas,VERB,colonizar,1
1,Verdaderas,VERB,visitir,1
1,Verdaderas,VERB,llévenselar,1
1,Verdaderas,VERB,contaminir,1
1,Verdaderas,VERB,afuerir,1
1,Verdaderas,VERB,orinar,1
1,Verdaderas,VERB,construir él,1
1,Verdaderas,VERB,persigar,1
1,Verdaderas,VERB,estremeceír,1
1,Verdaderas,VERB,apañar,1
1,Verdaderas,VERB,dañar yo,1
1,Verdaderas,VERB,descomponer,1
1,Verdaderas,VERB,sacar yo,1
1,Verdaderas,VERB,cremar,1
1,Verdaderas,VERB,calmar él,1
1,Verdaderas,VERB,ilesar,1
1,Verdaderas,VERB,agasajar,1
1,Verdaderas,VERB,difuso,1
1,Verdaderas,VERB,entregar él,1
1,Verdaderas,VERB,va él,1
1,Verdaderas,VERB,diré,1
1,Verdaderas,VERB,sufrí,1
1,Verdaderas,VERB,evaluó,1
1,Verdaderas,VERB,expertar,1
1,Verdaderas,VERB,disociar él,1
1,Verdaderas,VERB,cuestionar él,1
1,Verdaderas,VERB,unifor yo,1
1,Verdaderas,VERB,alinar,1
1,Verdaderas,VERB,maldecir,1
1,Verdaderas,VERB,subir él,1
1,Verdaderas,VERB,habanera,1
1,Verdaderas,VERB,paternar,1
1,Verdaderas,VERB,ironizar,1
1,Verdaderas,VERB,pasarar,1
1,Verdaderas,VERB,aprendí,1
1,Verdaderas,VERB,fluir,1
1,Verdaderas,VERB,oir él,1
1,Verdaderas,VERB,recapitular,1
1,Verdaderas,VERB,subí,1
1,Verdaderas,VERB,engañé,1
1,Verdaderas,VERB,fastidiar,1
1,Verdaderas,VERB,pasar ,1
1,Verdaderas,VERB,reconocer yo,1
1,Verdaderas,VERB,convertí,1
1,Verdaderas,VERB,entrelazar,1
1,Verdaderas,VERB,apropiir,1
1,Verdaderas,VERB,volví,1
1,Verdaderas,VERB,tomé,1
1,Verdaderas,VERB,expurgar,1
1,Verdaderas,VERB,recogierar,1
1,Verdaderas,VERB,atendíamos,1
1,Verdaderas,VERB,excair,1
1,Verdaderas,VERB,entrecortar,1
1,Verdaderas,VERB,ocurrar,1
1,Verdaderas,VERB,descifrar,1
1,Verdaderas,VERB,necesitaríamos,1
1,Verdaderas,VERB,precursorar,1
1,Verdaderas,VERB,subducir,1
1,Verdaderas,VERB,ladrar,1
1,Verdaderas,VERB,procuran,1
1,Verdaderas,VERB,atreveer,1
1,Verdaderas,VERB,acercar yo,1
1,Verdaderas,VERB,intentábar,1
1,Verdaderas,VERB,value,1
1,Verdaderas,VERB,elevado-,1
1,Verdaderas,VERB,construimos,1
1,Verdaderas,VERB,remonter,1
1,Verdaderas,VERB,partimos,1
1,Verdaderas,VERB,octair,1
1,Verdaderas,VERB,insufla,1
1,Verdaderas,VERB,vine,1
1,Verdaderas,VERB,rar,1
1,Verdaderas,VERB,duchar él,1
1,Verdaderas,VERB,certificar,1
1,Verdaderas,VERB,devastarar,1
1,Verdaderas,VERB,adoptes,1
1,Verdaderas,VERB,brindarte,1
1,Verdaderas,VERB,ayudarte,1
1,Verdaderas,VERB,agachar él,1
1,Verdaderas,VERB,arrodillar él,1
1,Verdaderas,VERB,sobreviir,1
1,Verdaderas,VERB,retiran,1
1,Verdaderas,VERB,diseminar,1
1,Verdaderas,VERB,subestimar,1
1,Verdaderas,VERB,ahorrar,1
1,Verdaderas,VERB,derrumbarir,1
1,Verdaderas,VERB,ingerí,1
1,Verdaderas,VERB,saquear,1
1,Verdaderas,VERB,sacábar,1
1,Verdaderas,VERB,quiebrir,1
1,Verdaderas,VERB,recomponer él,1
1,Verdaderas,VERB,decirte,1
1,Verdaderas,VERB,agrupan,1
1,Verdaderas,VERB,sobrevive,1
1,Verdaderas,VERB,segundos,1
1,Verdaderas,VERB,prolongar él,1
1,Verdaderas,VERB,tener él,1
1,Verdaderas,VERB,amplificar él,1
1,Verdaderas,VERB,disminuyar,1
1,Verdaderas,VERB,interconectar,1
1,Verdaderas,VERB,derribar,1
1,Verdaderas,VERB,esparcir,1
1,Verdaderas,VERB,tambalear,1
1,Verdaderas,VERB,flaqueacer,1
1,Verdaderas,VERB,escucher,1
1,Verdaderas,VERB,metar,1
1,Verdaderas,VERB,desabastecimiento,1
1,Verdaderas,VERB,coordinar él,1
1,Verdaderas,VERB,orquestar,1
1,Verdaderas,VERB,accesib él,1
1,Verdaderas,VERB,alcancer,1
1,Verdaderas,VERB,encontradar,1
1,Verdaderas,VERB,telefo yo,1
1,Verdaderas,VERB,racionar,1
1,Verdaderas,VERB,moderar,1
1,Verdaderas,VERB,tubeer,1
1,Verdaderas,VERB,produjerar,1
1,Verdaderas,VERB,tutelar,1
1,Verdaderas,VERB,decepcionar,1
1,Verdaderas,VERB,estimular,1
1,Verdaderas,VERB,electar,1
1,Verdaderas,VERB,política-,1
1,Verdaderas,VERB,antiestadounidense,1
1,Verdaderas,VERB,volvamos,1
1,Verdaderas,VERB,amamos,1
1,Verdaderas,VERB,apreciar él,1
1,Verdaderas,VERB,doblar él,1
1,Verdaderas,VERB,partir él,1
1,Verdaderas,VERB,entrañar,1
1,Verdaderas,VERB,reflejar él,1
1,Verdaderas,VERB,tradar,1
1,Verdaderas,VERB,escucharar,1
1,Verdaderas,VERB,cautivar,1
1,Verdaderas,VERB,dijeron,1
1,Verdaderas,VERB,aprender él,1
1,Verdaderas,VERB,señoritar,1
1,Verdaderas,VERB,lanzarir,1
1,Verdaderas,VERB,oír,1
1,Verdaderas,VERB,reinterpretar él,1
1,Verdaderas,VERB,probar él,1
1,Verdaderas,VERB,hincha,1
1,Verdaderas,VERB,requeer,1
1,Verdaderas,VERB,superar yo,1
1,Verdaderas,VERB,cagar,1
1,Verdaderas,VERB,enseñar él,1
1,Verdaderas,VERB,confiar él,1
1,Verdaderas,VERB,mar,1
1,Verdaderas,VERB,posesionar,1
1,Verdaderas,VERB,oscurecer,1
1,Verdaderas,VERB,mair,1
1,Verdaderas,VERB,conviriteír,1
1,Verdaderas,VERB,mencionir,1
1,Verdaderas,VERB,muerdar,1
1,Verdaderas,VERB,enfocar él,1
1,Verdaderas,VERB,acojar,1
1,Verdaderas,VERB,repar,1
1,Verdaderas,VERB,exijo,1
1,Verdaderas,VERB,atacar él,1
1,Verdaderas,VERB,abusar él,1
1,Verdaderas,VERB,rociar él,1
1,Verdaderas,VERB,contarir,1
1,Verdaderas,VERB,extirpar,1
1,Verdaderas,VERB,sobrepasar,1
1,Verdaderas,VERB,presumimos,1
1,Verdaderas,VERB,fui,1
1,Verdaderas,VERB,costear él,1
1,Verdaderas,VERB,descalificar,1
1,Verdaderas,VERB,turnar él,1
1,Verdaderas,VERB,desideologizar,1
1,Verdaderas,VERB,aburguesar,1
1,Verdaderas,VERB,despuntar,1
1,Verdaderas,VERB,recitar,1
1,Verdaderas,VERB,graduó,1
1,Verdaderas,VERB,suscitar,1
1,Verdaderas,VERB,fumigar,1
1,Verdaderas,VERB,realzar,1
1,Verdaderas,VERB,imitar,1
1,Verdaderas,VERB,prócer,1
1,Verdaderas,VERB,tilde,1
1,Verdaderas,VERB,giran,1
1,Verdaderas,VERB,altísir,1
1,Verdaderas,VERB,reversionar,1
1,Verdaderas,VERB,so él,1
1,Verdaderas,VERB,rastrear,1
1,Verdaderas,VERB,juicio,1
1,Verdaderas,VERB,cotejar,1
1,Verdaderas,VERB,encomiendir,1
1,Verdaderas,VERB,zar,1
1,Verdaderas,VERB,gobernanza,1
1,Verdaderas,VERB,republicar,1
1,Verdaderas,ADJ,nuevo,537
1,Verdaderas,ADJ,primero,388
1,Verdaderas,ADJ,político,289
1,Verdaderas,ADJ,último,262
1,Verdaderas,ADJ,público,206
1,Verdaderas,ADJ,importante,196
1,Verdaderas,ADJ,social,182
1,Verdaderas,ADJ,mayor,170
1,Verdaderas,ADJ,solo,168
1,Verdaderas,ADJ,económico,167
1,Verdaderas,ADJ,pasado,152
1,Verdaderas,ADJ,general,151
1,Verdaderas,ADJ,gran,151
1,Verdaderas,ADJ,próximo,143
1,Verdaderas,ADJ,mejor,142
1,Verdaderas,ADJ,electoral,139
1,Verdaderas,ADJ,principal,126
1,Verdaderas,ADJ,grande,121
1,Verdaderas,ADJ,junto,110
1,Verdaderas,ADJ,estadounidense,107
1,Verdaderas,ADJ,español,106
1,Verdaderas,ADJ,venezolano,105
1,Verdaderas,ADJ,actual,103
1,Verdaderas,ADJ,especial,101
1,Verdaderas,ADJ,alto,94
1,Verdaderas,ADJ,fuerte,92
1,Verdaderas,ADJ,segundo,90
1,Verdaderas,ADJ,militar,88
1,Verdaderas,ADJ,nacional,88
1,Verdaderas,ADJ,catalán,82
1,Verdaderas,ADJ,internacional,82
1,Verdaderas,ADJ,posible,81
1,Verdaderas,ADJ,parlamentario,80
1,Verdaderas,ADJ,único,80
1,Verdaderas,ADJ,judicial,79
1,Verdaderas,ADJ,afectado,78
1,Verdaderas,ADJ,argentino,77
1,Verdaderas,ADJ,disponible,76
1,Verdaderas,ADJ,colombiano,75
1,Verdaderas,ADJ,documental,74
1,Verdaderas,ADJ,autonómico,73
1,Verdaderas,ADJ,presunto,73
1,Verdaderas,ADJ,local,72
1,Verdaderas,ADJ,propio,71
1,Verdaderas,ADJ,histórico,68
1,Verdaderas,ADJ,difícil,68
1,Verdaderas,ADJ,duro,67
1,Verdaderas,ADJ,petrolero,67
1,Verdaderas,ADJ,buen,66
1,Verdaderas,ADJ,menor,66
1,Verdaderas,ADJ,ilegal,66
1,Verdaderas,ADJ,laboral,64
1,Verdaderas,ADJ,socialista,64
1,Verdaderas,ADJ,andaluz,63
1,Verdaderas,ADJ,llamado,63
1,Verdaderas,ADJ,pequeño,63
1,Verdaderas,ADJ,legal,62
1,Verdaderas,ADJ,extremo,61
1,Verdaderas,ADJ,debido,61
1,Verdaderas,ADJ,privado,60
1,Verdaderas,ADJ,necesario,60
1,Verdaderas,ADJ,oficial,60
1,Verdaderas,ADJ,claro,59
1,Verdaderas,ADJ,grave,58
1,Verdaderas,ADJ,municipal,58
1,Verdaderas,ADJ,europeo,55
1,Verdaderas,ADJ,civil,55
1,Verdaderas,ADJ,fiscal,53
1,Verdaderas,ADJ,largo,52
1,Verdaderas,ADJ,abierto,50
1,Verdaderas,ADJ,fundamental,49
1,Verdaderas,ADJ,anterior,49
1,Verdaderas,ADJ,similar,49
1,Verdaderas,ADJ,máximo,48
1,Verdaderas,ADJ,fallecido,48
1,Verdaderas,ADJ,policial,48
1,Verdaderas,ADJ,amplio,45
1,Verdaderas,ADJ,morado,44
1,Verdaderas,ADJ,popular,44
1,Verdaderas,ADJ,bajo,43
1,Verdaderas,ADJ,conocido,43
1,Verdaderas,ADJ,conservador,41
1,Verdaderas,ADJ,independentista,41
1,Verdaderas,ADJ,mínimo,41
1,Verdaderas,ADJ,peor,41
1,Verdaderas,ADJ,detenido,41
1,Verdaderas,ADJ,enorme,41
1,Verdaderas,ADJ,estatal,40
1,Verdaderas,ADJ,reciente,40
1,Verdaderas,ADJ,artificial,40
1,Verdaderas,ADJ,cercano,39
1,Verdaderas,ADJ,publicado,39
1,Verdaderas,ADJ,pleno,39
1,Verdaderas,ADJ,previsto,38
1,Verdaderas,ADJ,absoluto,38
1,Verdaderas,ADJ,registrado,37
1,Verdaderas,ADJ,eléctrico,37
1,Verdaderas,ADJ,mexicano,37
1,Verdaderas,ADJ,interno,36
1,Verdaderas,ADJ,madrileño,36
1,Verdaderas,ADJ,tercero,36
1,Verdaderas,ADJ,igual,35
1,Verdaderas,ADJ,acusado,35
1,Verdaderas,ADJ,migratorio,35
1,Verdaderas,ADJ,personal,35
1,Verdaderas,ADJ,mundial,34
1,Verdaderas,ADJ,real,34
1,Verdaderas,ADJ,supuesto,34
1,Verdaderas,ADJ,distinto,34
1,Verdaderas,ADJ,central,34
1,Verdaderas,ADJ,criminal,34
1,Verdaderas,ADJ,pendiente,33
1,Verdaderas,ADJ,regional,33
1,Verdaderas,ADJ,condenado,33
1,Verdaderas,ADJ,emérito,32
1,Verdaderas,ADJ,democrático,32
1,Verdaderas,ADJ,común,32
1,Verdaderas,ADJ,política,32
1,Verdaderas,ADJ,educativo,32
1,Verdaderas,ADJ,diferente,32
1,Verdaderas,ADJ,cubano,31
1,Verdaderas,ADJ,falso,30
1,Verdaderas,ADJ,climático,30
1,Verdaderas,ADJ,extraordinario,30
1,Verdaderas,ADJ,progresista,30
1,Verdaderas,ADJ,total,30
1,Verdaderas,ADJ,ex,30
1,Verdaderas,ADJ,humano,30
1,Verdaderas,ADJ,médico,30
1,Verdaderas,ADJ,comercial,30
1,Verdaderas,ADJ,profundo,30
1,Verdaderas,ADJ,británico,30
1,Verdaderas,ADJ,atrapado,30
1,Verdaderas,ADJ,franquista,29
1,Verdaderas,ADJ,digital,29
1,Verdaderas,ADJ,institucional,29
1,Verdaderas,ADJ,mismo,29
1,Verdaderas,ADJ,seguro,29
1,Verdaderas,ADJ,armado,29
1,Verdaderas,ADJ,ubicado,29
1,Verdaderas,ADJ,masivo,28
1,Verdaderas,ADJ,procés,28
1,Verdaderas,ADJ,final,28
1,Verdaderas,ADJ,tradicional,28
1,Verdaderas,ADJ,jurídico,28
1,Verdaderas,ADJ,permanente,27
1,Verdaderas,ADJ,constitucional,27
1,Verdaderas,ADJ,suficiente,27
1,Verdaderas,ADJ,sexual,27
1,Verdaderas,ADJ,antiguo,27
1,Verdaderas,ADJ,vasco,27
1,Verdaderas,ADJ,intenso,27
1,Verdaderas,ADJ,presidencial,27
1,Verdaderas,ADJ,relacionado,26
1,Verdaderas,ADJ,ciudadano,26
1,Verdaderas,ADJ,vinculado,26
1,Verdaderas,ADJ,sanitario,26
1,Verdaderas,ADJ,libre,26
1,Verdaderas,ADJ,diplomático,26
1,Verdaderas,ADJ,sísmico,26
1,Verdaderas,ADJ,contrario,25
1,Verdaderas,ADJ,crítico,25
1,Verdaderas,ADJ,tecnológico,25
1,Verdaderas,ADJ,previo,25
1,Verdaderas,ADJ,marcado,25
1,Verdaderas,ADJ,psicológico,25
1,Verdaderas,ADJ,natural,25
1,Verdaderas,ADJ,ultraderechista,24
1,Verdaderas,ADJ,verde,24
1,Verdaderas,ADJ,capaz,24
1,Verdaderas,ADJ,tercer,24
1,Verdaderas,ADJ,anual,24
1,Verdaderas,ADJ,colectivo,24
1,Verdaderas,ADJ,familiar,24
1,Verdaderas,ADJ,investigado,23
1,Verdaderas,ADJ,imputado,23
1,Verdaderas,ADJ,casado,23
1,Verdaderas,ADJ,brasileño,23
1,Verdaderas,ADJ,financiero,23
1,Verdaderas,ADJ,global,23
1,Verdaderas,ADJ,presentado,22
1,Verdaderas,ADJ,territorial,22
1,Verdaderas,ADJ,asesinado,22
1,Verdaderas,ADJ,penal,22
1,Verdaderas,ADJ,feminista,22
1,Verdaderas,ADJ,superior,22
1,Verdaderas,ADJ,vivo,22
1,Verdaderas,ADJ,joven,22
1,Verdaderas,ADJ,elevado,21
1,Verdaderas,ADJ,futuro,21
1,Verdaderas,ADJ,inmediato,21
1,Verdaderas,ADJ,efectivo,21
1,Verdaderas,ADJ,independiente,21
1,Verdaderas,ADJ,siguiente,21
1,Verdaderas,ADJ,numeroso,21
1,Verdaderas,ADJ,violento,21
1,Verdaderas,ADJ,cultural,21
1,Verdaderas,ADJ,directo,21
1,Verdaderas,ADJ,dicho,21
1,Verdaderas,ADJ,humanitario,21
1,Verdaderas,ADJ,desaparecido,21
1,Verdaderas,ADJ,latinoamericano,21
1,Verdaderas,ADJ,extranjero,21
1,Verdaderas,ADJ,interino,20
1,Verdaderas,ADJ,concreto,20
1,Verdaderas,ADJ,irregular,20
1,Verdaderas,ADJ,positivo,20
1,Verdaderas,ADJ,machista,20
1,Verdaderas,ADJ,aprobado,20
1,Verdaderas,ADJ,anunciado,20
1,Verdaderas,ADJ,mental,20
1,Verdaderas,ADJ,vigente,20
1,Verdaderas,ADJ,mediático,20
1,Verdaderas,ADJ,encargado,20
1,Verdaderas,ADJ,turístico,20
1,Verdaderas,ADJ,significativo,20
1,Verdaderas,ADJ,liberal,19
1,Verdaderas,ADJ,conjunto,19
1,Verdaderas,ADJ,radical,19
1,Verdaderas,ADJ,temporal,19
1,Verdaderas,ADJ,ruso,19
1,Verdaderas,ADJ,gallego,19
1,Verdaderas,ADJ,malo,19
1,Verdaderas,ADJ,estratégico,19
1,Verdaderas,ADJ,preso,19
1,Verdaderas,ADJ,complejo,19
1,Verdaderas,ADJ,penitenciario,19
1,Verdaderas,ADJ,diario,19
1,Verdaderas,ADJ,viejo,19
1,Verdaderas,ADJ,colapsado,19
1,Verdaderas,ADJ,destruido,19
1,Verdaderas,ADJ,dirigido,18
1,Verdaderas,ADJ,polémico,18
1,Verdaderas,ADJ,activo,18
1,Verdaderas,ADJ,incluido,18
1,Verdaderas,ADJ,nazi,18
1,Verdaderas,ADJ,creado,18
1,Verdaderas,ADJ,situado,18
1,Verdaderas,ADJ,convencido,18
1,Verdaderas,ADJ,agrícola,18
1,Verdaderas,ADJ,especializado,18
1,Verdaderas,ADJ,preparado,18
1,Verdaderas,ADJ,sudamericano,18
1,Verdaderas,ADJ,medio,17
1,Verdaderas,ADJ,técnico,17
1,Verdaderas,ADJ,ultra,17
1,Verdaderas,ADJ,federal,17
1,Verdaderas,ADJ,dedicado,17
1,Verdaderas,ADJ,valenciano,17
1,Verdaderas,ADJ,imposible,17
1,Verdaderas,ADJ,presente,17
1,Verdaderas,ADJ,fácil,17
1,Verdaderas,ADJ,alimentario,17
1,Verdaderas,ADJ,rápido,17
1,Verdaderas,ADJ,creciente,17
1,Verdaderas,ADJ,impulsado,17
1,Verdaderas,ADJ,básico,17
1,Verdaderas,ADJ,vulnerable,17
1,Verdaderas,ADJ,pobre,17
1,Verdaderas,ADJ,mayoritario,16
1,Verdaderas,ADJ,provisional,16
1,Verdaderas,ADJ,republicano,16
1,Verdaderas,ADJ,realizado,16
1,Verdaderas,ADJ,definitivo,16
1,Verdaderas,ADJ,nacido,16
1,Verdaderas,ADJ,encarcelado,16
1,Verdaderas,ADJ,estructural,16
1,Verdaderas,ADJ,particular,16
1,Verdaderas,ADJ,cierto,16
1,Verdaderas,ADJ,doble,16
1,Verdaderas,ADJ,físico,16
1,Verdaderas,ADJ,destacado,16
1,Verdaderas,ADJ,material,16
1,Verdaderas,ADJ,evidente,15
1,Verdaderas,ADJ,urgente,15
1,Verdaderas,ADJ,religioso,15
1,Verdaderas,ADJ,dispuesto,15
1,Verdaderas,ADJ,infantil,15
1,Verdaderas,ADJ,exterior,15
1,Verdaderas,ADJ,organizado,15
1,Verdaderas,ADJ,archivo,15
1,Verdaderas,ADJ,energético,15
1,Verdaderas,ADJ,obtenido,15
1,Verdaderas,ADJ,parcial,15
1,Verdaderas,ADJ,decisivo,15
1,Verdaderas,ADJ,ilícito,15
1,Verdaderas,ADJ,liderado,15
1,Verdaderas,ADJ,hecho,15
1,Verdaderas,ADJ,determinado,15
1,Verdaderas,ADJ,temprano,15
1,Verdaderas,ADJ,ideológico,15
1,Verdaderas,ADJ,múltiple,15
1,Verdaderas,ADJ,potente,15
1,Verdaderas,ADJ,ejecutivo,14
1,Verdaderas,ADJ,protegido,14
1,Verdaderas,ADJ,elegido,14
1,Verdaderas,ADJ,adecuado,14
1,Verdaderas,ADJ,habitual,14
1,Verdaderas,ADJ,doméstico,14
1,Verdaderas,ADJ,completo,14
1,Verdaderas,ADJ,formal,14
1,Verdaderas,ADJ,posterior,14
1,Verdaderas,ADJ,autónomo,14
1,Verdaderas,ADJ,constante,14
1,Verdaderas,ADJ,académico,14
1,Verdaderas,ADJ,inicial,14
1,Verdaderas,ADJ,gubernamental,14
1,Verdaderas,ADJ,geopolítico,14
1,Verdaderas,ADJ,específico,14
1,Verdaderas,ADJ,ocurrido,14
1,Verdaderas,ADJ,escolar,14
1,Verdaderas,ADJ,embarazado,14
1,Verdaderas,ADJ,docente,14
1,Verdaderas,ADJ,marino,14
1,Verdaderas,ADJ,convocado,13
1,Verdaderas,ADJ,difundido,13
1,Verdaderas,ADJ,confederal,13
1,Verdaderas,ADJ,rojo,13
1,Verdaderas,ADJ,verdadero,13
1,Verdaderas,ADJ,relevante,13
1,Verdaderas,ADJ,bueno,13
1,Verdaderas,ADJ,preventivo,13
1,Verdaderas,ADJ,individual,13
1,Verdaderas,ADJ,poderoso,13
1,Verdaderas,ADJ,procedente,13
1,Verdaderas,ADJ,administrativo,13
1,Verdaderas,ADJ,roto,13
1,Verdaderas,ADJ,probado,13
1,Verdaderas,ADJ,preocupante,13
1,Verdaderas,ADJ,inmigrante,13
1,Verdaderas,ADJ,estable,13
1,Verdaderas,ADJ,haz,13
1,Verdaderas,ADJ,ligado,12
1,Verdaderas,ADJ,basado,12
1,Verdaderas,ADJ,serio,12
1,Verdaderas,ADJ,establecido,12
1,Verdaderas,ADJ,escrito,12
1,Verdaderas,ADJ,cerrado,12
1,Verdaderas,ADJ,sostenible,12
1,Verdaderas,ADJ,acompañado,12
1,Verdaderas,ADJ,corrupto,12
1,Verdaderas,ADJ,tranquilo,12
1,Verdaderas,ADJ,celebrado,12
1,Verdaderas,ADJ,panameño,12
1,Verdaderas,ADJ,favorable,12
1,Verdaderas,ADJ,sencillo,12
1,Verdaderas,ADJ,simbólico,12
1,Verdaderas,ADJ,cuarto,12
1,Verdaderas,ADJ,chileno,12
1,Verdaderas,ADJ,bancario,12
1,Verdaderas,ADJ,reconocido,12
1,Verdaderas,ADJ,famoso,12
1,Verdaderas,ADJ,asociado,12
1,Verdaderas,ADJ,involucrado,12
1,Verdaderas,ADJ,emocional,12
1,Verdaderas,ADJ,blanco,12
1,Verdaderas,ADJ,frecuente,12
1,Verdaderas,ADJ,boliviano,12
1,Verdaderas,ADJ,potable,12
1,Verdaderas,ADJ,indígena,12
1,Verdaderas,ADJ,complicado,11
1,Verdaderas,ADJ,derecho,11
1,Verdaderas,ADJ,salvaje,11
1,Verdaderas,ADJ,seguido,11
1,Verdaderas,ADJ,ambicioso,11
1,Verdaderas,ADJ,preliminar,11
1,Verdaderas,ADJ,legislativo,11
1,Verdaderas,ADJ,legítimo,11
1,Verdaderas,ADJ,herido,11
1,Verdaderas,ADJ,presupuestario,11
1,Verdaderas,ADJ,lleno,11
1,Verdaderas,ADJ,francés,11
1,Verdaderas,ADJ,moderado,11
1,Verdaderas,ADJ,firmado,11
1,Verdaderas,ADJ,científico,11
1,Verdaderas,ADJ,ambiental,11
1,Verdaderas,ADJ,belga,11
1,Verdaderas,ADJ,alternativo,11
1,Verdaderas,ADJ,considerado,11
1,Verdaderas,ADJ,negro,11
1,Verdaderas,ADJ,enviado,11
1,Verdaderas,ADJ,colonial,11
1,Verdaderas,ADJ,forzado,11
1,Verdaderas,ADJ,muerto,11
1,Verdaderas,ADJ,feliz,11
1,Verdaderas,ADJ,fascinante,11
1,Verdaderas,ADJ,chino,11
1,Verdaderas,ADJ,entero,11
1,Verdaderas,ADJ,tectónica,11
1,Verdaderas,ADJ,empresarial,10
1,Verdaderas,ADJ,ecologista,10
1,Verdaderas,ADJ,impuesto,10
1,Verdaderas,ADJ,oral,10
1,Verdaderas,ADJ,consciente,10
1,Verdaderas,ADJ,enterrado,10
1,Verdaderas,ADJ,unido,10
1,Verdaderas,ADJ,telefónico,10
1,Verdaderas,ADJ,delictivo,10
1,Verdaderas,ADJ,visto,10
1,Verdaderas,ADJ,soberanista,10
1,Verdaderas,ADJ,secreto,10
1,Verdaderas,ADJ,suspendido,10
1,Verdaderas,ADJ,destinado,10
1,Verdaderas,ADJ,encabezado,10
1,Verdaderas,ADJ,responsable,10
1,Verdaderas,ADJ,cautelar,10
1,Verdaderas,ADJ,voluntario,10
1,Verdaderas,ADJ,larga,10
1,Verdaderas,ADJ,profesional,10
1,Verdaderas,ADJ,extraño,10
1,Verdaderas,ADJ,elaborado,10
1,Verdaderas,ADJ,procesado,10
1,Verdaderas,ADJ,rural,10
1,Verdaderas,ADJ,diverso,10
1,Verdaderas,ADJ,católico,10
1,Verdaderas,ADJ,visible,10
1,Verdaderas,ADJ,marítimo,10
1,Verdaderas,ADJ,interesante,10
1,Verdaderas,ADJ,italiano,10
1,Verdaderas,ADJ,construido,10
1,Verdaderas,ADJ,consultado,10
1,Verdaderas,ADJ,superficial,10
1,Verdaderas,ADJ,matemático,10
1,Verdaderas,ADJ,centroamericano,10
1,Verdaderas,ADJ,salvadoreño,10
1,Verdaderas,ADJ,brutal,10
1,Verdaderas,ADJ,artístico,10
1,Verdaderas,ADJ,israelí,10
1,Verdaderas,ADJ,ecuatoriano,10
1,Verdaderas,ADJ,cometido,9
1,Verdaderas,ADJ,terrorista,9
1,Verdaderas,ADJ,comunitario,9
1,Verdaderas,ADJ,alemán,9
1,Verdaderas,ADJ,quinto,9
1,Verdaderas,ADJ,programático,9
1,Verdaderas,ADJ,inferior,9
1,Verdaderas,ADJ,votado,9
1,Verdaderas,ADJ,crucial,9
1,Verdaderas,ADJ,estrecho,9
1,Verdaderas,ADJ,interesado,9
1,Verdaderas,ADJ,jubilado,9
1,Verdaderas,ADJ,drástico,9
1,Verdaderas,ADJ,exclusivo,9
1,Verdaderas,ADJ,triste,9
1,Verdaderas,ADJ,denominado,9
1,Verdaderas,ADJ,mal,9
1,Verdaderas,ADJ,grabado,9
1,Verdaderas,ADJ,avanzado,9
1,Verdaderas,ADJ,eventual,9
1,Verdaderas,ADJ,sometido,9
1,Verdaderas,ADJ,crónico,9
1,Verdaderas,ADJ,rico,9
1,Verdaderas,ADJ,corto,9
1,Verdaderas,ADJ,vecino,9
1,Verdaderas,ADJ,retirado,9
1,Verdaderas,ADJ,uruguayo,9
1,Verdaderas,ADJ,implicado,9
1,Verdaderas,ADJ,dañado,9
1,Verdaderas,ADJ,moderno,9
1,Verdaderas,ADJ,probable,9
1,Verdaderas,ADJ,cristiano,9
1,Verdaderas,ADJ,alineado,9
1,Verdaderas,ADJ,clásico,9
1,Verdaderas,ADJ,tropical,9
1,Verdaderas,ADJ,meteorológico,9
1,Verdaderas,ADJ,productivo,9
1,Verdaderas,ADJ,golpeado,9
1,Verdaderas,ADJ,americano,9
1,Verdaderas,ADJ,espontáneo,9
1,Verdaderas,ADJ,sísmica,9
1,Verdaderas,ADJ,mordazo,8
1,Verdaderas,ADJ,paralizado,8
1,Verdaderas,ADJ,escaso,8
1,Verdaderas,ADJ,desconocido,8
1,Verdaderas,ADJ,afín,8
1,Verdaderas,ADJ,correcto,8
1,Verdaderas,ADJ,informativo,8
1,Verdaderas,ADJ,potencial,8
1,Verdaderas,ADJ,digno,8
1,Verdaderas,ADJ,firme,8
1,Verdaderas,ADJ,presidido,8
1,Verdaderas,ADJ,agravado,8
1,Verdaderas,ADJ,planteado,8
1,Verdaderas,ADJ,amarillo,8
1,Verdaderas,ADJ,bilateral,8
1,Verdaderas,ADJ,telemático,8
1,Verdaderas,ADJ,continuo,8
1,Verdaderas,ADJ,breve,8
1,Verdaderas,ADJ,convertido,8
1,Verdaderas,ADJ,útil,8
1,Verdaderas,ADJ,blando,8
1,Verdaderas,ADJ,reservado,8
1,Verdaderas,ADJ,designado,8
1,Verdaderas,ADJ,nocturno,8
1,Verdaderas,ADJ,justo,8
1,Verdaderas,ADJ,autoritario,8
1,Verdaderas,ADJ,alejado,8
1,Verdaderas,ADJ,esencial,8
1,Verdaderas,ADJ,obligado,8
1,Verdaderas,ADJ,ingresado,8
1,Verdaderas,ADJ,puesto,8
1,Verdaderas,ADJ,secundario,8
1,Verdaderas,ADJ,lés,8
1,Verdaderas,ADJ,residente,8
1,Verdaderas,ADJ,autorizado,8
1,Verdaderas,ADJ,agotado,8
1,Verdaderas,ADJ,delicado,8
1,Verdaderas,ADJ,puntual,8
1,Verdaderas,ADJ,original,8
1,Verdaderas,ADJ,vital,8
1,Verdaderas,ADJ,musical,8
1,Verdaderas,ADJ,normativo,8
1,Verdaderas,ADJ,existente,8
1,Verdaderas,ADJ,regulatorio,8
1,Verdaderas,ADJ,informal,8
1,Verdaderas,ADJ,visa,8
1,Verdaderas,ADJ,increíble,8
1,Verdaderas,ADJ,sostenido,8
1,Verdaderas,ADJ,occidental,8
1,Verdaderas,ADJ,querido,8
1,Verdaderas,ADJ,mágico,8
1,Verdaderas,ADJ,afuero,8
1,Verdaderas,ADJ,peruano,8
1,Verdaderas,ADJ,homosexual,8
1,Verdaderas,ADJ,costarricense,8
1,Verdaderas,ADJ,desesperado,8
1,Verdaderas,ADJ,dividido,7
1,Verdaderas,ADJ,mortal,7
1,Verdaderas,ADJ,marroquí,7
1,Verdaderas,ADJ,primario,7
1,Verdaderas,ADJ,peligroso,7
1,Verdaderas,ADJ,coordinado,7
1,Verdaderas,ADJ,válido,7
1,Verdaderas,ADJ,débil,7
1,Verdaderas,ADJ,vacío,7
1,Verdaderas,ADJ,denunciado,7
1,Verdaderas,ADJ,citado,7
1,Verdaderas,ADJ,anticipado,7
1,Verdaderas,ADJ,pactado,7
1,Verdaderas,ADJ,femenino,7
1,Verdaderas,ADJ,demócrata,7
1,Verdaderas,ADJ,amenazado,7
1,Verdaderas,ADJ,externo,7
1,Verdaderas,ADJ,lingüístico,7
1,Verdaderas,ADJ,separado,7
1,Verdaderas,ADJ,dulce,7
1,Verdaderas,ADJ,justificado,7
1,Verdaderas,ADJ,acordado,7
1,Verdaderas,ADJ,aéreo,7
1,Verdaderas,ADJ,provincial,7
1,Verdaderas,ADJ,negociador,7
1,Verdaderas,ADJ,navarro,7
1,Verdaderas,ADJ,electrónico,7
1,Verdaderas,ADJ,desigual,7
1,Verdaderas,ADJ,universitario,7
1,Verdaderas,ADJ,correspondiente,7
1,Verdaderas,ADJ,diseñado,7
1,Verdaderas,ADJ,natal,7
1,Verdaderas,ADJ,muchísimo,7
1,Verdaderas,ADJ,paramilitar,7
1,Verdaderas,ADJ,fronterizo,7
1,Verdaderas,ADJ,permitido,7
1,Verdaderas,ADJ,buena,7
1,Verdaderas,ADJ,emitido,7
1,Verdaderas,ADJ,sistemático,7
1,Verdaderas,ADJ,instalado,7
1,Verdaderas,ADJ,insuficiente,7
1,Verdaderas,ADJ,detallado,7
1,Verdaderas,ADJ,terrible,7
1,Verdaderas,ADJ,negativo,7
1,Verdaderas,ADJ,sospechoso,7
1,Verdaderas,ADJ,logístico,7
1,Verdaderas,ADJ,simple,7
1,Verdaderas,ADJ,normal,7
1,Verdaderas,ADJ,millonario,7
1,Verdaderas,ADJ,terrestre,7
1,Verdaderas,ADJ,exiliado,7
1,Verdaderas,ADJ,influyente,7
1,Verdaderas,ADJ,competitivo,7
1,Verdaderas,ADJ,ecológico,7
1,Verdaderas,ADJ,inusual,7
1,Verdaderas,ADJ,liberado,7
1,Verdaderas,ADJ,exitoso,7
1,Verdaderas,ADJ,caribeño,7
1,Verdaderas,ADJ,tigre,7
1,Verdaderas,ADJ,cotidiano,7
1,Verdaderas,ADJ,poblado,7
1,Verdaderas,ADJ,aislado,7
1,Verdaderas,ADJ,indígén,7
1,Verdaderas,ADJ,sobrevivient,7
1,Verdaderas,ADJ,encerrado,6
1,Verdaderas,ADJ,confirmado,6
1,Verdaderas,ADJ,integral,6
1,Verdaderas,ADJ,cruel,6
1,Verdaderas,ADJ,revisable,6
1,Verdaderas,ADJ,metropolitano,6
1,Verdaderas,ADJ,valiente,6
1,Verdaderas,ADJ,taurino,6
1,Verdaderas,ADJ,imprescindible,6
1,Verdaderas,ADJ,eficaz,6
1,Verdaderas,ADJ,gratuito,6
1,Verdaderas,ADJ,causado,6
1,Verdaderas,ADJ,derivo,6
1,Verdaderas,ADJ,satisfecho,6
1,Verdaderas,ADJ,recogido,6
1,Verdaderas,ADJ,salarial,6
1,Verdaderas,ADJ,urbano,6
1,Verdaderas,ADJ,sujeto,6
1,Verdaderas,ADJ,migrant,6
1,Verdaderas,ADJ,fallido,6
1,Verdaderas,ADJ,robado,6
1,Verdaderas,ADJ,sexto,6
1,Verdaderas,ADJ,ministerial,6
1,Verdaderas,ADJ,canario,6
1,Verdaderas,ADJ,ordinario,6
1,Verdaderas,ADJ,vinculante,6
1,Verdaderas,ADJ,abertzale,6
1,Verdaderas,ADJ,multimillonario,6
1,Verdaderas,ADJ,ilegítimo,6
1,Verdaderas,ADJ,intensivo,6
1,Verdaderas,ADJ,iniciado,6
1,Verdaderas,ADJ,auténtico,6
1,Verdaderas,ADJ,fusilado,6
1,Verdaderas,ADJ,residencial,6
1,Verdaderas,ADJ,inmobiliario,6
1,Verdaderas,ADJ,naranjo,6
1,Verdaderas,ADJ,oportuno,6
1,Verdaderas,ADJ,nulo,6
1,Verdaderas,ADJ,formulado,6
1,Verdaderas,ADJ,maravilloso,6
1,Verdaderas,ADJ,preocupado,6
1,Verdaderas,ADJ,moral,6
1,Verdaderas,ADJ,integrado,6
1,Verdaderas,ADJ,propuesto,6
1,Verdaderas,ADJ,comunista,6
1,Verdaderas,ADJ,caído,6
1,Verdaderas,ADJ,cuestionado,6
1,Verdaderas,ADJ,concedido,6
1,Verdaderas,ADJ,valorado,6
1,Verdaderas,ADJ,práctico,6
1,Verdaderas,ADJ,inevitable,6
1,Verdaderas,ADJ,pacífico,6
1,Verdaderas,ADJ,leve,6
1,Verdaderas,ADJ,respaldado,6
1,Verdaderas,ADJ,emblemático,6
1,Verdaderas,ADJ,sólido,6
1,Verdaderas,ADJ,preciso,6
1,Verdaderas,ADJ,recluido,6
1,Verdaderas,ADJ,naval,6
1,Verdaderas,ADJ,vestido,6
1,Verdaderas,ADJ,lavado,6
1,Verdaderas,ADJ,identificado,6
1,Verdaderas,ADJ,costero,6
1,Verdaderas,ADJ,equivalente,6
1,Verdaderas,ADJ,opositor,6
1,Verdaderas,ADJ,prioritario,6
1,Verdaderas,ADJ,conectado,6
1,Verdaderas,ADJ,espiritual,6
1,Verdaderas,ADJ,inspirado,6
1,Verdaderas,ADJ,barato,6
1,Verdaderas,ADJ,latino,6
1,Verdaderas,ADJ,operativo,6
1,Verdaderas,ADJ,electo,6
1,Verdaderas,ADJ,arrestado,6
1,Verdaderas,ADJ,interoceánico,6
1,Verdaderas,ADJ,limitado,6
1,Verdaderas,ADJ,transparente,6
1,Verdaderas,ADJ,soviético,6
1,Verdaderas,ADJ,amazónico,6
1,Verdaderas,ADJ,destructivo,6
1,Verdaderas,ADJ,listo,5
1,Verdaderas,ADJ,constitutivo,5
1,Verdaderas,ADJ,abandonado,5
1,Verdaderas,ADJ,selectivo,5
1,Verdaderas,ADJ,sucedido,5
1,Verdaderas,ADJ,expulsado,5
1,Verdaderas,ADJ,adjunto,5
1,Verdaderas,ADJ,aprobada,5
1,Verdaderas,ADJ,ajustado,5
1,Verdaderas,ADJ,inédito,5
1,Verdaderas,ADJ,interpuesto,5
1,Verdaderas,ADJ,solitario,5
1,Verdaderas,ADJ,golpista,5
1,Verdaderas,ADJ,acumulado,5
1,Verdaderas,ADJ,inconstitucional,5
1,Verdaderas,ADJ,fascista,5
1,Verdaderas,ADJ,fraudulento,5
1,Verdaderas,ADJ,balear,5
1,Verdaderas,ADJ,innecesario,5
1,Verdaderas,ADJ,yihadista,5
1,Verdaderas,ADJ,excepcional,5
1,Verdaderas,ADJ,garantizado,5
1,Verdaderas,ADJ,severo,5
1,Verdaderas,ADJ,capital,5
1,Verdaderas,ADJ,formado,5
1,Verdaderas,ADJ,abundante,5
1,Verdaderas,ADJ,dependiente,5
1,Verdaderas,ADJ,urbanístico,5
1,Verdaderas,ADJ,indebido,5
1,Verdaderas,ADJ,minoritario,5
1,Verdaderas,ADJ,lesionado,5
1,Verdaderas,ADJ,controlado,5
1,Verdaderas,ADJ,vigilante,5
1,Verdaderas,ADJ,asistencial,5
1,Verdaderas,ADJ,clandestino,5
1,Verdaderas,ADJ,indispensable,5
1,Verdaderas,ADJ,condicional,5
1,Verdaderas,ADJ,incapaz,5
1,Verdaderas,ADJ,inminente,5
1,Verdaderas,ADJ,llamativo,5
1,Verdaderas,ADJ,representado,5
1,Verdaderas,ADJ,oculto,5
1,Verdaderas,ADJ,optimista,5
1,Verdaderas,ADJ,orgánico,5
1,Verdaderas,ADJ,amparado,5
1,Verdaderas,ADJ,razonable,5
1,Verdaderas,ADJ,desplazado,5
1,Verdaderas,ADJ,bélico,5
1,Verdaderas,ADJ,hospitalario,5
1,Verdaderas,ADJ,mecánico,5
1,Verdaderas,ADJ,atado,5
1,Verdaderas,ADJ,perdido,5
1,Verdaderas,ADJ,pronunciado,5
1,Verdaderas,ADJ,cargado,5
1,Verdaderas,ADJ,paralelo,5
1,Verdaderas,ADJ,proporcional,5
1,Verdaderas,ADJ,comprometido,5
1,Verdaderas,ADJ,consecutivo,5
1,Verdaderas,ADJ,incómodo,5
1,Verdaderas,ADJ,saudí,5
1,Verdaderas,ADJ,intolerable,5
1,Verdaderas,ADJ,presido,5
1,Verdaderas,ADJ,extenso,5
1,Verdaderas,ADJ,anónimo,5
1,Verdaderas,ADJ,conformado,5
1,Verdaderas,ADJ,sufrido,5
1,Verdaderas,ADJ,tributario,5
1,Verdaderas,ADJ,incompatible,5
1,Verdaderas,ADJ,lamentable,5
1,Verdaderas,ADJ,ocupado,5
1,Verdaderas,ADJ,descrito,5
1,Verdaderas,ADJ,blindado,5
1,Verdaderas,ADJ,usado,5
1,Verdaderas,ADJ,departamental,5
1,Verdaderas,ADJ,perfecto,5
1,Verdaderas,ADJ,controvertido,5
1,Verdaderas,ADJ,norteamericano,5
1,Verdaderas,ADJ,recibido,5
1,Verdaderas,ADJ,desarrollado,5
1,Verdaderas,ADJ,proveniente,5
1,Verdaderas,ADJ,explícito,5
1,Verdaderas,ADJ,cuidado,5
1,Verdaderas,ADJ,intelectual,5
1,Verdaderas,ADJ,aliado,5
1,Verdaderas,ADJ,derechista,5
1,Verdaderas,ADJ,domiciliario,5
1,Verdaderas,ADJ,sentado,5
1,Verdaderas,ADJ,desplegado,5
1,Verdaderas,ADJ,confiable,5
1,Verdaderas,ADJ,macroeconómico,5
1,Verdaderas,ADJ,precario,5
1,Verdaderas,ADJ,monetario,5
1,Verdaderas,ADJ,disperso,5
1,Verdaderas,ADJ,prolongado,5
1,Verdaderas,ADJ,acuático,5
1,Verdaderas,ADJ,biológico,5
1,Verdaderas,ADJ,impactante,5
1,Verdaderas,ADJ,parecido,5
1,Verdaderas,ADJ,devastada,5
1,Verdaderas,ADJ,prehispánico,5
1,Verdaderas,ADJ,exacto,5
1,Verdaderas,ADJ,celular,5
1,Verdaderas,ADJ,recurrente,5
1,Verdaderas,ADJ,doloroso,5
1,Verdaderas,ADJ,norte,5
1,Verdaderas,ADJ,rentable,5
1,Verdaderas,ADJ,capitalista,5
1,Verdaderas,ADJ,oceánico,5
1,Verdaderas,ADJ,hídrico,5
1,Verdaderas,ADJ,bolichico,5
1,Verdaderas,ADJ,indio,5
1,Verdaderas,ADJ,consular,5
1,Verdaderas,ADJ,rescatista,5
1,Verdaderas,ADJ,sepultado,5
1,Verdaderas,ADJ,geológico,5
1,Verdaderas,ADJ,adoptado,4
1,Verdaderas,ADJ,inglés,4
1,Verdaderas,ADJ,eólico,4
1,Verdaderas,ADJ,transversal,4
1,Verdaderas,ADJ,indefinido,4
1,Verdaderas,ADJ,ucraniano,4
1,Verdaderas,ADJ,restrictivo,4
1,Verdaderas,ADJ,pasivo,4
1,Verdaderas,ADJ,reducido,4
1,Verdaderas,ADJ,escogido,4
1,Verdaderas,ADJ,encubierto,4
1,Verdaderas,ADJ,tenso,4
1,Verdaderas,ADJ,capacitado,4
1,Verdaderas,ADJ,experto,4
1,Verdaderas,ADJ,secuestrado,4
1,Verdaderas,ADJ,trans,4
1,Verdaderas,ADJ,rogado,4
1,Verdaderas,ADJ,plenario,4
1,Verdaderas,ADJ,semanal,4
1,Verdaderas,ADJ,solicitado,4
1,Verdaderas,ADJ,desproporcionado,4
1,Verdaderas,ADJ,antifranquista,4
1,Verdaderas,ADJ,riguroso,4
1,Verdaderas,ADJ,nacionalista,4
1,Verdaderas,ADJ,compatible,4
1,Verdaderas,ADJ,expreso,4
1,Verdaderas,ADJ,rodeado,4
1,Verdaderas,ADJ,infanto,4
1,Verdaderas,ADJ,relativo,4
1,Verdaderas,ADJ,castigado,4
1,Verdaderas,ADJ,partidario,4
1,Verdaderas,ADJ,pensado,4
1,Verdaderas,ADJ,surgido,4
1,Verdaderas,ADJ,racista,4
1,Verdaderas,ADJ,compuesto,4
1,Verdaderas,ADJ,incierto,4
1,Verdaderas,ADJ,ofrecido,4
1,Verdaderas,ADJ,mero,4
1,Verdaderas,ADJ,nombrado,4
1,Verdaderas,ADJ,activista,4
1,Verdaderas,ADJ,rebelde,4
1,Verdaderas,ADJ,opuesto,4
1,Verdaderas,ADJ,alcanzado,4
1,Verdaderas,ADJ,imparcial,4
1,Verdaderas,ADJ,octavo,4
1,Verdaderas,ADJ,parental,4
1,Verdaderas,ADJ,exigido,4
1,Verdaderas,ADJ,hipotético,4
1,Verdaderas,ADJ,generalizado,4
1,Verdaderas,ADJ,distribuido,4
1,Verdaderas,ADJ,huido,4
1,Verdaderas,ADJ,repentino,4
1,Verdaderas,ADJ,gestionado,4
1,Verdaderas,ADJ,concertado,4
1,Verdaderas,ADJ,forense,4
1,Verdaderas,ADJ,periodístico,4
1,Verdaderas,ADJ,dictado,4
1,Verdaderas,ADJ,clasificado,4
1,Verdaderas,ADJ,cuadrado,4
1,Verdaderas,ADJ,sindical,4
1,Verdaderas,ADJ,interminable,4
1,Verdaderas,ADJ,mítico,4
1,Verdaderas,ADJ,otorgado,4
1,Verdaderas,ADJ,creativo,4
1,Verdaderas,ADJ,dominado,4
1,Verdaderas,ADJ,centrado,4
1,Verdaderas,ADJ,directivo,4
1,Verdaderas,ADJ,parapolicial,4
1,Verdaderas,ADJ,disuelto,4
1,Verdaderas,ADJ,brillante,4
1,Verdaderas,ADJ,repleto,4
1,Verdaderas,ADJ,vetado,4
1,Verdaderas,ADJ,contundente,4
1,Verdaderas,ADJ,árabe,4
1,Verdaderas,ADJ,declarado,4
1,Verdaderas,ADJ,emergente,4
1,Verdaderas,ADJ,inexistente,4
1,Verdaderas,ADJ,intermedio,4
1,Verdaderas,ADJ,procesal,4
1,Verdaderas,ADJ,satírico,4
1,Verdaderas,ADJ,inmerso,4
1,Verdaderas,ADJ,trabajador,4
1,Verdaderas,ADJ,inmenso,4
1,Verdaderas,ADJ,contemplado,4
1,Verdaderas,ADJ,agresivo,4
1,Verdaderas,ADJ,acreditado,4
1,Verdaderas,ADJ,localizado,4
1,Verdaderas,ADJ,producido,4
1,Verdaderas,ADJ,necesitado,4
1,Verdaderas,ADJ,íntimo,4
1,Verdaderas,ADJ,mensual,4
1,Verdaderas,ADJ,sumado,4
1,Verdaderas,ADJ,derivado,4
1,Verdaderas,ADJ,eficiente,4
1,Verdaderas,ADJ,fino,4
1,Verdaderas,ADJ,provocado,4
1,Verdaderas,ADJ,enfrentado,4
1,Verdaderas,ADJ,conocedor,4
1,Verdaderas,ADJ,web,4
1,Verdaderas,ADJ,africano,4
1,Verdaderas,ADJ,nervioso,4
1,Verdaderas,ADJ,revolucionario,4
1,Verdaderas,ADJ,fortalecido,4
1,Verdaderas,ADJ,típico,4
1,Verdaderas,ADJ,interior,4
1,Verdaderas,ADJ,exagerado,4
1,Verdaderas,ADJ,convencional,4
1,Verdaderas,ADJ,audiencia,4
1,Verdaderas,ADJ,aplicado,4
1,Verdaderas,ADJ,orientado,4
1,Verdaderas,ADJ,populista,4
1,Verdaderas,ADJ,visual,4
1,Verdaderas,ADJ,hegemónico,4
1,Verdaderas,ADJ,animal,4
1,Verdaderas,ADJ,curioso,4
1,Verdaderas,ADJ,funerario,4
1,Verdaderas,ADJ,culpable,4
1,Verdaderas,ADJ,desolador,4
1,Verdaderas,ADJ,hermoso,4
1,Verdaderas,ADJ,valioso,4
1,Verdaderas,ADJ,enamorado,4
1,Verdaderas,ADJ,coherente,4
1,Verdaderas,ADJ,prehispánica,4
1,Verdaderas,ADJ,importado,4
1,Verdaderas,ADJ,cambiario,4
1,Verdaderas,ADJ,preferencial,4
1,Verdaderas,ADJ,atractivo,4
1,Verdaderas,ADJ,atribuido,4
1,Verdaderas,ADJ,lejano,4
1,Verdaderas,ADJ,lesbiano,4
1,Verdaderas,ADJ,estimado,4
1,Verdaderas,ADJ,medioambiental,4
1,Verdaderas,ADJ,contemporáneo,4
1,Verdaderas,ADJ,encontrado,4
1,Verdaderas,ADJ,impresionante,4
1,Verdaderas,ADJ,totalitario,4
1,Verdaderas,ADJ,esclusa,4
1,Verdaderas,ADJ,seco,4
1,Verdaderas,ADJ,mencionado,4
1,Verdaderas,ADJ,desnudo,4
1,Verdaderas,ADJ,duradero,4
1,Verdaderas,ADJ,prometido,4
1,Verdaderas,ADJ,orgulloso,4
1,Verdaderas,ADJ,suave,4
1,Verdaderas,ADJ,improvisado,4
1,Verdaderas,ADJ,telúrico,4
1,Verdaderas,ADJ,placo,4
1,Verdaderas,ADJ,mortífero,4
1,Verdaderas,ADJ,abrazado,4
1,Verdaderas,ADJ,veterinario,4
1,Verdaderas,ADJ,derrumbado,4
1,Verdaderas,ADJ,resistente,4
1,Verdaderas,ADJ,inquietante,3
1,Verdaderas,ADJ,dirigente,3
1,Verdaderas,ADJ,desamparado,3
1,Verdaderas,ADJ,determín,3
1,Verdaderas,ADJ,fijo,3
1,Verdaderas,ADJ,electoralista,3
1,Verdaderas,ADJ,pagado,3
1,Verdaderas,ADJ,remanent,3
1,Verdaderas,ADJ,mostrado,3
1,Verdaderas,ADJ,extremeño,3
1,Verdaderas,ADJ,unánime,3
1,Verdaderas,ADJ,virtual,3
1,Verdaderas,ADJ,apoyado,3
1,Verdaderas,ADJ,verbal,3
1,Verdaderas,ADJ,represivo,3
1,Verdaderas,ADJ,universal,3
1,Verdaderas,ADJ,acuñado,3
1,Verdaderas,ADJ,anarquista,3
1,Verdaderas,ADJ,criticado,3
1,Verdaderas,ADJ,deficiente,3
1,Verdaderas,ADJ,reproductivo,3
1,Verdaderas,ADJ,subrogado,3
1,Verdaderas,ADJ,caliente,3
1,Verdaderas,ADJ,informático,3
1,Verdaderas,ADJ,sustancial,3
1,Verdaderas,ADJ,ejercido,3
1,Verdaderas,ADJ,opaco,3
1,Verdaderas,ADJ,llevado,3
1,Verdaderas,ADJ,reportado,3
1,Verdaderas,ADJ,perpetrado,3
1,Verdaderas,ADJ,reivindico,3
1,Verdaderas,ADJ,fluido,3
1,Verdaderas,ADJ,despedido,3
1,Verdaderas,ADJ,multitudinario,3
1,Verdaderas,ADJ,deportivo,3
1,Verdaderas,ADJ,rupturista,3
1,Verdaderas,ADJ,logre,3
1,Verdaderas,ADJ,congelado,3
1,Verdaderas,ADJ,noveno,3
1,Verdaderas,ADJ,gobernado,3
1,Verdaderas,ADJ,apartado,3
1,Verdaderas,ADJ,sucesivo,3
1,Verdaderas,ADJ,reiterado,3
1,Verdaderas,ADJ,atacado,3
1,Verdaderas,ADJ,sucio,3
1,Verdaderas,ADJ,abrumador,3
1,Verdaderas,ADJ,confidencial,3
1,Verdaderas,ADJ,respectivo,3
1,Verdaderas,ADJ,automático,3
1,Verdaderas,ADJ,bloqueado,3
1,Verdaderas,ADJ,amargo,3
1,Verdaderas,ADJ,enésimo,3
1,Verdaderas,ADJ,preguntado,3
1,Verdaderas,ADJ,excusa,3
1,Verdaderas,ADJ,unitario,3
1,Verdaderas,ADJ,representativo,3
1,Verdaderas,ADJ,protagonizado,3
1,Verdaderas,ADJ,hipotecario,3
1,Verdaderas,ADJ,vial,3
1,Verdaderas,ADJ,improbable,3
1,Verdaderas,ADJ,inocente,3
1,Verdaderas,ADJ,nuclear,3
1,Verdaderas,ADJ,frío,3
1,Verdaderas,ADJ,eurodiputado,3
1,Verdaderas,ADJ,logrado,3
1,Verdaderas,ADJ,modesto,3
1,Verdaderas,ADJ,compartido,3
1,Verdaderas,ADJ,anulado,3
1,Verdaderas,ADJ,corriente,3
1,Verdaderas,ADJ,admisible,3
1,Verdaderas,ADJ,vaciado,3
1,Verdaderas,ADJ,inviolable,3
1,Verdaderas,ADJ,desapercibido,3
1,Verdaderas,ADJ,reaccionario,3
1,Verdaderas,ADJ,notable,3
1,Verdaderas,ADJ,represaliado,3
1,Verdaderas,ADJ,honorífico,3
1,Verdaderas,ADJ,idóneo,3
1,Verdaderas,ADJ,vizcaíno,3
1,Verdaderas,ADJ,impune,3
1,Verdaderas,ADJ,inmunizado,3
1,Verdaderas,ADJ,disciplinario,3
1,Verdaderas,ADJ,concluyent,3
1,Verdaderas,ADJ,barcelonés,3
1,Verdaderas,ADJ,modifico,3
1,Verdaderas,ADJ,entregado,3
1,Verdaderas,ADJ,condicionado,3
1,Verdaderas,ADJ,judío,3
1,Verdaderas,ADJ,peculiar,3
1,Verdaderas,ADJ,patinet,3
1,Verdaderas,ADJ,redactado,3
1,Verdaderas,ADJ,olvidado,3
1,Verdaderas,ADJ,estudiantil,3
1,Verdaderas,ADJ,juvenil,3
1,Verdaderas,ADJ,perpetuo,3
1,Verdaderas,ADJ,lógico,3
1,Verdaderas,ADJ,escandaloso,3
1,Verdaderas,ADJ,variable,3
1,Verdaderas,ADJ,mala,3
1,Verdaderas,ADJ,preferente,3
1,Verdaderas,ADJ,sur,3
1,Verdaderas,ADJ,extrajudicial,3
1,Verdaderas,ADJ,tendido,3
1,Verdaderas,ADJ,oriental,3
1,Verdaderas,ADJ,naviero,3
1,Verdaderas,ADJ,pujante,3
1,Verdaderas,ADJ,igualitario,3
1,Verdaderas,ADJ,dado,3
1,Verdaderas,ADJ,suizo,3
1,Verdaderas,ADJ,españolista,3
1,Verdaderas,ADJ,adicional,3
1,Verdaderas,ADJ,audiovisual,3
1,Verdaderas,ADJ,esperado,3
1,Verdaderas,ADJ,comparado,3
1,Verdaderas,ADJ,prudente,3
1,Verdaderas,ADJ,letal,3
1,Verdaderas,ADJ,burocrático,3
1,Verdaderas,ADJ,ordenado,3
1,Verdaderas,ADJ,tremendo,3
1,Verdaderas,ADJ,bruto,3
1,Verdaderas,ADJ,ajeno,3
1,Verdaderas,ADJ,fatal,3
1,Verdaderas,ADJ,mutuo,3
1,Verdaderas,ADJ,desafiante,3
1,Verdaderas,ADJ,industrial,3
1,Verdaderas,ADJ,décimo,3
1,Verdaderas,ADJ,primo,3
1,Verdaderas,ADJ,fijado,3
1,Verdaderas,ADJ,caro,3
1,Verdaderas,ADJ,leal,3
1,Verdaderas,ADJ,fósil,3
1,Verdaderas,ADJ,pertinente,3
1,Verdaderas,ADJ,interrogant,3
1,Verdaderas,ADJ,inscrito,3
1,Verdaderas,ADJ,japonés,3
1,Verdaderas,ADJ,subordinado,3
1,Verdaderas,ADJ,estricto,3
1,Verdaderas,ADJ,centralista,3
1,Verdaderas,ADJ,explosivo,3
1,Verdaderas,ADJ,evangélico,3
1,Verdaderas,ADJ,prestigioso,3
1,Verdaderas,ADJ,prematuro,3
1,Verdaderas,ADJ,interrumpido,3
1,Verdaderas,ADJ,fresco,3
1,Verdaderas,ADJ,trascendental,3
1,Verdaderas,ADJ,diásporo,3
1,Verdaderas,ADJ,próspero,3
1,Verdaderas,ADJ,raro,3
1,Verdaderas,ADJ,noble,3
1,Verdaderas,ADJ,descarado,3
1,Verdaderas,ADJ,divertido,3
1,Verdaderas,ADJ,interpretado,3
1,Verdaderas,ADJ,excelente,3
1,Verdaderas,ADJ,desastroso,3
1,Verdaderas,ADJ,aledaña,3
1,Verdaderas,ADJ,deliberado,3
1,Verdaderas,ADJ,fundado,3
1,Verdaderas,ADJ,otro,3
1,Verdaderas,ADJ,automovilístico,3
1,Verdaderas,ADJ,minero,3
1,Verdaderas,ADJ,inviable,3
1,Verdaderas,ADJ,gigantesco,3
1,Verdaderas,ADJ,trágico,3
1,Verdaderas,ADJ,récord,3
1,Verdaderas,ADJ,asiático,3
1,Verdaderas,ADJ,contento,3
1,Verdaderas,ADJ,libertario,3
1,Verdaderas,ADJ,perverso,3
1,Verdaderas,ADJ,acostumbrado,3
1,Verdaderas,ADJ,frágil,3
1,Verdaderas,ADJ,supremo,3
1,Verdaderas,ADJ,icónico,3
1,Verdaderas,ADJ,retórico,3
1,Verdaderas,ADJ,pragmático,3
1,Verdaderas,ADJ,educado,3
1,Verdaderas,ADJ,sandinista,3
1,Verdaderas,ADJ,guerrillero,3
1,Verdaderas,ADJ,devastado,3
1,Verdaderas,ADJ,horrible,3
1,Verdaderas,ADJ,callado,3
1,Verdaderas,ADJ,entendido,3
1,Verdaderas,ADJ,comisionado,3
1,Verdaderas,ADJ,felino,3
1,Verdaderas,ADJ,maquinario,3
1,Verdaderas,ADJ,tarimo,3
1,Verdaderas,ADJ,familiarizado,3
1,Verdaderas,ADJ,privilegiado,3
1,Verdaderas,ADJ,indiscriminado,3
1,Verdaderas,ADJ,incomunicado,3
1,Verdaderas,ADJ,perteneciente,3
1,Verdaderas,ADJ,silencioso,3
1,Verdaderas,ADJ,marginado,3
1,Verdaderas,ADJ,implacable,3
1,Verdaderas,ADJ,cedido,3
1,Verdaderas,ADJ,injusto,3
1,Verdaderas,ADJ,suicida,3
1,Verdaderas,ADJ,intacto,3
1,Verdaderas,ADJ,sorprendido,3
1,Verdaderas,ADJ,inquebrantable,3
1,Verdaderas,ADJ,submarino,3
1,Verdaderas,ADJ,deportado,3
1,Verdaderas,ADJ,subsidiado,3
1,Verdaderas,ADJ,observado,3
1,Verdaderas,ADJ,menciona,3
1,Verdaderas,ADJ,oscuro,3
1,Verdaderas,ADJ,ingenuo,3
1,Verdaderas,ADJ,lento,3
1,Verdaderas,ADJ,andino,3
1,Verdaderas,ADJ,canadiense,3
1,Verdaderas,ADJ,pesado,3
1,Verdaderas,ADJ,entrenado,3
1,Verdaderas,ADJ,tardío,3
1,Verdaderas,ADJ,coercitivo,3
1,Verdaderas,ADJ,cálido,3
1,Verdaderas,ADJ,calificado,3
1,Verdaderas,ADJ,arqueológico,3
1,Verdaderas,ADJ,quebrado,3
1,Verdaderas,ADJ,literario,3
1,Verdaderas,ADJ,impredecible,3
1,Verdaderas,ADJ,recopilado,3
1,Verdaderas,ADJ,humilde,3
1,Verdaderas,ADJ,quirúrgico,3
1,Verdaderas,ADJ,desconectado,3
1,Verdaderas,ADJ,perjudicial,3
1,Verdaderas,ADJ,gris,3
1,Verdaderas,ADJ,interconectado,3
1,Verdaderas,ADJ,damnificado,3
1,Verdaderas,ADJ,emocionado,3
1,Verdaderas,ADJ,neumático,3
1,Verdaderas,ADJ,habitable,3
1,Verdaderas,ADJ,prolífico,3
1,Verdaderas,ADJ,terremoto,3
1,Verdaderas,ADJ,proporcionado,3
1,Verdaderas,ADJ,barbudo,3
1,Verdaderas,ADJ,tectónico,3
1,Verdaderas,ADJ,convergente,3
1,Verdaderas,ADJ,saliente,3
1,Verdaderas,ADJ,experimentado,3
1,Verdaderas,ADJ,fundacional,3
1,Verdaderas,ADJ,injusta,2
1,Verdaderas,ADJ,extensivo,2
1,Verdaderas,ADJ,ancestral,2
1,Verdaderas,ADJ,espantoso,2
1,Verdaderas,ADJ,asesino,2
1,Verdaderas,ADJ,instantáneo,2
1,Verdaderas,ADJ,contenido,2
1,Verdaderas,ADJ,memorialista,2
1,Verdaderas,ADJ,rescatado,2
1,Verdaderas,ADJ,excluido,2
1,Verdaderas,ADJ,mojado,2
1,Verdaderas,ADJ,diligencia,2
1,Verdaderas,ADJ,barricada,2
1,Verdaderas,ADJ,extremista,2
1,Verdaderas,ADJ,recusado,2
1,Verdaderas,ADJ,demoscópico,2
1,Verdaderas,ADJ,continuado,2
1,Verdaderas,ADJ,impecable,2
1,Verdaderas,ADJ,fracasado,2
1,Verdaderas,ADJ,propietario,2
1,Verdaderas,ADJ,protocolario,2
1,Verdaderas,ADJ,constitucionalista,2
1,Verdaderas,ADJ,encaminado,2
1,Verdaderas,ADJ,escéptico,2
1,Verdaderas,ADJ,●,2
1,Verdaderas,ADJ,admitido,2
1,Verdaderas,ADJ,manifestado,2
1,Verdaderas,ADJ,humorístico,2
1,Verdaderas,ADJ,desescalado,2
1,Verdaderas,ADJ,operado,2
1,Verdaderas,ADJ,cívico,2
1,Verdaderas,ADJ,fantasma,2
1,Verdaderas,ADJ,lucrativo,2
1,Verdaderas,ADJ,cautelarísima,2
1,Verdaderas,ADJ,introducido,2
1,Verdaderas,ADJ,divergent,2
1,Verdaderas,ADJ,molesto,2
1,Verdaderas,ADJ,asistido,2
1,Verdaderas,ADJ,antifascista,2
1,Verdaderas,ADJ,indeciso,2
1,Verdaderas,ADJ,didáctico,2
1,Verdaderas,ADJ,fiel,2
1,Verdaderas,ADJ,auspiciado,2
1,Verdaderas,ADJ,excluyente,2
1,Verdaderas,ADJ,homófobo,2
1,Verdaderas,ADJ,segovián,2
1,Verdaderas,ADJ,discapacitado,2
1,Verdaderas,ADJ,plural,2
1,Verdaderas,ADJ,conmemorativo,2
1,Verdaderas,ADJ,nominado,2
1,Verdaderas,ADJ,comprometedor,2
1,Verdaderas,ADJ,fiscalizador,2
1,Verdaderas,ADJ,adscrito,2
1,Verdaderas,ADJ,afincado,2
1,Verdaderas,ADJ,plataforma,2
1,Verdaderas,ADJ,soltero,2
1,Verdaderas,ADJ,desfavorable,2
1,Verdaderas,ADJ,resuelto,2
1,Verdaderas,ADJ,cesado,2
1,Verdaderas,ADJ,aprieto,2
1,Verdaderas,ADJ,represaliada,2
1,Verdaderas,ADJ,extraído,2
1,Verdaderas,ADJ,abocado,2
1,Verdaderas,ADJ,apoderado,2
1,Verdaderas,ADJ,discriminatorio,2
1,Verdaderas,ADJ,cruzado,2
1,Verdaderas,ADJ,adquirido,2
1,Verdaderas,ADJ,rector,2
1,Verdaderas,ADJ,polarizado,2
1,Verdaderas,ADJ,catastrófico,2
1,Verdaderas,ADJ,aceptado,2
1,Verdaderas,ADJ,blanqueo,2
1,Verdaderas,ADJ,troncal,2
1,Verdaderas,ADJ,ninguneado,2
1,Verdaderas,ADJ,archivado,2
1,Verdaderas,ADJ,pandémico,2
1,Verdaderas,ADJ,concentrado,2
1,Verdaderas,ADJ,sobresueldo,2
1,Verdaderas,ADJ,ofensivo,2
1,Verdaderas,ADJ,subido,2
1,Verdaderas,ADJ,perjudicado,2
1,Verdaderas,ADJ,transexual,2
1,Verdaderas,ADJ,frustrado,2
1,Verdaderas,ADJ,dominante,2
1,Verdaderas,ADJ,exdiputado,2
1,Verdaderas,ADJ,pretendido,2
1,Verdaderas,ADJ,griego,2
1,Verdaderas,ADJ,lituano,2
1,Verdaderas,ADJ,animalista,2
1,Verdaderas,ADJ,huérfano,2
1,Verdaderas,ADJ,antidisturbios,2
1,Verdaderas,ADJ,amistoso,2
1,Verdaderas,ADJ,xenófobo,2
1,Verdaderas,ADJ,adelantado,2
1,Verdaderas,ADJ,andalucista,2
1,Verdaderas,ADJ,turco,2
1,Verdaderas,ADJ,ético,2
1,Verdaderas,ADJ,esquivo,2
1,Verdaderas,ADJ,asegurado,2
1,Verdaderas,ADJ,reforzado,2
1,Verdaderas,ADJ,defendido,2
1,Verdaderas,ADJ,islámico,2
1,Verdaderas,ADJ,coordinador,2
1,Verdaderas,ADJ,injustificado,2
1,Verdaderas,ADJ,ejemplar,2
1,Verdaderas,ADJ,desleal,2
1,Verdaderas,ADJ,improcedente,2
1,Verdaderas,ADJ,petrolífero,2
1,Verdaderas,ADJ,desahucio,2
1,Verdaderas,ADJ,titulado,2
1,Verdaderas,ADJ,mixto,2
1,Verdaderas,ADJ,colgado,2
1,Verdaderas,ADJ,equilibrado,2
1,Verdaderas,ADJ,psíquico,2
1,Verdaderas,ADJ,inaccesible,2
1,Verdaderas,ADJ,inherente,2
1,Verdaderas,ADJ,combativo,2
1,Verdaderas,ADJ,levantado,2
1,Verdaderas,ADJ,lanzado,2
1,Verdaderas,ADJ,murciano,2
1,Verdaderas,ADJ,autocrítico,2
1,Verdaderas,ADJ,dimitido,2
1,Verdaderas,ADJ,turbio,2
1,Verdaderas,ADJ,inaceptable,2
1,Verdaderas,ADJ,maldito,2
1,Verdaderas,ADJ,antidemocrático,2
1,Verdaderas,ADJ,mediador,2
1,Verdaderas,ADJ,semejante,2
1,Verdaderas,ADJ,descubierto,2
1,Verdaderas,ADJ,culmín,2
1,Verdaderas,ADJ,hallado,2
1,Verdaderas,ADJ,estacionado,2
1,Verdaderas,ADJ,acuerdo,2
1,Verdaderas,ADJ,capitaneado,2
1,Verdaderas,ADJ,custodiado,2
1,Verdaderas,ADJ,borbónico,2
1,Verdaderas,ADJ,verso,2
1,Verdaderas,ADJ,iraní,2
1,Verdaderas,ADJ,colocado,2
1,Verdaderas,ADJ,ineficiente,2
1,Verdaderas,ADJ,presupuestaria,2
1,Verdaderas,ADJ,emprendido,2
1,Verdaderas,ADJ,vertebrado,2
1,Verdaderas,ADJ,invertido,2
1,Verdaderas,ADJ,sectario,2
1,Verdaderas,ADJ,sacudido,2
1,Verdaderas,ADJ,navarra,2
1,Verdaderas,ADJ,inexacto,2
1,Verdaderas,ADJ,rígido,2
1,Verdaderas,ADJ,exvicepresidento,2
1,Verdaderas,ADJ,irresponsable,2
1,Verdaderas,ADJ,clínico,2
1,Verdaderas,ADJ,depositado,2
1,Verdaderas,ADJ,desmovilizado,2
1,Verdaderas,ADJ,sectorial,2
1,Verdaderas,ADJ,incuestionable,2
1,Verdaderas,ADJ,utilizado,2
1,Verdaderas,ADJ,movilizado,2
1,Verdaderas,ADJ,relajado,2
1,Verdaderas,ADJ,alcaldable,2
1,Verdaderas,ADJ,determinante,2
1,Verdaderas,ADJ,usurpado,2
1,Verdaderas,ADJ,holandés,2
1,Verdaderas,ADJ,argelino,2
1,Verdaderas,ADJ,solar,2
1,Verdaderas,ADJ,partidista,2
1,Verdaderas,ADJ,contable,2
1,Verdaderas,ADJ,medido,2
1,Verdaderas,ADJ,restringido,2
1,Verdaderas,ADJ,dudoso,2
1,Verdaderas,ADJ,surrealista,2
1,Verdaderas,ADJ,unilateral,2
1,Verdaderas,ADJ,benedictino,2
1,Verdaderas,ADJ,viral,2
1,Verdaderas,ADJ,subvencionado,2
1,Verdaderas,ADJ,exótico,2
1,Verdaderas,ADJ,sancionado,2
1,Verdaderas,ADJ,aeroportuario,2
1,Verdaderas,ADJ,diferenciado,2
1,Verdaderas,ADJ,ambulante,2
1,Verdaderas,ADJ,textil,2
1,Verdaderas,ADJ,militante,2
1,Verdaderas,ADJ,cultivado,2
1,Verdaderas,ADJ,punitivo,2
1,Verdaderas,ADJ,letrado,2
1,Verdaderas,ADJ,superado,2
1,Verdaderas,ADJ,asturiano,2
1,Verdaderas,ADJ,sorprendente,2
1,Verdaderas,ADJ,falangista,2
1,Verdaderas,ADJ,postelectoral,2
1,Verdaderas,ADJ,programado,2
1,Verdaderas,ADJ,concluido,2
1,Verdaderas,ADJ,normalizado,2
1,Verdaderas,ADJ,generado,2
1,Verdaderas,ADJ,vocal,2
1,Verdaderas,ADJ,debilitado,2
1,Verdaderas,ADJ,demostrado,2
1,Verdaderas,ADJ,probatorio,2
1,Verdaderas,ADJ,fragmentado,2
1,Verdaderas,ADJ,patológico,2
1,Verdaderas,ADJ,vendido,2
1,Verdaderas,ADJ,penúltimo,2
1,Verdaderas,ADJ,parado,2
1,Verdaderas,ADJ,exponencial,2
1,Verdaderas,ADJ,atípico,2
1,Verdaderas,ADJ,hotelero,2
1,Verdaderas,ADJ,irreparable,2
1,Verdaderas,ADJ,exhibido,2
1,Verdaderas,ADJ,intervenido,2
1,Verdaderas,ADJ,cautivo,2
1,Verdaderas,ADJ,buscado,2
1,Verdaderas,ADJ,dueño,2
1,Verdaderas,ADJ,amigo,2
1,Verdaderas,ADJ,inaugural,2
1,Verdaderas,ADJ,hormonal,2
1,Verdaderas,ADJ,racial,2
1,Verdaderas,ADJ,confrontativo,2
1,Verdaderas,ADJ,cubanoestadounidens,2
1,Verdaderas,ADJ,calificándola,2
1,Verdaderas,ADJ,azucarero,2
1,Verdaderas,ADJ,metalúrgico,2
1,Verdaderas,ADJ,refinado,2
1,Verdaderas,ADJ,químico,2
1,Verdaderas,ADJ,sistémico,2
1,Verdaderas,ADJ,excéntrico,2
1,Verdaderas,ADJ,argumental,2
1,Verdaderas,ADJ,extravagante,2
1,Verdaderas,ADJ,monstruoso,2
1,Verdaderas,ADJ,arriesgado,2
1,Verdaderas,ADJ,decorado,2
1,Verdaderas,ADJ,gato,2
1,Verdaderas,ADJ,grandilocuente,2
1,Verdaderas,ADJ,ridículo,2
1,Verdaderas,ADJ,ilimitado,2
1,Verdaderas,ADJ,peninsular,2
1,Verdaderas,ADJ,céntrico,2
1,Verdaderas,ADJ,ejecutado,2
1,Verdaderas,ADJ,inclemente,2
1,Verdaderas,ADJ,abogado,2
1,Verdaderas,ADJ,saturado,2
1,Verdaderas,ADJ,inadvertido,2
1,Verdaderas,ADJ,óptimo,2
1,Verdaderas,ADJ,señalado,2
1,Verdaderas,ADJ,mineral,2
1,Verdaderas,ADJ,rezagado,2
1,Verdaderas,ADJ,mediano,2
1,Verdaderas,ADJ,angustiado,2
1,Verdaderas,ADJ,homogéneo,2
1,Verdaderas,ADJ,expansivo,2
1,Verdaderas,ADJ,costoso,2
1,Verdaderas,ADJ,obligatorio,2
1,Verdaderas,ADJ,hondureño,2
1,Verdaderas,ADJ,unionista,2
1,Verdaderas,ADJ,uniforme,2
1,Verdaderas,ADJ,dorado,2
1,Verdaderas,ADJ,puro,2
1,Verdaderas,ADJ,calcinado,2
1,Verdaderas,ADJ,focalizado,2
1,Verdaderas,ADJ,integrante,2
1,Verdaderas,ADJ,comunicacional,2
1,Verdaderas,ADJ,forestal,2
1,Verdaderas,ADJ,satelital,2
1,Verdaderas,ADJ,reserva,2
1,Verdaderas,ADJ,bombardeo,2
1,Verdaderas,ADJ,geográfico,2
1,Verdaderas,ADJ,hostil,2
1,Verdaderas,ADJ,penoso,2
1,Verdaderas,ADJ,deteriorado,2
1,Verdaderas,ADJ,sumergido,2
1,Verdaderas,ADJ,inmóvil,2
1,Verdaderas,ADJ,ideal,2
1,Verdaderas,ADJ,oportunista,2
1,Verdaderas,ADJ,rio,2
1,Verdaderas,ADJ,utópico,2
1,Verdaderas,ADJ,salido,2
1,Verdaderas,ADJ,miskito,2
1,Verdaderas,ADJ,centralizado,2
1,Verdaderas,ADJ,creíble,2
1,Verdaderas,ADJ,escuchado,2
1,Verdaderas,ADJ,anclado,2
1,Verdaderas,ADJ,busca,2
1,Verdaderas,ADJ,entrevistado,2
1,Verdaderas,ADJ,cambiante,2
1,Verdaderas,ADJ,ardua,2
1,Verdaderas,ADJ,posicionado,2
1,Verdaderas,ADJ,efímero,2
1,Verdaderas,ADJ,danés,2
1,Verdaderas,ADJ,mexico,2
1,Verdaderas,ADJ,originario,2
1,Verdaderas,ADJ,historiadoro,2
1,Verdaderas,ADJ,manchado,2
1,Verdaderas,ADJ,genético,2
1,Verdaderas,ADJ,adquisitivo,2
1,Verdaderas,ADJ,excesivo,2
1,Verdaderas,ADJ,importador,2
1,Verdaderas,ADJ,inmersivo,2
1,Verdaderas,ADJ,documentado,2
1,Verdaderas,ADJ,sádico,2
1,Verdaderas,ADJ,arbitrario,2
1,Verdaderas,ADJ,asustado,2
1,Verdaderas,ADJ,mierdo,2
1,Verdaderas,ADJ,radicado,2
1,Verdaderas,ADJ,promocional,2
1,Verdaderas,ADJ,exespós,2
1,Verdaderas,ADJ,desfavorecido,2
1,Verdaderas,ADJ,requerido,2
1,Verdaderas,ADJ,conveniente,2
1,Verdaderas,ADJ,electa,2
1,Verdaderas,ADJ,buscador,2
1,Verdaderas,ADJ,empleado,2
1,Verdaderas,ADJ,infame,2
1,Verdaderas,ADJ,juzgado,2
1,Verdaderas,ADJ,sureño,2
1,Verdaderas,ADJ,rós,2
1,Verdaderas,ADJ,rosado,2
1,Verdaderas,ADJ,hongkonés,2
1,Verdaderas,ADJ,guiado,2
1,Verdaderas,ADJ,pís,2
1,Verdaderas,ADJ,socioeconómico,2
1,Verdaderas,ADJ,evaluado,2
1,Verdaderas,ADJ,capturado,2
1,Verdaderas,ADJ,narcoterrorista,2
1,Verdaderas,ADJ,etario,2
1,Verdaderas,ADJ,envejecido,2
1,Verdaderas,ADJ,saqueado,2
1,Verdaderas,ADJ,sancionatorio,2
1,Verdaderas,ADJ,continental,2
1,Verdaderas,ADJ,soberano,2
1,Verdaderas,ADJ,disputado,2
1,Verdaderas,ADJ,sensible,2
1,Verdaderas,ADJ,visado,2
1,Verdaderas,ADJ,afrodescendiente,2
1,Verdaderas,ADJ,regular,2
1,Verdaderas,ADJ,poblacional,2
1,Verdaderas,ADJ,montevideán,2
1,Verdaderas,ADJ,bonito,2
1,Verdaderas,ADJ,cerebral,2
1,Verdaderas,ADJ,enfocado,2
1,Verdaderas,ADJ,gradual,2
1,Verdaderas,ADJ,desempeño,2
1,Verdaderas,ADJ,dramático,2
1,Verdaderas,ADJ,cognitivo,2
1,Verdaderas,ADJ,lector,2
1,Verdaderas,ADJ,endeudado,2
1,Verdaderas,ADJ,actualizado,2
1,Verdaderas,ADJ,voraz,2
1,Verdaderas,ADJ,bolchevique,2
1,Verdaderas,ADJ,durmient,2
1,Verdaderas,ADJ,yugoslavo,2
1,Verdaderas,ADJ,observa,2
1,Verdaderas,ADJ,ingente,2
1,Verdaderas,ADJ,comparable,2
1,Verdaderas,ADJ,franco,2
1,Verdaderas,ADJ,mediado,2
1,Verdaderas,ADJ,inesperado,2
1,Verdaderas,ADJ,afectivo,2
1,Verdaderas,ADJ,barroco,2
1,Verdaderas,ADJ,isleño,2
1,Verdaderas,ADJ,extractivista,2
1,Verdaderas,ADJ,colonialista,2
1,Verdaderas,ADJ,expuesto,2
1,Verdaderas,ADJ,étnico,2
1,Verdaderas,ADJ,cruento,2
1,Verdaderas,ADJ,negocio,2
1,Verdaderas,ADJ,graduado,2
1,Verdaderas,ADJ,estadístico,2
1,Verdaderas,ADJ,subversivo,2
1,Verdaderas,ADJ,funesta,2
1,Verdaderas,ADJ,poquito,2
1,Verdaderas,ADJ,televisado,2
1,Verdaderas,ADJ,vivido,2
1,Verdaderas,ADJ,dinamizador,2
1,Verdaderas,ADJ,importantísimo,2
1,Verdaderas,ADJ,divulgado,2
1,Verdaderas,ADJ,restante,2
1,Verdaderas,ADJ,globalizado,2
1,Verdaderas,ADJ,inventado,2
1,Verdaderas,ADJ,invisible,2
1,Verdaderas,ADJ,eventualmente,2
1,Verdaderas,ADJ,desesperanzo,2
1,Verdaderas,ADJ,asombroso,2
1,Verdaderas,ADJ,obvio,2
1,Verdaderas,ADJ,conmovedor,2
1,Verdaderas,ADJ,esperanzador,2
1,Verdaderas,ADJ,dormido,2
1,Verdaderas,ADJ,indiscutible,2
1,Verdaderas,ADJ,occidente,2
1,Verdaderas,ADJ,callejero,2
1,Verdaderas,ADJ,férreo,2
1,Verdaderas,ADJ,dinámico,2
1,Verdaderas,ADJ,costado,2
1,Verdaderas,ADJ,pesticida,2
1,Verdaderas,ADJ,combustible,2
1,Verdaderas,ADJ,cooperativo,2
1,Verdaderas,ADJ,pesquero,2
1,Verdaderas,ADJ,demográfico,2
1,Verdaderas,ADJ,búsqueda,2
1,Verdaderas,ADJ,promovido,2
1,Verdaderas,ADJ,cultivo,2
1,Verdaderas,ADJ,seleccionado,2
1,Verdaderas,ADJ,nativo,2
1,Verdaderas,ADJ,frutal,2
1,Verdaderas,ADJ,medicinal,2
1,Verdaderas,ADJ,descontrolado,2
1,Verdaderas,ADJ,arraigado,2
1,Verdaderas,ADJ,habitado,2
1,Verdaderas,ADJ,tapón,2
1,Verdaderas,ADJ,naviera,2
1,Verdaderas,ADJ,administrado,2
1,Verdaderas,ADJ,novedoso,2
1,Verdaderas,ADJ,desbocado,2
1,Verdaderas,ADJ,dominicano,2
1,Verdaderas,ADJ,pediátrico,2
1,Verdaderas,ADJ,neonatal,2
1,Verdaderas,ADJ,indefenso,2
1,Verdaderas,ADJ,acostado,2
1,Verdaderas,ADJ,brigada,2
1,Verdaderas,ADJ,narcobloqueo,2
1,Verdaderas,ADJ,sentimental,2
1,Verdaderas,ADJ,célebre,2
1,Verdaderas,ADJ,granadino,2
1,Verdaderas,ADJ,gitano,2
1,Verdaderas,ADJ,adolescente,2
1,Verdaderas,ADJ,roca,2
1,Verdaderas,ADJ,desgarrador,2
1,Verdaderas,ADJ,transitorio,2
1,Verdaderas,ADJ,psicosocial,2
1,Verdaderas,ADJ,postraumático,2
1,Verdaderas,ADJ,caracterizado,2
1,Verdaderas,ADJ,corredizo,2
1,Verdaderas,ADJ,reflectant,2
1,Verdaderas,ADJ,temeroso,2
1,Verdaderas,ADJ,traumático,2
1,Verdaderas,ADJ,asentado,2
1,Verdaderas,ADJ,húmedo,2
1,Verdaderas,ADJ,chocoán,2
1,Verdaderas,ADJ,ecosistémico,2
1,Verdaderas,ADJ,insistí,2
1,Verdaderas,ADJ,esporádico,2
1,Verdaderas,ADJ,neuronal,2
1,Verdaderas,ADJ,devastador,2
1,Verdaderas,ADJ,sismo,2
1,Verdaderas,ADJ,vencido,2
1,Verdaderas,ADJ,rocoso,2
1,Verdaderas,ADJ,partido,2
1,Verdaderas,ADJ,indirecto,2
1,Verdaderas,ADJ,volcánico,2
1,Verdaderas,ADJ,reproducido,2
1,Verdaderas,ADJ,reunido,2
1,Verdaderas,ADJ,hundido,2
1,Verdaderas,ADJ,considerable,2
1,Verdaderas,ADJ,arquitectónico,2
1,Verdaderas,ADJ,nororiental,2
1,Verdaderas,ADJ,abasto,2
1,Verdaderas,ADJ,romántico,2
1,Verdaderas,ADJ,precioso,2
1,Verdaderas,ADJ,sentido,2
1,Verdaderas,ADJ,laico,2
1,Verdaderas,ADJ,iliberal,2
1,Verdaderas,ADJ,izquierdo,2
1,Verdaderas,ADJ,uribista,2
1,Verdaderas,ADJ,esmeralda,2
1,Verdaderas,ADJ,vicepresidencial,2
1,Verdaderas,ADJ,judeocristián,2
1,Verdaderas,ADJ,impresentabl,1
1,Verdaderas,ADJ,hueco,1
1,Verdaderas,ADJ,extensibl,1
1,Verdaderas,ADJ,oficialista,1
1,Verdaderas,ADJ,atascado,1
1,Verdaderas,ADJ,embarre,1
1,Verdaderas,ADJ,lanar,1
1,Verdaderas,ADJ,oscense,1
1,Verdaderas,ADJ,folclórico,1
1,Verdaderas,ADJ,desmesurado,1
1,Verdaderas,ADJ,renovable,1
1,Verdaderas,ADJ,arrinconado,1
1,Verdaderas,ADJ,monocolor,1
1,Verdaderas,ADJ,protector,1
1,Verdaderas,ADJ,desahuciado,1
1,Verdaderas,ADJ,frontal,1
1,Verdaderas,ADJ,notario,1
1,Verdaderas,ADJ,yemení,1
1,Verdaderas,ADJ,antisemito,1
1,Verdaderas,ADJ,tumbado,1
1,Verdaderas,ADJ,descompuesto,1
1,Verdaderas,ADJ,insatisfactoria,1
1,Verdaderas,ADJ,jurado,1
1,Verdaderas,ADJ,alquilado,1
1,Verdaderas,ADJ,voluntariado,1
1,Verdaderas,ADJ,epidemiológico,1
1,Verdaderas,ADJ,sumo,1
1,Verdaderas,ADJ,adjudicataria,1
1,Verdaderas,ADJ,sideral,1
1,Verdaderas,ADJ,ultraizquierdista,1
1,Verdaderas,ADJ,encantado,1
1,Verdaderas,ADJ,calificativo,1
1,Verdaderas,ADJ,aborto,1
1,Verdaderas,ADJ,aragonés,1
1,Verdaderas,ADJ,coordionador,1
1,Verdaderas,ADJ,quincenal,1
1,Verdaderas,ADJ,presidenciable,1
1,Verdaderas,ADJ,embargo,1
1,Verdaderas,ADJ,demoro,1
1,Verdaderas,ADJ,superviviente,1
1,Verdaderas,ADJ,henchido,1
1,Verdaderas,ADJ,togado,1
1,Verdaderas,ADJ,encarrilado,1
1,Verdaderas,ADJ,acojonado,1
1,Verdaderas,ADJ,metálico,1
1,Verdaderas,ADJ,paternofilial,1
1,Verdaderas,ADJ,velado,1
1,Verdaderas,ADJ,forzoso,1
1,Verdaderas,ADJ,impagable,1
1,Verdaderas,ADJ,alavés,1
1,Verdaderas,ADJ,preelectoral,1
1,Verdaderas,ADJ,indicado,1
1,Verdaderas,ADJ,arranco,1
1,Verdaderas,ADJ,vacunado,1
1,Verdaderas,ADJ,valido,1
1,Verdaderas,ADJ,pormenorizado,1
1,Verdaderas,ADJ,distendido,1
1,Verdaderas,ADJ,criogenizado,1
1,Verdaderas,ADJ,rogatorio,1
1,Verdaderas,ADJ,innecessàrio,1
1,Verdaderas,ADJ,veleto,1
1,Verdaderas,ADJ,alegada,1
1,Verdaderas,ADJ,autóctono,1
1,Verdaderas,ADJ,alumnado,1
1,Verdaderas,ADJ,manipulable,1
1,Verdaderas,ADJ,impartido,1
1,Verdaderas,ADJ,equidistante,1
1,Verdaderas,ADJ,ejemplo,1
1,Verdaderas,ADJ,intransferibl,1
1,Verdaderas,ADJ,fulmín,1
1,Verdaderas,ADJ,asqueroso,1
1,Verdaderas,ADJ,tutelado,1
1,Verdaderas,ADJ,ultraconservador,1
1,Verdaderas,ADJ,apropiado,1
1,Verdaderas,ADJ,exabogado,1
1,Verdaderas,ADJ,aciago,1
1,Verdaderas,ADJ,news,1
1,Verdaderas,ADJ,público-privado,1
1,Verdaderas,ADJ,alcaldés,1
1,Verdaderas,ADJ,portuario,1
1,Verdaderas,ADJ,revelado,1
1,Verdaderas,ADJ,beneficiado,1
1,Verdaderas,ADJ,nocivo,1
1,Verdaderas,ADJ,anomalía,1
1,Verdaderas,ADJ,servilleta,1
1,Verdaderas,ADJ,pontevedrés,1
1,Verdaderas,ADJ,torturado,1
1,Verdaderas,ADJ,apaleado,1
1,Verdaderas,ADJ,tiroteado,1
1,Verdaderas,ADJ,antipatrioto,1
1,Verdaderas,ADJ,reticente,1
1,Verdaderas,ADJ,tergiverso,1
1,Verdaderas,ADJ,debatido,1
1,Verdaderas,ADJ,guipuzcoano,1
1,Verdaderas,ADJ,armamentístico,1
1,Verdaderas,ADJ,eterno,1
1,Verdaderas,ADJ,aforado,1
1,Verdaderas,ADJ,foral,1
1,Verdaderas,ADJ,inadmisibl,1
1,Verdaderas,ADJ,bajado,1
1,Verdaderas,ADJ,leonés,1
1,Verdaderas,ADJ,presumen,1
1,Verdaderas,ADJ,espanyolista,1
1,Verdaderas,ADJ,lujoso,1
1,Verdaderas,ADJ,beneficiario,1
1,Verdaderas,ADJ,prelado,1
1,Verdaderas,ADJ,fusilada,1
1,Verdaderas,ADJ,absurdo,1
1,Verdaderas,ADJ,ratificado,1
1,Verdaderas,ADJ,alzado,1
1,Verdaderas,ADJ,turbulento,1
1,Verdaderas,ADJ,sucesoria,1
1,Verdaderas,ADJ,avergonzado,1
1,Verdaderas,ADJ,larguísimo,1
1,Verdaderas,ADJ,mochilo,1
1,Verdaderas,ADJ,chivo,1
1,Verdaderas,ADJ,mascarilla,1
1,Verdaderas,ADJ,desviado,1
1,Verdaderas,ADJ,regresiva,1
1,Verdaderas,ADJ,testosterónico,1
1,Verdaderas,ADJ,investiduro,1
1,Verdaderas,ADJ,pronóstico,1
1,Verdaderas,ADJ,irrealizabl,1
1,Verdaderas,ADJ,justificativo,1
1,Verdaderas,ADJ,sacrificio,1
1,Verdaderas,ADJ,magento,1
1,Verdaderas,ADJ,esloveno,1
1,Verdaderas,ADJ,mastodóntico,1
1,Verdaderas,ADJ,escabroso,1
1,Verdaderas,ADJ,beneficioso,1
1,Verdaderas,ADJ,pagu,1
1,Verdaderas,ADJ,impugnado,1
1,Verdaderas,ADJ,inasumible,1
1,Verdaderas,ADJ,ambientalisto,1
1,Verdaderas,ADJ,tajado,1
1,Verdaderas,ADJ,abocada,1
1,Verdaderas,ADJ,hitleriano,1
1,Verdaderas,ADJ,vías,1
1,Verdaderas,ADJ,desquadra,1
1,Verdaderas,ADJ,intercontinental,1
1,Verdaderas,ADJ,gordo,1
1,Verdaderas,ADJ,salvo,1
1,Verdaderas,ADJ,personado,1
1,Verdaderas,ADJ,declarándolo,1
1,Verdaderas,ADJ,interés,1
1,Verdaderas,ADJ,territorializado,1
1,Verdaderas,ADJ,regionalista,1
1,Verdaderas,ADJ,idéntico,1
1,Verdaderas,ADJ,cántabro,1
1,Verdaderas,ADJ,desgrán,1
1,Verdaderas,ADJ,desbordado,1
1,Verdaderas,ADJ,garante,1
1,Verdaderas,ADJ,desheredado,1
1,Verdaderas,ADJ,embolsada,1
1,Verdaderas,ADJ,encumbrado,1
1,Verdaderas,ADJ,alabado,1
1,Verdaderas,ADJ,reverenciado,1
1,Verdaderas,ADJ,humillado,1
1,Verdaderas,ADJ,inconfesabl,1
1,Verdaderas,ADJ,perfectible,1
1,Verdaderas,ADJ,inacabado,1
1,Verdaderas,ADJ,lucido,1
1,Verdaderas,ADJ,discutido,1
1,Verdaderas,ADJ,retratado,1
1,Verdaderas,ADJ,podrido,1
1,Verdaderas,ADJ,contractual,1
1,Verdaderas,ADJ,formativo,1
1,Verdaderas,ADJ,insular,1
1,Verdaderas,ADJ,conseguido,1
1,Verdaderas,ADJ,alevín,1
1,Verdaderas,ADJ,aupado,1
1,Verdaderas,ADJ,antagónico,1
1,Verdaderas,ADJ,ponerla,1
1,Verdaderas,ADJ,mafioso,1
1,Verdaderas,ADJ,competencia,1
1,Verdaderas,ADJ,grosero,1
1,Verdaderas,ADJ,restaurativo,1
1,Verdaderas,ADJ,cuantificado,1
1,Verdaderas,ADJ,inaplazabl,1
1,Verdaderas,ADJ,acometido,1
1,Verdaderas,ADJ,república,1
1,Verdaderas,ADJ,consumado,1
1,Verdaderas,ADJ,fiduciario,1
1,Verdaderas,ADJ,cabreado,1
1,Verdaderas,ADJ,jodido,1
1,Verdaderas,ADJ,tito,1
1,Verdaderas,ADJ,pin,1
1,Verdaderas,ADJ,absuelto,1
1,Verdaderas,ADJ,abusado,1
1,Verdaderas,ADJ,nefasto,1
1,Verdaderas,ADJ,tribuanal,1
1,Verdaderas,ADJ,hispano-saudí,1
1,Verdaderas,ADJ,exparejo,1
1,Verdaderas,ADJ,aquelarre,1
1,Verdaderas,ADJ,malagueño,1
1,Verdaderas,ADJ,beneficio,1
1,Verdaderas,ADJ,veraz,1
1,Verdaderas,ADJ,discursivo,1
1,Verdaderas,ADJ,politizado,1
1,Verdaderas,ADJ,rectifico,1
1,Verdaderas,ADJ,emparentado,1
1,Verdaderas,ADJ,compungida,1
1,Verdaderas,ADJ,riojano,1
1,Verdaderas,ADJ,hipotecaria,1
1,Verdaderas,ADJ,europeísta,1
1,Verdaderas,ADJ,renovado,1
1,Verdaderas,ADJ,caducado,1
1,Verdaderas,ADJ,ley,1
1,Verdaderas,ADJ,exdeportista,1
1,Verdaderas,ADJ,superadoro,1
1,Verdaderas,ADJ,invitarl,1
1,Verdaderas,ADJ,espiado,1
1,Verdaderas,ADJ,incoada,1
1,Verdaderas,ADJ,emanado,1
1,Verdaderas,ADJ,feudo,1
1,Verdaderas,ADJ,sirio,1
1,Verdaderas,ADJ,jarro,1
1,Verdaderas,ADJ,encallado,1
1,Verdaderas,ADJ,fundamentalista,1
1,Verdaderas,ADJ,impulsivo,1
1,Verdaderas,ADJ,desorbitado,1
1,Verdaderas,ADJ,leído,1
1,Verdaderas,ADJ,descoloco,1
1,Verdaderas,ADJ,heraldo,1
1,Verdaderas,ADJ,gótico,1
1,Verdaderas,ADJ,estrella,1
1,Verdaderas,ADJ,post-covid,1
1,Verdaderas,ADJ,pillado,1
1,Verdaderas,ADJ,vallecana,1
1,Verdaderas,ADJ,borrado,1
1,Verdaderas,ADJ,obstétrico,1
1,Verdaderas,ADJ,prostituida,1
1,Verdaderas,ADJ,tank,1
1,Verdaderas,ADJ,palentín,1
1,Verdaderas,ADJ,lectivo,1
1,Verdaderas,ADJ,afgano,1
1,Verdaderas,ADJ,societario,1
1,Verdaderas,ADJ,financiado,1
1,Verdaderas,ADJ,punible,1
1,Verdaderas,ADJ,online,1
1,Verdaderas,ADJ,proeuropeo,1
1,Verdaderas,ADJ,declín,1
1,Verdaderas,ADJ,amable,1
1,Verdaderas,ADJ,fallar,1
1,Verdaderas,ADJ,avergonzada,1
1,Verdaderas,ADJ,pedido,1
1,Verdaderas,ADJ,abucheo,1
1,Verdaderas,ADJ,glorioso,1
1,Verdaderas,ADJ,vario,1
1,Verdaderas,ADJ,colgante,1
1,Verdaderas,ADJ,coprotagonista,1
1,Verdaderas,ADJ,farmacéutico,1
1,Verdaderas,ADJ,penado,1
1,Verdaderas,ADJ,abortiva,1
1,Verdaderas,ADJ,agudo,1
1,Verdaderas,ADJ,libidinoso,1
1,Verdaderas,ADJ,llegado,1
1,Verdaderas,ADJ,vejatorio,1
1,Verdaderas,ADJ,vejatoria,1
1,Verdaderas,ADJ,crucis,1
1,Verdaderas,ADJ,bovino,1
1,Verdaderas,ADJ,patronal,1
1,Verdaderas,ADJ,soriano,1
1,Verdaderas,ADJ,antiabortista,1
1,Verdaderas,ADJ,abusivo,1
1,Verdaderas,ADJ,plurinacional,1
1,Verdaderas,ADJ,pornográfico,1
1,Verdaderas,ADJ,nobiliario,1
1,Verdaderas,ADJ,adjudicatario,1
1,Verdaderas,ADJ,faltoso,1
1,Verdaderas,ADJ,semipúblico,1
1,Verdaderas,ADJ,lícito,1
1,Verdaderas,ADJ,cambiada,1
1,Verdaderas,ADJ,avalado,1
1,Verdaderas,ADJ,cursado,1
1,Verdaderas,ADJ,permiso,1
1,Verdaderas,ADJ,inconfundible,1
1,Verdaderas,ADJ,voladoro,1
1,Verdaderas,ADJ,borbónica,1
1,Verdaderas,ADJ,simpatizante,1
1,Verdaderas,ADJ,exento,1
1,Verdaderas,ADJ,climatológico,1
1,Verdaderas,ADJ,ácido,1
1,Verdaderas,ADJ,cohet,1
1,Verdaderas,ADJ,lgtbifóbico,1
1,Verdaderas,ADJ,extraparlamentario,1
1,Verdaderas,ADJ,retrógrado,1
1,Verdaderas,ADJ,sosegada,1
1,Verdaderas,ADJ,dilema,1
1,Verdaderas,ADJ,aparcado,1
1,Verdaderas,ADJ,autodestructivo,1
1,Verdaderas,ADJ,enquistado,1
1,Verdaderas,ADJ,indulto,1
1,Verdaderas,ADJ,ambientalista,1
1,Verdaderas,ADJ,ambivalente,1
1,Verdaderas,ADJ,confuso,1
1,Verdaderas,ADJ,fúnebre,1
1,Verdaderas,ADJ,consultivo,1
1,Verdaderas,ADJ,cercado,1
1,Verdaderas,ADJ,enseño,1
1,Verdaderas,ADJ,grito,1
1,Verdaderas,ADJ,golpeo,1
1,Verdaderas,ADJ,intergubernamental,1
1,Verdaderas,ADJ,espacial,1
1,Verdaderas,ADJ,viborín,1
1,Verdaderas,ADJ,rupestr,1
1,Verdaderas,ADJ,inmuebl,1
1,Verdaderas,ADJ,implementada,1
1,Verdaderas,ADJ,indisciplín,1
1,Verdaderas,ADJ,piense,1
1,Verdaderas,ADJ,aportado,1
1,Verdaderas,ADJ,galo,1
1,Verdaderas,ADJ,concesionario,1
1,Verdaderas,ADJ,concebido,1
1,Verdaderas,ADJ,minimalista,1
1,Verdaderas,ADJ,invalidado,1
1,Verdaderas,ADJ,buitre,1
1,Verdaderas,ADJ,-no,1
1,Verdaderas,ADJ,foralista,1
1,Verdaderas,ADJ,tuneado,1
1,Verdaderas,ADJ,gravísimo,1
1,Verdaderas,ADJ,recóndito,1
1,Verdaderas,ADJ,cooficial,1
1,Verdaderas,ADJ,funcionario,1
1,Verdaderas,ADJ,tensionado,1
1,Verdaderas,ADJ,exprimer,1
1,Verdaderas,ADJ,benéfico,1
1,Verdaderas,ADJ,armamentística,1
1,Verdaderas,ADJ,dieta,1
1,Verdaderas,ADJ,gigante,1
1,Verdaderas,ADJ,antidedazo,1
1,Verdaderas,ADJ,inflacionista,1
1,Verdaderas,ADJ,intencionado,1
1,Verdaderas,ADJ,individualizado,1
1,Verdaderas,ADJ,camuflado,1
1,Verdaderas,ADJ,dista,1
1,Verdaderas,ADJ,negociado,1
1,Verdaderas,ADJ,juzagado,1
1,Verdaderas,ADJ,acorralado,1
1,Verdaderas,ADJ,viable,1
1,Verdaderas,ADJ,impositiva,1
1,Verdaderas,ADJ,gibraltareño,1
1,Verdaderas,ADJ,monárquico,1
1,Verdaderas,ADJ,tours,1
1,Verdaderas,ADJ,adjudicado,1
1,Verdaderas,ADJ,inapropiado,1
1,Verdaderas,ADJ,discutible,1
1,Verdaderas,ADJ,antemano,1
1,Verdaderas,ADJ,exiguo,1
1,Verdaderas,ADJ,chií,1
1,Verdaderas,ADJ,okupado,1
1,Verdaderas,ADJ,bienvenido,1
1,Verdaderas,ADJ,publico,1
1,Verdaderas,ADJ,interministerial,1
1,Verdaderas,ADJ,destinatario,1
1,Verdaderas,ADJ,aproximado,1
1,Verdaderas,ADJ,tocado,1
1,Verdaderas,ADJ,confronto,1
1,Verdaderas,ADJ,exhumado,1
1,Verdaderas,ADJ,miso,1
1,Verdaderas,ADJ,prejudicial,1
1,Verdaderas,ADJ,conglomerado,1
1,Verdaderas,ADJ,recurrido,1
1,Verdaderas,ADJ,tildándolo,1
1,Verdaderas,ADJ,fulminante,1
1,Verdaderas,ADJ,inalterable,1
1,Verdaderas,ADJ,zanjado,1
1,Verdaderas,ADJ,uniprovincial,1
1,Verdaderas,ADJ,inimaginabl,1
1,Verdaderas,ADJ,remitido,1
1,Verdaderas,ADJ,besándose,1
1,Verdaderas,ADJ,homófoba,1
1,Verdaderas,ADJ,organizativo,1
1,Verdaderas,ADJ,thank,1
1,Verdaderas,ADJ,pidiéndol,1
1,Verdaderas,ADJ,etarra,1
1,Verdaderas,ADJ,cautelarísimo,1
1,Verdaderas,ADJ,imponible,1
1,Verdaderas,ADJ,dieto,1
1,Verdaderas,ADJ,actualizo,1
1,Verdaderas,ADJ,impacto,1
1,Verdaderas,ADJ,bipartito,1
1,Verdaderas,ADJ,negacionista,1
1,Verdaderas,ADJ,silenciado,1
1,Verdaderas,ADJ,disidente,1
1,Verdaderas,ADJ,antisanitario,1
1,Verdaderas,ADJ,estéril,1
1,Verdaderas,ADJ,litigioso,1
1,Verdaderas,ADJ,estatutario,1
1,Verdaderas,ADJ,aireado,1
1,Verdaderas,ADJ,apátrido,1
1,Verdaderas,ADJ,camerunés,1
1,Verdaderas,ADJ,extraescolar,1
1,Verdaderas,ADJ,oscurantista,1
1,Verdaderas,ADJ,patrimonio,1
1,Verdaderas,ADJ,vulnerado,1
1,Verdaderas,ADJ,astrazeneca,1
1,Verdaderas,ADJ,pilotado,1
1,Verdaderas,ADJ,desestimado,1
1,Verdaderas,ADJ,abulense,1
1,Verdaderas,ADJ,coincido,1
1,Verdaderas,ADJ,defensivo,1
1,Verdaderas,ADJ,aprovecho,1
1,Verdaderas,ADJ,prescrito,1
1,Verdaderas,ADJ,residual,1
1,Verdaderas,ADJ,edil,1
1,Verdaderas,ADJ,discrepant,1
1,Verdaderas,ADJ,pericial,1
1,Verdaderas,ADJ,legitimada,1
1,Verdaderas,ADJ,pronazi,1
1,Verdaderas,ADJ,comparativo,1
1,Verdaderas,ADJ,regulado,1
1,Verdaderas,ADJ,acampado,1
1,Verdaderas,ADJ,itinerant,1
1,Verdaderas,ADJ,puerto,1
1,Verdaderas,ADJ,superill,1
1,Verdaderas,ADJ,obstinado,1
1,Verdaderas,ADJ,transfronterizo,1
1,Verdaderas,ADJ,fatídico,1
1,Verdaderas,ADJ,cubierto,1
1,Verdaderas,ADJ,retransmitido,1
1,Verdaderas,ADJ,mudéjar,1
1,Verdaderas,ADJ,binario,1
1,Verdaderas,ADJ,tocomocho,1
1,Verdaderas,ADJ,desdentado,1
1,Verdaderas,ADJ,bucal,1
1,Verdaderas,ADJ,informe,1
1,Verdaderas,ADJ,empadronado,1
1,Verdaderas,ADJ,psoe-a,1
1,Verdaderas,ADJ,demoscópica,1
1,Verdaderas,ADJ,acrónimo,1
1,Verdaderas,ADJ,hipotecarno,1
1,Verdaderas,ADJ,incrementado,1
1,Verdaderas,ADJ,competente,1
1,Verdaderas,ADJ,ecosocial,1
1,Verdaderas,ADJ,sociovergente,1
1,Verdaderas,ADJ,consejero,1
1,Verdaderas,ADJ,norteafricano,1
1,Verdaderas,ADJ,negociable,1
1,Verdaderas,ADJ,naranja,1
1,Verdaderas,ADJ,infantilista,1
1,Verdaderas,ADJ,exmarido,1
1,Verdaderas,ADJ,acertado,1
1,Verdaderas,ADJ,financieramente,1
1,Verdaderas,ADJ,inexplicable,1
1,Verdaderas,ADJ,tajante,1
1,Verdaderas,ADJ,vicario,1
1,Verdaderas,ADJ,absorbido,1
1,Verdaderas,ADJ,vote,1
1,Verdaderas,ADJ,organizador,1
1,Verdaderas,ADJ,reservista,1
1,Verdaderas,ADJ,paternal,1
1,Verdaderas,ADJ,prorrogado,1
1,Verdaderas,ADJ,teniente,1
1,Verdaderas,ADJ,pseudónimo,1
1,Verdaderas,ADJ,desaforado,1
1,Verdaderas,ADJ,floral,1
1,Verdaderas,ADJ,activado,1
1,Verdaderas,ADJ,anidada,1
1,Verdaderas,ADJ,enfado,1
1,Verdaderas,ADJ,inadaptado,1
1,Verdaderas,ADJ,intachable,1
1,Verdaderas,ADJ,laxa,1
1,Verdaderas,ADJ,falseado,1
1,Verdaderas,ADJ,ciego,1
1,Verdaderas,ADJ,enmendado,1
1,Verdaderas,ADJ,derogado,1
1,Verdaderas,ADJ,constructivo,1
1,Verdaderas,ADJ,cínico,1
1,Verdaderas,ADJ,increpado,1
1,Verdaderas,ADJ,antisemita,1
1,Verdaderas,ADJ,fundamentado,1
1,Verdaderas,ADJ,ario,1
1,Verdaderas,ADJ,antiaéreo,1
1,Verdaderas,ADJ,báltico,1
1,Verdaderas,ADJ,recíproco,1
1,Verdaderas,ADJ,cazado,1
1,Verdaderas,ADJ,embarcado,1
1,Verdaderas,ADJ,saludable,1
1,Verdaderas,ADJ,inclusivo,1
1,Verdaderas,ADJ,iglesia,1
1,Verdaderas,ADJ,inflamado,1
1,Verdaderas,ADJ,monarca,1
1,Verdaderas,ADJ,coloco,1
1,Verdaderas,ADJ,ilusionante,1
1,Verdaderas,ADJ,senior,1
1,Verdaderas,ADJ,cerdo,1
1,Verdaderas,ADJ,genocido,1
1,Verdaderas,ADJ,cómpliz,1
1,Verdaderas,ADJ,laicista,1
1,Verdaderas,ADJ,inmatriculado,1
1,Verdaderas,ADJ,concordatario,1
1,Verdaderas,ADJ,híper-electrointensiva,1
1,Verdaderas,ADJ,circular,1
1,Verdaderas,ADJ,invasor,1
1,Verdaderas,ADJ,despótico,1
1,Verdaderas,ADJ,inadmisible,1
1,Verdaderas,ADJ,contesta,1
1,Verdaderas,ADJ,mayorista,1
1,Verdaderas,ADJ,encomendada,1
1,Verdaderas,ADJ,anticrisi,1
1,Verdaderas,ADJ,expedientado,1
1,Verdaderas,ADJ,sangrante,1
1,Verdaderas,ADJ,fraguado,1
1,Verdaderas,ADJ,limítrofe,1
1,Verdaderas,ADJ,instrumental,1
1,Verdaderas,ADJ,filológica,1
1,Verdaderas,ADJ,despoblado,1
1,Verdaderas,ADJ,aterrizado,1
1,Verdaderas,ADJ,pp+cs,1
1,Verdaderas,ADJ,aznarista,1
1,Verdaderas,ADJ,borracho,1
1,Verdaderas,ADJ,insistente,1
1,Verdaderas,ADJ,bonifico,1
1,Verdaderas,ADJ,estancado,1
1,Verdaderas,ADJ,patético,1
1,Verdaderas,ADJ,medicalizado,1
1,Verdaderas,ADJ,abrirno,1
1,Verdaderas,ADJ,municipalista,1
1,Verdaderas,ADJ,ultracatólico,1
1,Verdaderas,ADJ,delegado,1
1,Verdaderas,ADJ,claveteado,1
1,Verdaderas,ADJ,pelota,1
1,Verdaderas,ADJ,afiliado,1
1,Verdaderas,ADJ,empeñado,1
1,Verdaderas,ADJ,sobrevenido,1
1,Verdaderas,ADJ,chungo,1
1,Verdaderas,ADJ,inútil,1
1,Verdaderas,ADJ,perniciós,1
1,Verdaderas,ADJ,dolido,1
1,Verdaderas,ADJ,filofascista,1
1,Verdaderas,ADJ,érroneo,1
1,Verdaderas,ADJ,aleatorio,1
1,Verdaderas,ADJ,verificable,1
1,Verdaderas,ADJ,recriminatorio,1
1,Verdaderas,ADJ,tratado,1
1,Verdaderas,ADJ,volátil,1
1,Verdaderas,ADJ,equiparable,1
1,Verdaderas,ADJ,póstumo,1
1,Verdaderas,ADJ,caníbal,1
1,Verdaderas,ADJ,contagiado,1
1,Verdaderas,ADJ,calleante,1
1,Verdaderas,ADJ,cobrada,1
1,Verdaderas,ADJ,representándol,1
1,Verdaderas,ADJ,habilitado,1
1,Verdaderas,ADJ,aplazado,1
1,Verdaderas,ADJ,remarca,1
1,Verdaderas,ADJ,cunero,1
1,Verdaderas,ADJ,infectado,1
1,Verdaderas,ADJ,propín,1
1,Verdaderas,ADJ,especia,1
1,Verdaderas,ADJ,equitativo,1
1,Verdaderas,ADJ,replico,1
1,Verdaderas,ADJ,solicitant,1
1,Verdaderas,ADJ,licenciado,1
1,Verdaderas,ADJ,novelista,1
1,Verdaderas,ADJ,finalista,1
1,Verdaderas,ADJ,deno,1
1,Verdaderas,ADJ,generoso,1
1,Verdaderas,ADJ,aconfesional,1
1,Verdaderas,ADJ,exministro,1
1,Verdaderas,ADJ,discrepante,1
1,Verdaderas,ADJ,pastel,1
1,Verdaderas,ADJ,previsible,1
1,Verdaderas,ADJ,jurisprudencial,1
1,Verdaderas,ADJ,exoneradoro,1
1,Verdaderas,ADJ,aduanero,1
1,Verdaderas,ADJ,centenar,1
1,Verdaderas,ADJ,colaborativo,1
1,Verdaderas,ADJ,monográfico,1
1,Verdaderas,ADJ,ensucien,1
1,Verdaderas,ADJ,saca,1
1,Verdaderas,ADJ,escorado,1
1,Verdaderas,ADJ,bilingüe,1
1,Verdaderas,ADJ,este,1
1,Verdaderas,ADJ,hablant,1
1,Verdaderas,ADJ,originado,1
1,Verdaderas,ADJ,auditado,1
1,Verdaderas,ADJ,esvástica,1
1,Verdaderas,ADJ,precipitado,1
1,Verdaderas,ADJ,contradictorio,1
1,Verdaderas,ADJ,defraudado,1
1,Verdaderas,ADJ,perimetral,1
1,Verdaderas,ADJ,altanero,1
1,Verdaderas,ADJ,carbonizado,1
1,Verdaderas,ADJ,ibicenco,1
1,Verdaderas,ADJ,erróneo,1
1,Verdaderas,ADJ,cutre,1
1,Verdaderas,ADJ,tórrida,1
1,Verdaderas,ADJ,desgasta,1
1,Verdaderas,ADJ,cuneta,1
1,Verdaderas,ADJ,vecinal,1
1,Verdaderas,ADJ,constituido,1
1,Verdaderas,ADJ,dialéctico,1
1,Verdaderas,ADJ,inasumibl,1
1,Verdaderas,ADJ,térmico,1
1,Verdaderas,ADJ,disfruto,1
1,Verdaderas,ADJ,pederastio,1
1,Verdaderas,ADJ,consagrado,1
1,Verdaderas,ADJ,contaminante,1
1,Verdaderas,ADJ,pincho,1
1,Verdaderas,ADJ,horario,1
1,Verdaderas,ADJ,escondido,1
1,Verdaderas,ADJ,desquiciado,1
1,Verdaderas,ADJ,campanada,1
1,Verdaderas,ADJ,inhabilitado,1
1,Verdaderas,ADJ,mordida,1
1,Verdaderas,ADJ,unifico,1
1,Verdaderas,ADJ,nevado,1
1,Verdaderas,ADJ,laboralista,1
1,Verdaderas,ADJ,aparejado,1
1,Verdaderas,ADJ,insto,1
1,Verdaderas,ADJ,prohibido,1
1,Verdaderas,ADJ,esmerado,1
1,Verdaderas,ADJ,feminicida,1
1,Verdaderas,ADJ,limpio,1
1,Verdaderas,ADJ,deprimes,1
1,Verdaderas,ADJ,alzamiento,1
1,Verdaderas,ADJ,horrorizado,1
1,Verdaderas,ADJ,desatado,1
1,Verdaderas,ADJ,donostiarra,1
1,Verdaderas,ADJ,constatado,1
1,Verdaderas,ADJ,empresario,1
1,Verdaderas,ADJ,solidario,1
1,Verdaderas,ADJ,legendario,1
1,Verdaderas,ADJ,consensuado,1
1,Verdaderas,ADJ,continuista,1
1,Verdaderas,ADJ,lucense,1
1,Verdaderas,ADJ,cotizado,1
1,Verdaderas,ADJ,deducible,1
1,Verdaderas,ADJ,mobiliario,1
1,Verdaderas,ADJ,reabierto,1
1,Verdaderas,ADJ,inconsciente,1
1,Verdaderas,ADJ,exprime,1
1,Verdaderas,ADJ,homólogo,1
1,Verdaderas,ADJ,andorrano,1
1,Verdaderas,ADJ,estemo,1
1,Verdaderas,ADJ,informado,1
1,Verdaderas,ADJ,monoparental,1
1,Verdaderas,ADJ,infiltrado,1
1,Verdaderas,ADJ,sexoafectiva,1
1,Verdaderas,ADJ,arrollador,1
1,Verdaderas,ADJ,aglutinadoro,1
1,Verdaderas,ADJ,tirado,1
1,Verdaderas,ADJ,recorrido,1
1,Verdaderas,ADJ,maestro,1
1,Verdaderas,ADJ,recurrible,1
1,Verdaderas,ADJ,carcel,1
1,Verdaderas,ADJ,veraniego,1
1,Verdaderas,ADJ,marquen,1
1,Verdaderas,ADJ,cuajado,1
1,Verdaderas,ADJ,imparable,1
1,Verdaderas,ADJ,ancho,1
1,Verdaderas,ADJ,entelequio,1
1,Verdaderas,ADJ,discrepancia,1
1,Verdaderas,ADJ,titánico,1
1,Verdaderas,ADJ,suyo,1
1,Verdaderas,ADJ,artículo,1
1,Verdaderas,ADJ,incumplida,1
1,Verdaderas,ADJ,adoptivo,1
1,Verdaderas,ADJ,jerarquizado,1
1,Verdaderas,ADJ,neonazi,1
1,Verdaderas,ADJ,incautado,1
1,Verdaderas,ADJ,festivo,1
1,Verdaderas,ADJ,implícito,1
1,Verdaderas,ADJ,extrajurídica,1
1,Verdaderas,ADJ,exresponsable,1
1,Verdaderas,ADJ,cumplido,1
1,Verdaderas,ADJ,repita,1
1,Verdaderas,ADJ,dar,1
1,Verdaderas,ADJ,arrancada,1
1,Verdaderas,ADJ,hermano,1
1,Verdaderas,ADJ,divino,1
1,Verdaderas,ADJ,inoculada,1
1,Verdaderas,ADJ,contagiada,1
1,Verdaderas,ADJ,excomisario,1
1,Verdaderas,ADJ,trasladado,1
1,Verdaderas,ADJ,beligerante,1
1,Verdaderas,ADJ,intensifico,1
1,Verdaderas,ADJ,izquierdista,1
1,Verdaderas,ADJ,tran,1
1,Verdaderas,ADJ,criado,1
1,Verdaderas,ADJ,pentecostal,1
1,Verdaderas,ADJ,youtuber,1
1,Verdaderas,ADJ,transgénero,1
1,Verdaderas,ADJ,acosado,1
1,Verdaderas,ADJ,rubio,1
1,Verdaderas,ADJ,suntuoso,1
1,Verdaderas,ADJ,plástico,1
1,Verdaderas,ADJ,poscomunista,1
1,Verdaderas,ADJ,innumerable,1
1,Verdaderas,ADJ,sobrio,1
1,Verdaderas,ADJ,mesurado,1
1,Verdaderas,ADJ,altísimo,1
1,Verdaderas,ADJ,insoportable,1
1,Verdaderas,ADJ,cultivable,1
1,Verdaderas,ADJ,adinerado,1
1,Verdaderas,ADJ,nacionalizada,1
1,Verdaderas,ADJ,antiduo,1
1,Verdaderas,ADJ,multiplicador,1
1,Verdaderas,ADJ,impecablemente,1
1,Verdaderas,ADJ,bienintencionado,1
1,Verdaderas,ADJ,egoísto,1
1,Verdaderas,ADJ,escrutado,1
1,Verdaderas,ADJ,populoso,1
1,Verdaderas,ADJ,eliminado,1
1,Verdaderas,ADJ,desanimado,1
1,Verdaderas,ADJ,angustia,1
1,Verdaderas,ADJ,confiado,1
1,Verdaderas,ADJ,redistributiva,1
1,Verdaderas,ADJ,decretado,1
1,Verdaderas,ADJ,arancel,1
1,Verdaderas,ADJ,articulado,1
1,Verdaderas,ADJ,belicoso,1
1,Verdaderas,ADJ,misógino,1
1,Verdaderas,ADJ,exalumno,1
1,Verdaderas,ADJ,pseudofanático,1
1,Verdaderas,ADJ,acto,1
1,Verdaderas,ADJ,alusivo,1
1,Verdaderas,ADJ,extraditado,1
1,Verdaderas,ADJ,transnacional,1
1,Verdaderas,ADJ,capo,1
1,Verdaderas,ADJ,sicarial,1
1,Verdaderas,ADJ,estrepitoso,1
1,Verdaderas,ADJ,conceptual,1
1,Verdaderas,ADJ,pretencioso,1
1,Verdaderas,ADJ,monumental,1
1,Verdaderas,ADJ,atlético,1
1,Verdaderas,ADJ,pícaro,1
1,Verdaderas,ADJ,protésico,1
1,Verdaderas,ADJ,capilar,1
1,Verdaderas,ADJ,tejano,1
1,Verdaderas,ADJ,calvo,1
1,Verdaderas,ADJ,canoso,1
1,Verdaderas,ADJ,chocante,1
1,Verdaderas,ADJ,disecado,1
1,Verdaderas,ADJ,victoriano,1
1,Verdaderas,ADJ,afecto,1
1,Verdaderas,ADJ,desaprovechado,1
1,Verdaderas,ADJ,fanfarrón,1
1,Verdaderas,ADJ,sincero,1
1,Verdaderas,ADJ,resultante,1
1,Verdaderas,ADJ,verosímil,1
1,Verdaderas,ADJ,espeluznante,1
1,Verdaderas,ADJ,vena,1
1,Verdaderas,ADJ,serpient,1
1,Verdaderas,ADJ,atronador,1
1,Verdaderas,ADJ,descomunal,1
1,Verdaderas,ADJ,sombrío,1
1,Verdaderas,ADJ,desenfrenado,1
1,Verdaderas,ADJ,audaz,1
1,Verdaderas,ADJ,apocalíptico,1
1,Verdaderas,ADJ,estrafalario,1
1,Verdaderas,ADJ,temerario,1
1,Verdaderas,ADJ,marejada,1
1,Verdaderas,ADJ,derribado,1
1,Verdaderas,ADJ,derribada,1
1,Verdaderas,ADJ,ciclónico,1
1,Verdaderas,ADJ,adentro,1
1,Verdaderas,ADJ,ficticio,1
1,Verdaderas,ADJ,videollamado,1
1,Verdaderas,ADJ,especialista,1
1,Verdaderas,ADJ,indocumentado,1
1,Verdaderas,ADJ,ferroviario,1
1,Verdaderas,ADJ,navegabl,1
1,Verdaderas,ADJ,oleoducto,1
1,Verdaderas,ADJ,licuado,1
1,Verdaderas,ADJ,catalogado,1
1,Verdaderas,ADJ,óptico,1
1,Verdaderas,ADJ,carnal,1
1,Verdaderas,ADJ,reflejado,1
1,Verdaderas,ADJ,impaga,1
1,Verdaderas,ADJ,insostenible,1
1,Verdaderas,ADJ,pagarl,1
1,Verdaderas,ADJ,chico,1
1,Verdaderas,ADJ,manufacturero,1
1,Verdaderas,ADJ,nivelado,1
1,Verdaderas,ADJ,engañoso,1
1,Verdaderas,ADJ,libero,1
1,Verdaderas,ADJ,traslado,1
1,Verdaderas,ADJ,tolerante,1
1,Verdaderas,ADJ,inescrupuloso,1
1,Verdaderas,ADJ,indigno,1
1,Verdaderas,ADJ,torpe,1
1,Verdaderas,ADJ,cuestionada,1
1,Verdaderas,ADJ,infatigable,1
1,Verdaderas,ADJ,adicto,1
1,Verdaderas,ADJ,militarista,1
1,Verdaderas,ADJ,impregnado,1
1,Verdaderas,ADJ,confinada,1
1,Verdaderas,ADJ,atraído,1
1,Verdaderas,ADJ,paradisíaca,1
1,Verdaderas,ADJ,varado,1
1,Verdaderas,ADJ,opuesta,1
1,Verdaderas,ADJ,desolado,1
1,Verdaderas,ADJ,épico,1
1,Verdaderas,ADJ,nítido,1
1,Verdaderas,ADJ,sénior,1
1,Verdaderas,ADJ,zona,1
1,Verdaderas,ADJ,elíptico,1
1,Verdaderas,ADJ,brusco,1
1,Verdaderas,ADJ,saco,1
1,Verdaderas,ADJ,alberca,1
1,Verdaderas,ADJ,centro-oriental,1
1,Verdaderas,ADJ,álgido,1
1,Verdaderas,ADJ,tardía,1
1,Verdaderas,ADJ,plasmado,1
1,Verdaderas,ADJ,músculo,1
1,Verdaderas,ADJ,reto,1
1,Verdaderas,ADJ,paraguayo,1
1,Verdaderas,ADJ,plausiblemente,1
1,Verdaderas,ADJ,trasero,1
1,Verdaderas,ADJ,ineludible,1
1,Verdaderas,ADJ,tema,1
1,Verdaderas,ADJ,advertencia,1
1,Verdaderas,ADJ,clausurado,1
1,Verdaderas,ADJ,playa,1
1,Verdaderas,ADJ,-solei,1
1,Verdaderas,ADJ,-mincho,1
1,Verdaderas,ADJ,dental,1
1,Verdaderas,ADJ,semiabandonado,1
1,Verdaderas,ADJ,estático,1
1,Verdaderas,ADJ,aburrido,1
1,Verdaderas,ADJ,sustantivo,1
1,Verdaderas,ADJ,respuesta-,1
1,Verdaderas,ADJ,traído,1
1,Verdaderas,ADJ,limitant,1
1,Verdaderas,ADJ,incomparable,1
1,Verdaderas,ADJ,latinomericano,1
1,Verdaderas,ADJ,equivocado,1
1,Verdaderas,ADJ,apagado,1
1,Verdaderas,ADJ,propósito,1
1,Verdaderas,ADJ,arena,1
1,Verdaderas,ADJ,cubano-estadounidense,1
1,Verdaderas,ADJ,maduro,1
1,Verdaderas,ADJ,detestable,1
1,Verdaderas,ADJ,narcotraficant,1
1,Verdaderas,ADJ,impulso,1
1,Verdaderas,ADJ,ilustrado,1
1,Verdaderas,ADJ,socialdemócrata,1
1,Verdaderas,ADJ,asequible,1
1,Verdaderas,ADJ,íntegro,1
1,Verdaderas,ADJ,cohesionado,1
1,Verdaderas,ADJ,unificado,1
1,Verdaderas,ADJ,identificable,1
1,Verdaderas,ADJ,abordo,1
1,Verdaderas,ADJ,periodo,1
1,Verdaderas,ADJ,nicaragüense,1
1,Verdaderas,ADJ,incoherente,1
1,Verdaderas,ADJ,rito,1
1,Verdaderas,ADJ,excomandante,1
1,Verdaderas,ADJ,oceánica,1
1,Verdaderas,ADJ,antiterrorista,1
1,Verdaderas,ADJ,consuetudinario,1
1,Verdaderas,ADJ,perderlo,1
1,Verdaderas,ADJ,feriado,1
1,Verdaderas,ADJ,decaída,1
1,Verdaderas,ADJ,accesibl,1
1,Verdaderas,ADJ,motivado,1
1,Verdaderas,ADJ,emotivo,1
1,Verdaderas,ADJ,diós,1
1,Verdaderas,ADJ,tímido,1
1,Verdaderas,ADJ,bellísimo,1
1,Verdaderas,ADJ,mar,1
1,Verdaderas,ADJ,negado,1
1,Verdaderas,ADJ,director,1
1,Verdaderas,ADJ,deshecho,1
1,Verdaderas,ADJ,recreativo,1
1,Verdaderas,ADJ,plantel,1
1,Verdaderas,ADJ,enemigo,1
1,Verdaderas,ADJ,agéntico,1
1,Verdaderas,ADJ,vacante,1
1,Verdaderas,ADJ,imprevista,1
1,Verdaderas,ADJ,empleo,1
1,Verdaderas,ADJ,mediocre,1
1,Verdaderas,ADJ,estructurado,1
1,Verdaderas,ADJ,escríbel,1
1,Verdaderas,ADJ,promocionado,1
1,Verdaderas,ADJ,intangibl,1
1,Verdaderas,ADJ,perjudicarlo,1
1,Verdaderas,ADJ,portugués,1
1,Verdaderas,ADJ,primordialmente,1
1,Verdaderas,ADJ,secretario,1
1,Verdaderas,ADJ,escritura,1
1,Verdaderas,ADJ,pictográfico,1
1,Verdaderas,ADJ,cuidadoso,1
1,Verdaderas,ADJ,faltant,1
1,Verdaderas,ADJ,abarco,1
1,Verdaderas,ADJ,calendárico,1
1,Verdaderas,ADJ,documento,1
1,Verdaderas,ADJ,leopardo,1
1,Verdaderas,ADJ,tilcayo,1
1,Verdaderas,ADJ,individuo,1
1,Verdaderas,ADJ,bosqu,1
1,Verdaderas,ADJ,evolutivo,1
1,Verdaderas,ADJ,conservado,1
1,Verdaderas,ADJ,estudiado,1
1,Verdaderas,ADJ,taxonómico,1
1,Verdaderas,ADJ,ascendente,1
1,Verdaderas,ADJ,devaluado,1
1,Verdaderas,ADJ,remesa,1
1,Verdaderas,ADJ,acentuado,1
1,Verdaderas,ADJ,retorno,1
1,Verdaderas,ADJ,exportador,1
1,Verdaderas,ADJ,encarecido,1
1,Verdaderas,ADJ,peso,1
1,Verdaderas,ADJ,minero-energético,1
1,Verdaderas,ADJ,foráneo,1
1,Verdaderas,ADJ,casual,1
1,Verdaderas,ADJ,sobremesa,1
1,Verdaderas,ADJ,explanado,1
1,Verdaderas,ADJ,temático,1
1,Verdaderas,ADJ,premium,1
1,Verdaderas,ADJ,fabricado,1
1,Verdaderas,ADJ,estándar,1
1,Verdaderas,ADJ,alegado,1
1,Verdaderas,ADJ,neocolonial,1
1,Verdaderas,ADJ,insalubre,1
1,Verdaderas,ADJ,infructuós,1
1,Verdaderas,ADJ,cuartico,1
1,Verdaderas,ADJ,desmayado,1
1,Verdaderas,ADJ,mía,1
1,Verdaderas,ADJ,libanés,1
1,Verdaderas,ADJ,depuesto,1
1,Verdaderas,ADJ,entramado,1
1,Verdaderas,ADJ,nombrándolo,1
1,Verdaderas,ADJ,suscrito,1
1,Verdaderas,ADJ,proponerl,1
1,Verdaderas,ADJ,consumidor,1
1,Verdaderas,ADJ,-alguna,1
1,Verdaderas,ADJ,apto,1
1,Verdaderas,ADJ,guiada,1
1,Verdaderas,ADJ,laudo,1
1,Verdaderas,ADJ,deuda,1
1,Verdaderas,ADJ,referido,1
1,Verdaderas,ADJ,minado,1
1,Verdaderas,ADJ,ineficaz,1
1,Verdaderas,ADJ,regulador,1
1,Verdaderas,ADJ,flexible,1
1,Verdaderas,ADJ,inverso,1
1,Verdaderas,ADJ,pandilla,1
1,Verdaderas,ADJ,cuñada,1
1,Verdaderas,ADJ,arrodillado,1
1,Verdaderas,ADJ,aplastante,1
1,Verdaderas,ADJ,empobrecido,1
1,Verdaderas,ADJ,pequeñísimo,1
1,Verdaderas,ADJ,insurgente,1
1,Verdaderas,ADJ,criollo,1
1,Verdaderas,ADJ,convulso,1
1,Verdaderas,ADJ,virreinal,1
1,Verdaderas,ADJ,mural,1
1,Verdaderas,ADJ,triunfal,1
1,Verdaderas,ADJ,neutral,1
1,Verdaderas,ADJ,ambiguo,1
1,Verdaderas,ADJ,enérgico,1
1,Verdaderas,ADJ,geopolítica,1
1,Verdaderas,ADJ,accidentado,1
1,Verdaderas,ADJ,sediciosa,1
1,Verdaderas,ADJ,asonado,1
1,Verdaderas,ADJ,administradoro,1
1,Verdaderas,ADJ,inaugurado,1
1,Verdaderas,ADJ,cineasta,1
1,Verdaderas,ADJ,imponente,1
1,Verdaderas,ADJ,porcentual,1
1,Verdaderas,ADJ,undécimo,1
1,Verdaderas,ADJ,tableta,1
1,Verdaderas,ADJ,imágén,1
1,Verdaderas,ADJ,traumatizado,1
1,Verdaderas,ADJ,exalcaldés,1
1,Verdaderas,ADJ,acribillado,1
1,Verdaderas,ADJ,escalofriante,1
1,Verdaderas,ADJ,multicausal,1
1,Verdaderas,ADJ,vertiginoso,1
1,Verdaderas,ADJ,viejito,1
1,Verdaderas,ADJ,psiquiátrico,1
1,Verdaderas,ADJ,habitacional,1
1,Verdaderas,ADJ,terapéutico,1
1,Verdaderas,ADJ,enlaz,1
1,Verdaderas,ADJ,sellado,1
1,Verdaderas,ADJ,reliquia,1
1,Verdaderas,ADJ,preincaico,1
1,Verdaderas,ADJ,gobernante,1
1,Verdaderas,ADJ,inca,1
1,Verdaderas,ADJ,legalizado,1
1,Verdaderas,ADJ,año,1
1,Verdaderas,ADJ,heterosexual,1
1,Verdaderas,ADJ,bisexual,1
1,Verdaderas,ADJ,remoto,1
1,Verdaderas,ADJ,lgbtq+,1
1,Verdaderas,ADJ,materno,1
1,Verdaderas,ADJ,británico-israelí,1
1,Verdaderas,ADJ,usurpada,1
1,Verdaderas,ADJ,comercializable,1
1,Verdaderas,ADJ,proyectado,1
1,Verdaderas,ADJ,flotante,1
1,Verdaderas,ADJ,descargo,1
1,Verdaderas,ADJ,reubicado,1
1,Verdaderas,ADJ,argentino-israelí,1
1,Verdaderas,ADJ,desafortunado,1
1,Verdaderas,ADJ,transmitirl,1
1,Verdaderas,ADJ,favorito,1
1,Verdaderas,ADJ,apretado,1
1,Verdaderas,ADJ,cefálico,1
1,Verdaderas,ADJ,septentrional,1
1,Verdaderas,ADJ,provee,1
1,Verdaderas,ADJ,pasándola,1
1,Verdaderas,ADJ,ingrés,1
1,Verdaderas,ADJ,atraviés,1
1,Verdaderas,ADJ,suplente,1
1,Verdaderas,ADJ,media-alto,1
1,Verdaderas,ADJ,agroalimentario,1
1,Verdaderas,ADJ,lluevo,1
1,Verdaderas,ADJ,avícola,1
1,Verdaderas,ADJ,posquirúrgico,1
1,Verdaderas,ADJ,encefálico,1
1,Verdaderas,ADJ,prestado,1
1,Verdaderas,ADJ,preescolar,1
1,Verdaderas,ADJ,refugiado,1
1,Verdaderas,ADJ,irrealizable,1
1,Verdaderas,ADJ,retroceso,1
1,Verdaderas,ADJ,usual,1
1,Verdaderas,ADJ,digitalizado,1
1,Verdaderas,ADJ,moroso,1
1,Verdaderas,ADJ,arenoso,1
1,Verdaderas,ADJ,erguido,1
1,Verdaderas,ADJ,presenciado,1
1,Verdaderas,ADJ,admirable,1
1,Verdaderas,ADJ,intencional,1
1,Verdaderas,ADJ,auditabl,1
1,Verdaderas,ADJ,analizarla,1
1,Verdaderas,ADJ,límite,1
1,Verdaderas,ADJ,insalubr,1
1,Verdaderas,ADJ,derive,1
1,Verdaderas,ADJ,atroz,1
1,Verdaderas,ADJ,recurr,1
1,Verdaderas,ADJ,aclimatarno,1
1,Verdaderas,ADJ,emigrant,1
1,Verdaderas,ADJ,retoma,1
1,Verdaderas,ADJ,busco,1
1,Verdaderas,ADJ,ubico,1
1,Verdaderas,ADJ,reprime,1
1,Verdaderas,ADJ,oligarca,1
1,Verdaderas,ADJ,macabro,1
1,Verdaderas,ADJ,acrítico,1
1,Verdaderas,ADJ,gustosamente,1
1,Verdaderas,ADJ,hermán,1
1,Verdaderas,ADJ,rancio,1
1,Verdaderas,ADJ,neofascista,1
1,Verdaderas,ADJ,estipulado,1
1,Verdaderas,ADJ,perimétrico,1
1,Verdaderas,ADJ,pirotécnico,1
1,Verdaderas,ADJ,reportada,1
1,Verdaderas,ADJ,frazada,1
1,Verdaderas,ADJ,minucioso,1
1,Verdaderas,ADJ,televisivo,1
1,Verdaderas,ADJ,crecido,1
1,Verdaderas,ADJ,naturalizado,1
1,Verdaderas,ADJ,enviarío,1
1,Verdaderas,ADJ,apasionado,1
1,Verdaderas,ADJ,zarista,1
1,Verdaderas,ADJ,sal,1
1,Verdaderas,ADJ,cosmopolita,1
1,Verdaderas,ADJ,austríaco,1
1,Verdaderas,ADJ,magnífico,1
1,Verdaderas,ADJ,credencial,1
1,Verdaderas,ADJ,imagino,1
1,Verdaderas,ADJ,servidor,1
1,Verdaderas,ADJ,virtuoso,1
1,Verdaderas,ADJ,muestra,1
1,Verdaderas,ADJ,combatient,1
1,Verdaderas,ADJ,rudimentario,1
1,Verdaderas,ADJ,encubierta,1
1,Verdaderas,ADJ,periodista,1
1,Verdaderas,ADJ,reclutado,1
1,Verdaderas,ADJ,decadente,1
1,Verdaderas,ADJ,miserable,1
1,Verdaderas,ADJ,informatizado,1
1,Verdaderas,ADJ,guardado,1
1,Verdaderas,ADJ,biométrico,1
1,Verdaderas,ADJ,difús,1
1,Verdaderas,ADJ,propagandístico,1
1,Verdaderas,ADJ,estorbo,1
1,Verdaderas,ADJ,regazado,1
1,Verdaderas,ADJ,atrasado,1
1,Verdaderas,ADJ,marginal,1
1,Verdaderas,ADJ,algorítmico,1
1,Verdaderas,ADJ,subsumido,1
1,Verdaderas,ADJ,adulto,1
1,Verdaderas,ADJ,agradecido,1
1,Verdaderas,ADJ,prístín,1
1,Verdaderas,ADJ,influenciado,1
1,Verdaderas,ADJ,patrullera,1
1,Verdaderas,ADJ,converso,1
1,Verdaderas,ADJ,reconocible,1
1,Verdaderas,ADJ,ausente,1
1,Verdaderas,ADJ,traumado,1
1,Verdaderas,ADJ,irrestricto,1
1,Verdaderas,ADJ,pluralista,1
1,Verdaderas,ADJ,dolient,1
1,Verdaderas,ADJ,invaluabl,1
1,Verdaderas,ADJ,tem,1
1,Verdaderas,ADJ,desprotegida,1
1,Verdaderas,ADJ,artesanal,1
1,Verdaderas,ADJ,visceral,1
1,Verdaderas,ADJ,periférico,1
1,Verdaderas,ADJ,configuro,1
1,Verdaderas,ADJ,reivindicativo,1
1,Verdaderas,ADJ,inocua,1
1,Verdaderas,ADJ,repetido,1
1,Verdaderas,ADJ,pasibl,1
1,Verdaderas,ADJ,progresivo,1
1,Verdaderas,ADJ,lluviós,1
1,Verdaderas,ADJ,transito,1
1,Verdaderas,ADJ,planificado,1
1,Verdaderas,ADJ,hutí,1
1,Verdaderas,ADJ,inflacionaria,1
1,Verdaderas,ADJ,suministrado,1
1,Verdaderas,ADJ,característico,1
1,Verdaderas,ADJ,reverberada,1
1,Verdaderas,ADJ,encasillado,1
1,Verdaderas,ADJ,sanadoro,1
1,Verdaderas,ADJ,solista,1
1,Verdaderas,ADJ,maniatado,1
1,Verdaderas,ADJ,ileso,1
1,Verdaderas,ADJ,emprendedor,1
1,Verdaderas,ADJ,bolivariano,1
1,Verdaderas,ADJ,contratado,1
1,Verdaderas,ADJ,incorrecto,1
1,Verdaderas,ADJ,adjudicarl,1
1,Verdaderas,ADJ,termoeléctrico,1
1,Verdaderas,ADJ,helvético,1
1,Verdaderas,ADJ,alpino,1
1,Verdaderas,ADJ,habilidoso,1
1,Verdaderas,ADJ,adhesivo,1
1,Verdaderas,ADJ,adormecedor,1
1,Verdaderas,ADJ,empinada,1
1,Verdaderas,ADJ,pintado,1
1,Verdaderas,ADJ,rapado,1
1,Verdaderas,ADJ,barrial,1
1,Verdaderas,ADJ,forjadoro,1
1,Verdaderas,ADJ,tiránico,1
1,Verdaderas,ADJ,genealógico,1
1,Verdaderas,ADJ,mundialmente,1
1,Verdaderas,ADJ,insist,1
1,Verdaderas,ADJ,repetitivo,1
1,Verdaderas,ADJ,a.,1
1,Verdaderas,ADJ,agrupada,1
1,Verdaderas,ADJ,empoderamiento,1
1,Verdaderas,ADJ,concesional,1
1,Verdaderas,ADJ,comprobado,1
1,Verdaderas,ADJ,neoliberal,1
1,Verdaderas,ADJ,artesán,1
1,Verdaderas,ADJ,nosotra,1
1,Verdaderas,ADJ,obsceno,1
1,Verdaderas,ADJ,superdoloroso,1
1,Verdaderas,ADJ,jesuita,1
1,Verdaderas,ADJ,estudioso,1
1,Verdaderas,ADJ,siniestro,1
1,Verdaderas,ADJ,castrense,1
1,Verdaderas,ADJ,épica,1
1,Verdaderas,ADJ,modo,1
1,Verdaderas,ADJ,imperialista,1
1,Verdaderas,ADJ,prepotente,1
1,Verdaderas,ADJ,colateral,1
1,Verdaderas,ADJ,innegable,1
1,Verdaderas,ADJ,opresivo,1
1,Verdaderas,ADJ,accionario,1
1,Verdaderas,ADJ,matriz,1
1,Verdaderas,ADJ,-justo,1
1,Verdaderas,ADJ,empanada,1
1,Verdaderas,ADJ,condensado,1
1,Verdaderas,ADJ,incompleto,1
1,Verdaderas,ADJ,invierto,1
1,Verdaderas,ADJ,premiado,1
1,Verdaderas,ADJ,autoro,1
1,Verdaderas,ADJ,portentós,1
1,Verdaderas,ADJ,caprichoso,1
1,Verdaderas,ADJ,elemental,1
1,Verdaderas,ADJ,sutil,1
1,Verdaderas,ADJ,picante,1
1,Verdaderas,ADJ,influencia,1
1,Verdaderas,ADJ,enraizada,1
1,Verdaderas,ADJ,islandés,1
1,Verdaderas,ADJ,fantástico,1
1,Verdaderas,ADJ,cansado,1
1,Verdaderas,ADJ,venido,1
1,Verdaderas,ADJ,viajero,1
1,Verdaderas,ADJ,conoz,1
1,Verdaderas,ADJ,tibetano,1
1,Verdaderas,ADJ,encaja,1
1,Verdaderas,ADJ,anti-indio,1
1,Verdaderas,ADJ,ingeniero,1
1,Verdaderas,ADJ,colonizado,1
1,Verdaderas,ADJ,corporativo,1
1,Verdaderas,ADJ,identifica,1
1,Verdaderas,ADJ,editado,1
1,Verdaderas,ADJ,padecido,1
1,Verdaderas,ADJ,institucionalizado,1
1,Verdaderas,ADJ,masculino,1
1,Verdaderas,ADJ,literal,1
1,Verdaderas,ADJ,demencial,1
1,Verdaderas,ADJ,feo,1
1,Verdaderas,ADJ,sensato,1
1,Verdaderas,ADJ,asediado,1
1,Verdaderas,ADJ,tropa,1
1,Verdaderas,ADJ,reportaj,1
1,Verdaderas,ADJ,empoderado,1
1,Verdaderas,ADJ,reconcentrado,1
1,Verdaderas,ADJ,motivador,1
1,Verdaderas,ADJ,sentiste,1
1,Verdaderas,ADJ,ranchera,1
1,Verdaderas,ADJ,inagotable,1
1,Verdaderas,ADJ,inconclús,1
1,Verdaderas,ADJ,simultáneo,1
1,Verdaderas,ADJ,irresistible,1
1,Verdaderas,ADJ,comunicarl,1
1,Verdaderas,ADJ,mundialista,1
1,Verdaderas,ADJ,insólito,1
1,Verdaderas,ADJ,jugado,1
1,Verdaderas,ADJ,impensable,1
1,Verdaderas,ADJ,absolutorio,1
1,Verdaderas,ADJ,condenatorio,1
1,Verdaderas,ADJ,antigubernamental,1
1,Verdaderas,ADJ,suicidarme,1
1,Verdaderas,ADJ,-dirigido,1
1,Verdaderas,ADJ,limito,1
1,Verdaderas,ADJ,agendada,1
1,Verdaderas,ADJ,visitante,1
1,Verdaderas,ADJ,-recostado,1
1,Verdaderas,ADJ,video,1
1,Verdaderas,ADJ,inmovilizado,1
1,Verdaderas,ADJ,sedant,1
1,Verdaderas,ADJ,compasivo,1
1,Verdaderas,ADJ,patrio,1
1,Verdaderas,ADJ,fértil,1
1,Verdaderas,ADJ,problemático,1
1,Verdaderas,ADJ,inalcanzable,1
1,Verdaderas,ADJ,nutritiva,1
1,Verdaderas,ADJ,nutricional,1
1,Verdaderas,ADJ,arroz,1
1,Verdaderas,ADJ,calórica,1
1,Verdaderas,ADJ,estatalizado,1
1,Verdaderas,ADJ,fertilizant,1
1,Verdaderas,ADJ,agroquímico,1
1,Verdaderas,ADJ,explotarlo,1
1,Verdaderas,ADJ,agropecuario,1
1,Verdaderas,ADJ,control,1
1,Verdaderas,ADJ,descapitalizado,1
1,Verdaderas,ADJ,vietnamita,1
1,Verdaderas,ADJ,disfuncional,1
1,Verdaderas,ADJ,montañoso,1
1,Verdaderas,ADJ,mantenerla,1
1,Verdaderas,ADJ,período,1
1,Verdaderas,ADJ,dolarizado,1
1,Verdaderas,ADJ,revitalizado,1
1,Verdaderas,ADJ,cableado,1
1,Verdaderas,ADJ,lucho,1
1,Verdaderas,ADJ,desechado,1
1,Verdaderas,ADJ,carcelario,1
1,Verdaderas,ADJ,cuestionabl,1
1,Verdaderas,ADJ,bacterián,1
1,Verdaderas,ADJ,marxista,1
1,Verdaderas,ADJ,financiada,1
1,Verdaderas,ADJ,multinacional,1
1,Verdaderas,ADJ,combatirla,1
1,Verdaderas,ADJ,patente,1
1,Verdaderas,ADJ,esperanzado,1
1,Verdaderas,ADJ,inexperto,1
1,Verdaderas,ADJ,socioambiental,1
1,Verdaderas,ADJ,socolo,1
1,Verdaderas,ADJ,plátano,1
1,Verdaderas,ADJ,filial,1
1,Verdaderas,ADJ,mitológico,1
1,Verdaderas,ADJ,chil,1
1,Verdaderas,ADJ,sintético,1
1,Verdaderas,ADJ,deforestada,1
1,Verdaderas,ADJ,impredecibl,1
1,Verdaderas,ADJ,estandarizado,1
1,Verdaderas,ADJ,hermandado,1
1,Verdaderas,ADJ,irlandés,1
1,Verdaderas,ADJ,guapo,1
1,Verdaderas,ADJ,rioplatense,1
1,Verdaderas,ADJ,neerlandés,1
1,Verdaderas,ADJ,semblante,1
1,Verdaderas,ADJ,ignominiós,1
1,Verdaderas,ADJ,cuñado,1
1,Verdaderas,ADJ,conferido,1
1,Verdaderas,ADJ,socava,1
1,Verdaderas,ADJ,sueco,1
1,Verdaderas,ADJ,periódico,1
1,Verdaderas,ADJ,navegable,1
1,Verdaderas,ADJ,interanual,1
1,Verdaderas,ADJ,comercializado,1
1,Verdaderas,ADJ,crudo,1
1,Verdaderas,ADJ,imaginado,1
1,Verdaderas,ADJ,pionero,1
1,Verdaderas,ADJ,subalimentado,1
1,Verdaderas,ADJ,tilapio,1
1,Verdaderas,ADJ,teórico,1
1,Verdaderas,ADJ,metodológico,1
1,Verdaderas,ADJ,rampante,1
1,Verdaderas,ADJ,acelerado,1
1,Verdaderas,ADJ,acumulativo,1
1,Verdaderas,ADJ,agigantado,1
1,Verdaderas,ADJ,productor,1
1,Verdaderas,ADJ,nutritivo,1
1,Verdaderas,ADJ,autoatentado,1
1,Verdaderas,ADJ,infundada,1
1,Verdaderas,ADJ,incisivo,1
1,Verdaderas,ADJ,rival,1
1,Verdaderas,ADJ,específicamente,1
1,Verdaderas,ADJ,convaleciente,1
1,Verdaderas,ADJ,ofensa,1
1,Verdaderas,ADJ,contabilizada,1
1,Verdaderas,ADJ,cuantioso,1
1,Verdaderas,ADJ,conmovido,1
1,Verdaderas,ADJ,quieto,1
1,Verdaderas,ADJ,hospitalizado,1
1,Verdaderas,ADJ,evacuó,1
1,Verdaderas,ADJ,atendiéndolo,1
1,Verdaderas,ADJ,relevo,1
1,Verdaderas,ADJ,tomado,1
1,Verdaderas,ADJ,orquestado,1
1,Verdaderas,ADJ,aledaño,1
1,Verdaderas,ADJ,táctico,1
1,Verdaderas,ADJ,adyacente,1
1,Verdaderas,ADJ,neto,1
1,Verdaderas,ADJ,ultraprofunda,1
1,Verdaderas,ADJ,conforme,1
1,Verdaderas,ADJ,explorador,1
1,Verdaderas,ADJ,empatado,1
1,Verdaderas,ADJ,colorida,1
1,Verdaderas,ADJ,salso,1
1,Verdaderas,ADJ,pasajero,1
1,Verdaderas,ADJ,prometedor,1
1,Verdaderas,ADJ,entusiasta,1
1,Verdaderas,ADJ,irrealizado,1
1,Verdaderas,ADJ,forjó,1
1,Verdaderas,ADJ,invitado,1
1,Verdaderas,ADJ,animado,1
1,Verdaderas,ADJ,trepidante,1
1,Verdaderas,ADJ,misterioso,1
1,Verdaderas,ADJ,guatemalteco,1
1,Verdaderas,ADJ,experimental,1
1,Verdaderas,ADJ,deslumbrado,1
1,Verdaderas,ADJ,caluroso,1
1,Verdaderas,ADJ,cautivado,1
1,Verdaderas,ADJ,fecundo,1
1,Verdaderas,ADJ,bonaerense,1
1,Verdaderas,ADJ,austral,1
1,Verdaderas,ADJ,apegado,1
1,Verdaderas,ADJ,sublevado,1
1,Verdaderas,ADJ,viajado,1
1,Verdaderas,ADJ,surco,1
1,Verdaderas,ADJ,inconmensurable,1
1,Verdaderas,ADJ,encajado,1
1,Verdaderas,ADJ,blanquecín,1
1,Verdaderas,ADJ,astronómico,1
1,Verdaderas,ADJ,arcillós,1
1,Verdaderas,ADJ,traficado,1
1,Verdaderas,ADJ,servil,1
1,Verdaderas,ADJ,preocupo,1
1,Verdaderas,ADJ,subsaharián,1
1,Verdaderas,ADJ,freno,1
1,Verdaderas,ADJ,precoz,1
1,Verdaderas,ADJ,canónico,1
1,Verdaderas,ADJ,sociocultural,1
1,Verdaderas,ADJ,indeseado,1
1,Verdaderas,ADJ,intrafamiliar,1
1,Verdaderas,ADJ,derruido,1
1,Verdaderas,ADJ,neuropsicológico,1
1,Verdaderas,ADJ,escalonada,1
1,Verdaderas,ADJ,brindarl,1
1,Verdaderas,ADJ,viste,1
1,Verdaderas,ADJ,rústico,1
1,Verdaderas,ADJ,cardiorrespiratorio,1
1,Verdaderas,ADJ,internado,1
1,Verdaderas,ADJ,destruído,1
1,Verdaderas,ADJ,distante,1
1,Verdaderas,ADJ,extendido,1
1,Verdaderas,ADJ,sismorresistent,1
1,Verdaderas,ADJ,ganado,1
1,Verdaderas,ADJ,inhabitable,1
1,Verdaderas,ADJ,inmensurable,1
1,Verdaderas,ADJ,apegada,1
1,Verdaderas,ADJ,disminuido,1
1,Verdaderas,ADJ,ocupacional,1
1,Verdaderas,ADJ,inestable,1
1,Verdaderas,ADJ,intransitable,1
1,Verdaderas,ADJ,intermitente,1
1,Verdaderas,ADJ,pésimo,1
1,Verdaderas,ADJ,resiliente,1
1,Verdaderas,ADJ,alentador,1
1,Verdaderas,ADJ,meritocrático,1
1,Verdaderas,ADJ,chocoano,1
1,Verdaderas,ADJ,peatonal,1
1,Verdaderas,ADJ,incalculable,1
1,Verdaderas,ADJ,modernista,1
1,Verdaderas,ADJ,imperioso,1
1,Verdaderas,ADJ,somera,1
1,Verdaderas,ADJ,subantártica,1
1,Verdaderas,ADJ,zoológico,1
1,Verdaderas,ADJ,lent,1
1,Verdaderas,ADJ,selfi,1
1,Verdaderas,ADJ,observándolo,1
1,Verdaderas,ADJ,sanguinario,1
1,Verdaderas,ADJ,abrigado,1
1,Verdaderas,ADJ,conductual,1
1,Verdaderas,ADJ,anaranjado,1
1,Verdaderas,ADJ,espectacular,1
1,Verdaderas,ADJ,apurado,1
1,Verdaderas,ADJ,prístino,1
1,Verdaderas,ADJ,pañal,1
1,Verdaderas,ADJ,naturalista,1
1,Verdaderas,ADJ,irreversible,1
1,Verdaderas,ADJ,expresado,1
1,Verdaderas,ADJ,creyente,1
1,Verdaderas,ADJ,irreconocible,1
1,Verdaderas,ADJ,destrozada,1
1,Verdaderas,ADJ,hermanito,1
1,Verdaderas,ADJ,aplastado,1
1,Verdaderas,ADJ,pidiéndono,1
1,Verdaderas,ADJ,comprimido,1
1,Verdaderas,ADJ,llamarlo,1
1,Verdaderas,ADJ,linterna,1
1,Verdaderas,ADJ,cabilla,1
1,Verdaderas,ADJ,pico,1
1,Verdaderas,ADJ,desesperante,1
1,Verdaderas,ADJ,emocionante,1
1,Verdaderas,ADJ,cinematográfico,1
1,Verdaderas,ADJ,estilizado,1
1,Verdaderas,ADJ,dramatizado,1
1,Verdaderas,ADJ,cromático,1
1,Verdaderas,ADJ,azul,1
1,Verdaderas,ADJ,alegre,1
1,Verdaderas,ADJ,subjetivo,1
1,Verdaderas,ADJ,esposo,1
1,Verdaderas,ADJ,corroboro,1
1,Verdaderas,ADJ,rosa,1
1,Verdaderas,ADJ,presionado,1
1,Verdaderas,ADJ,envuelto,1
1,Verdaderas,ADJ,conflictivo,1
1,Verdaderas,ADJ,varón,1
1,Verdaderas,ADJ,extramatrimonial,1
1,Verdaderas,ADJ,bello,1
1,Verdaderas,ADJ,habanero,1
1,Verdaderas,ADJ,engañado,1
1,Verdaderas,ADJ,impostado,1
1,Verdaderas,ADJ,batido,1
1,Verdaderas,ADJ,evoca,1
1,Verdaderas,ADJ,bebé,1
1,Verdaderas,ADJ,cambiado,1
1,Verdaderas,ADJ,paterno,1
1,Verdaderas,ADJ,incontabl,1
1,Verdaderas,ADJ,ocasionalmente,1
1,Verdaderas,ADJ,loco,1
1,Verdaderas,ADJ,inteligente,1
1,Verdaderas,ADJ,astuto,1
1,Verdaderas,ADJ,infinito,1
1,Verdaderas,ADJ,manipulador,1
1,Verdaderas,ADJ,meticuloso,1
1,Verdaderas,ADJ,autobiográfico,1
1,Verdaderas,ADJ,traducido,1
1,Verdaderas,ADJ,estrenado,1
1,Verdaderas,ADJ,megalómano,1
1,Verdaderas,ADJ,racional,1
1,Verdaderas,ADJ,impactado,1
1,Verdaderas,ADJ,evacuada,1
1,Verdaderas,ADJ,reflejo,1
1,Verdaderas,ADJ,decena,1
1,Verdaderas,ADJ,ayudo,1
1,Verdaderas,ADJ,escombro,1
1,Verdaderas,ADJ,despedazada,1
1,Verdaderas,ADJ,detecto,1
1,Verdaderas,ADJ,súbito,1
1,Verdaderas,ADJ,umbral,1
1,Verdaderas,ADJ,gaps,1
1,Verdaderas,ADJ,complejísima,1
1,Verdaderas,ADJ,radón,1
1,Verdaderas,ADJ,temblor,1
1,Verdaderas,ADJ,chiquitito,1
1,Verdaderas,ADJ,consistente,1
1,Verdaderas,ADJ,anecdóticamente,1
1,Verdaderas,ADJ,transcurrido,1
1,Verdaderas,ADJ,computacional,1
1,Verdaderas,ADJ,inactivo,1
1,Verdaderas,ADJ,antisísmica,1
1,Verdaderas,ADJ,rato,1
1,Verdaderas,ADJ,contabilizado,1
1,Verdaderas,ADJ,averiada,1
1,Verdaderas,ADJ,capitán,1
1,Verdaderas,ADJ,ampliado,1
1,Verdaderas,ADJ,historial,1
1,Verdaderas,ADJ,proinmigrant,1
1,Verdaderas,ADJ,deshumanizado,1
1,Verdaderas,ADJ,hidratado,1
1,Verdaderas,ADJ,oxígeno,1
1,Verdaderas,ADJ,craneal,1
1,Verdaderas,ADJ,vertebral,1
1,Verdaderas,ADJ,invernal,1
1,Verdaderas,ADJ,corporal,1
1,Verdaderas,ADJ,ambiente,1
1,Verdaderas,ADJ,afortunado,1
1,Verdaderas,ADJ,varilla,1
1,Verdaderas,ADJ,muscular,1
1,Verdaderas,ADJ,salivo,1
1,Verdaderas,ADJ,angustio,1
1,Verdaderas,ADJ,concluyente,1
1,Verdaderas,ADJ,detectado,1
1,Verdaderas,ADJ,aguardo,1
1,Verdaderas,ADJ,antiestadounidense,1
1,Verdaderas,ADJ,incipiente,1
1,Verdaderas,ADJ,insignificante,1
1,Verdaderas,ADJ,incansable,1
1,Verdaderas,ADJ,repós,1
1,Verdaderas,ADJ,repentinamente,1
1,Verdaderas,ADJ,atenuada,1
1,Verdaderas,ADJ,tiemble,1
1,Verdaderas,ADJ,neogótico,1
1,Verdaderas,ADJ,lateral,1
1,Verdaderas,ADJ,verificado,1
1,Verdaderas,ADJ,logarítmico,1
1,Verdaderas,ADJ,lineal,1
1,Verdaderas,ADJ,inhabitabl,1
1,Verdaderas,ADJ,inclinado,1
1,Verdaderas,ADJ,acordonado,1
1,Verdaderas,ADJ,contiguo,1
1,Verdaderas,ADJ,asegurador,1
1,Verdaderas,ADJ,concurrido,1
1,Verdaderas,ADJ,legislador,1
1,Verdaderas,ADJ,anticorrupción,1
1,Verdaderas,ADJ,abatido,1
1,Verdaderas,ADJ,señalada,1
1,Verdaderas,ADJ,documentalmente,1
1,Verdaderas,ADJ,cártel,1
1,Verdaderas,ADJ,fluvial,1
1,Verdaderas,ADJ,consolidado,1
1,Verdaderas,ADJ,impactant,1
1,Verdaderas,ADJ,obviamente,1
1,Verdaderas,ADJ,aglomerado,1
1,Verdaderas,ADJ,rotativo,1
1,Verdaderas,ADJ,manejable,1
1,Verdaderas,ADJ,deteriorada,1
1,Verdaderas,ADJ,abastecida,1
1,Verdaderas,ADJ,escapo,1
1,Verdaderas,ADJ,cisterno,1
1,Verdaderas,ADJ,recipient,1
1,Verdaderas,ADJ,inquieto,1
1,Verdaderas,ADJ,inaudito,1
1,Verdaderas,ADJ,-principal,1
1,Verdaderas,ADJ,paulatín,1
1,Verdaderas,ADJ,esbozado,1
1,Verdaderas,ADJ,dócil,1
1,Verdaderas,ADJ,denostado,1
1,Verdaderas,ADJ,imperio,1
1,Verdaderas,ADJ,aparente,1
1,Verdaderas,ADJ,postergado,1
1,Verdaderas,ADJ,sangriento,1
1,Verdaderas,ADJ,multidimensional,1
1,Verdaderas,ADJ,súplico,1
1,Verdaderas,ADJ,asombrado,1
1,Verdaderas,ADJ,truncado,1
1,Verdaderas,ADJ,talentós,1
1,Verdaderas,ADJ,futbolístico,1
1,Verdaderas,ADJ,blaugrana,1
1,Verdaderas,ADJ,leproso,1
1,Verdaderas,ADJ,afectuoso,1
1,Verdaderas,ADJ,fútbolístico,1
1,Verdaderas,ADJ,vo,1
1,Verdaderas,ADJ,laureado,1
1,Verdaderas,ADJ,propalestín,1
1,Verdaderas,ADJ,prominente,1
1,Verdaderas,ADJ,cristo,1
1,Verdaderas,ADJ,infrecuente,1
1,Verdaderas,ADJ,reputado,1
1,Verdaderas,ADJ,banquero,1
1,Verdaderas,ADJ,inequívoco,1
1,Verdaderas,ADJ,satisfactorio,1
1,Verdaderas,ADJ,tumoral,1
1,Verdaderas,ADJ,ocasionado,1
1,Verdaderas,ADJ,montado,1
1,Verdaderas,ADJ,narcotráfico,1
1,Verdaderas,ADJ,defensor,1
1,Verdaderas,ADJ,reconstruido,1
1,Verdaderas,ADJ,admirado,1
1,Verdaderas,ADJ,antagonista,1
1,Verdaderas,ADJ,evidencia,1
1,Verdaderas,ADJ,bohemio,1
1,Verdaderas,ADJ,imposibilitado,1
1,Verdaderas,ADJ,desvalijado,1
1,Verdaderas,ADJ,inhumano,1
1,Verdaderas,ADJ,pulmonar,1
1,Verdaderas,ADJ,recluso,1
1,Verdaderas,ADJ,engavetado,1
1,Verdaderas,ADJ,multilateral,1
1,Verdaderas,ADJ,penalista,1
1,Verdaderas,ADJ,acomodado,1
1,Verdaderas,ADJ,estético,1
1,Verdaderas,ADJ,acorde,1
1,Verdaderas,ADJ,homoparental,1
1,Verdaderas,ADJ,reproductor,1
1,Verdaderas,ADJ,vuelve,1
1,Verdaderas,ADJ,desfachatado,1
1,Verdaderas,ADJ,homofóbica,1
1,Verdaderas,ADJ,movilizo,1
1,Verdaderas,ADJ,regalado,1
1,Verdaderas,ADJ,adaptado,1
1,Verdaderas,ADJ,anti,1
1,Verdaderas,ADJ,jovial,1
1,Verdaderas,ADJ,paciente,1
1,Verdaderas,ADJ,estratego,1
1,Verdaderas,ADJ,transicional,1
1,Verdaderas,ADJ,transgresor,1
1,Verdaderas,ADJ,bacano,1
1,Verdaderas,ADJ,implante,1
1,Verdaderas,ADJ,vaina,1
1,Verdaderas,ADJ,sacado,1
1,Verdaderas,ADJ,referente,1
1,Verdaderas,ADJ,senadoro,1
1,Verdaderas,ADJ,pulso,1
1,Verdaderas,ADJ,pudiente,1
1,Verdaderas,ADJ,salpicado,1
1,Verdaderas,ADJ,colombo-venezolano,1
1,Verdaderas,ADJ,alimento,1
1,Verdaderas,ADJ,atuendo,1
1,Verdaderas,ADJ,polifacético,1
1,Verdaderas,ADJ,sustentado,1
1,Verdaderas,ADJ,capciosa,1
1,Verdaderas,ADJ,tendenciosa,1
1,Verdaderas,ADJ,democráta,1
1,Verdaderas,ADJ,sano,1
1,Verdaderas,ADJ,desgastado,1
1,Verdaderas,ADJ,notorio,1
1,Verdaderas,ADJ,investigador,1
1,Verdaderas,ADJ,comentado,1
1,Verdaderas,ADJ,prooccidental,1
1,Verdaderas,ADJ,antiglobalista,1
1,Verdaderas,ADV,no,2232
1,Verdaderas,ADV,más,1287
1,Verdaderas,ADV,también,596
1,Verdaderas,ADV,mucho,416
1,Verdaderas,ADV,ya,337
1,Verdaderas,ADV,después,325
1,Verdaderas,ADV,así,233
1,Verdaderas,ADV,antes,222
1,Verdaderas,ADV,ahora,207
1,Verdaderas,ADV,tanto,184
1,Verdaderas,ADV,menos,180
1,Verdaderas,ADV,además,152
1,Verdaderas,ADV,aquí,152
1,Verdaderas,ADV,entonces,127
1,Verdaderas,ADV,hoy,121
1,Verdaderas,ADV,casi,121
1,Verdaderas,ADV,nunca,107
1,Verdaderas,ADV,bien,107
1,Verdaderas,ADV,siempre,97
1,Verdaderas,ADV,luego,94
1,Verdaderas,ADV,solo,93
1,Verdaderas,ADV,allí,86
1,Verdaderas,ADV,incluso,84
1,Verdaderas,ADV,aún,76
1,Verdaderas,ADV,poco,76
1,Verdaderas,ADV,dentro,75
1,Verdaderas,ADV,cerca,72
1,Verdaderas,ADV,todavía,64
1,Verdaderas,ADV,sólo,59
1,Verdaderas,ADV,adelante,46
1,Verdaderas,ADV,tampoco,45
1,Verdaderas,ADV,fuera,44
1,Verdaderas,ADV,especialmente,44
1,Verdaderas,ADV,ahí,43
1,Verdaderas,ADV,apenas,42
1,Verdaderas,ADV,alrededor,40
1,Verdaderas,ADV,finalmente,38
1,Verdaderas,ADV,allá,36
1,Verdaderas,ADV,realmente,34
1,Verdaderas,ADV,encima,30
1,Verdaderas,ADV,actualmente,30
1,Verdaderas,ADV,debajo,29
1,Verdaderas,ADV,tarde,29
1,Verdaderas,ADV,simplemente,27
1,Verdaderas,ADV,atrás,26
1,Verdaderas,ADV,demasiado,25
1,Verdaderas,ADV,posteriormente,25
1,Verdaderas,ADV,prácticamente,24
1,Verdaderas,ADV,primero,24
1,Verdaderas,ADV,detrás,21
1,Verdaderas,ADV,directamente,21
1,Verdaderas,ADV,completamente,21
1,Verdaderas,ADV,mal,19
1,Verdaderas,ADV,aproximadamente,19
1,Verdaderas,ADV,precisamente,18
1,Verdaderas,ADV,jamás,18
1,Verdaderas,ADV,mejor,18
1,Verdaderas,ADV,asimismo,17
1,Verdaderas,ADV,recientemente,17
1,Verdaderas,ADV,principalmente,17
1,Verdaderas,ADV,públicamente,15
1,Verdaderas,ADV,probablemente,15
1,Verdaderas,ADV,únicamente,15
1,Verdaderas,ADV,recién,15
1,Verdaderas,ADV,pronto,14
1,Verdaderas,ADV,frente,14
1,Verdaderas,ADV,profundamente,14
1,Verdaderas,ADV,claro,14
1,Verdaderas,ADV,claramente,14
1,Verdaderas,ADV,totalmente,14
1,Verdaderas,ADV,quizás,14
1,Verdaderas,ADV,acá,14
1,Verdaderas,ADV,previsiblemente,13
1,Verdaderas,ADV,mañana,13
1,Verdaderas,ADV,inmediatamente,13
1,Verdaderas,ADV,bastante,13
1,Verdaderas,ADV,supuestamente,13
1,Verdaderas,ADV,quizá,13
1,Verdaderas,ADV,ni,12
1,Verdaderas,ADV,exactamente,12
1,Verdaderas,ADV,hasta,11
1,Verdaderas,ADV,aparte,11
1,Verdaderas,ADV,lejos,11
1,Verdaderas,ADV,presuntamente,11
1,Verdaderas,ADV,delante,11
1,Verdaderas,ADV,aun,11
1,Verdaderas,ADV,justo,10
1,Verdaderas,ADV,nuevamente,10
1,Verdaderas,ADV,inicialmente,10
1,Verdaderas,ADV,parcialmente,10
1,Verdaderas,ADV,abiertamente,10
1,Verdaderas,ADV,necesariamente,10
1,Verdaderas,ADV,solamente,10
1,Verdaderas,ADV,relativamente,9
1,Verdaderas,ADV,personalmente,9
1,Verdaderas,ADV,absolutamente,9
1,Verdaderas,ADV,muchísimo,9
1,Verdaderas,ADV,ayer,8
1,Verdaderas,ADV,oficialmente,8
1,Verdaderas,ADV,efectivamente,8
1,Verdaderas,ADV,formalmente,8
1,Verdaderas,ADV,rápidamente,8
1,Verdaderas,ADV,fácilmente,7
1,Verdaderas,ADV,políticamente,7
1,Verdaderas,ADV,ampliamente,7
1,Verdaderas,ADV,constantemente,7
1,Verdaderas,ADV,históricamente,7
1,Verdaderas,ADV,sí,7
1,Verdaderas,ADV,legalmente,7
1,Verdaderas,ADV,íntegramente,6
1,Verdaderas,ADV,ayuso,6
1,Verdaderas,ADV,aparentemente,6
1,Verdaderas,ADV,expresamente,6
1,Verdaderas,ADV,exclusivamente,6
1,Verdaderas,ADV,temporalmente,6
1,Verdaderas,ADV,tradicionalmente,6
1,Verdaderas,ADV,perfectamente,6
1,Verdaderas,ADV,abajo,6
1,Verdaderas,ADV,originalmente,6
1,Verdaderas,ADV,previamente,6
1,Verdaderas,ADV,específicamente,6
1,Verdaderas,ADV,económicamente,6
1,Verdaderas,ADV,generalmente,6
1,Verdaderas,ADV,justamente,6
1,Verdaderas,ADV,ilegalmente,5
1,Verdaderas,ADV,sexualmente,5
1,Verdaderas,ADV,suficientemente,5
1,Verdaderas,ADV,definitivamente,5
1,Verdaderas,ADV,gravemente,5
1,Verdaderas,ADV,anteriormente,5
1,Verdaderas,ADV,paralelamente,5
1,Verdaderas,ADV,injustamente,5
1,Verdaderas,ADV,básicamente,5
1,Verdaderas,ADV,mismo,5
1,Verdaderas,ADV,lamentablemente,5
1,Verdaderas,ADV,plenamente,5
1,Verdaderas,ADV,particularmente,5
1,Verdaderas,ADV,independientemente,5
1,Verdaderas,ADV,duramente,4
1,Verdaderas,ADV,notablemente,4
1,Verdaderas,ADV,igual,4
1,Verdaderas,ADV,nada,4
1,Verdaderas,ADV,extremadamente,4
1,Verdaderas,ADV,adentro,4
1,Verdaderas,ADV,considerablemente,4
1,Verdaderas,ADV,esencialmente,4
1,Verdaderas,ADV,normalmente,4
1,Verdaderas,ADV,km,4
1,Verdaderas,ADV,habitualmente,3
1,Verdaderas,ADV,sumamente,3
1,Verdaderas,ADV,visiblemente,3
1,Verdaderas,ADV,respectivamente,3
1,Verdaderas,ADV,acerca,3
1,Verdaderas,ADV,masivamente,3
1,Verdaderas,ADV,narcotraficante,3
1,Verdaderas,ADV,gradualmente,3
1,Verdaderas,ADV,mutuamente,3
1,Verdaderas,ADV,seguramente,3
1,Verdaderas,ADV,temprano,3
1,Verdaderas,ADV,morazán,3
1,Verdaderas,ADV,cuán,3
1,Verdaderas,ADV,altamente,3
1,Verdaderas,ADV,significativamente,3
1,Verdaderas,ADV,cuanto,3
1,Verdaderas,ADV,arriba,3
1,Verdaderas,ADV,paradójicamente,3
1,Verdaderas,ADV,verdaderamente,3
1,Verdaderas,ADV,libremente,3
1,Verdaderas,ADV,categóricamente,3
1,Verdaderas,ADV,urge,2
1,Verdaderas,ADV,fielmente,2
1,Verdaderas,ADV,rápido,2
1,Verdaderas,ADV,cautelarmente,2
1,Verdaderas,ADV,conjuntamente,2
1,Verdaderas,ADV,arranca,2
1,Verdaderas,ADV,algo,2
1,Verdaderas,ADV,fundamentalmente,2
1,Verdaderas,ADV,voluntariamente,2
1,Verdaderas,ADV,ligeramente,2
1,Verdaderas,ADV,distante,2
1,Verdaderas,ADV,comúnmente,2
1,Verdaderas,ADV,expresidente,2
1,Verdaderas,ADV,anoche,2
1,Verdaderas,ADV,tranquilamente,2
1,Verdaderas,ADV,concretamente,2
1,Verdaderas,ADV,gratis,2
1,Verdaderas,ADV,favorablemente,2
1,Verdaderas,ADV,posiblemente,2
1,Verdaderas,ADV,socialmente,2
1,Verdaderas,ADV,ideológicamente,2
1,Verdaderas,ADV,simultáneamente,2
1,Verdaderas,ADV,físicamente,2
1,Verdaderas,ADV,trimestralmente,2
1,Verdaderas,ADV,lentamente,2
1,Verdaderas,ADV,drásticamente,2
1,Verdaderas,ADV,estrechamente,2
1,Verdaderas,ADV,repetidamente,2
1,Verdaderas,ADV,propiamente,2
1,Verdaderas,ADV,legítimamente,2
1,Verdaderas,ADV,críticamente,2
1,Verdaderas,ADV,igualmente,2
1,Verdaderas,ADV,estadísticamente,2
1,Verdaderas,ADV,sustancialmente,2
1,Verdaderas,ADV,curiosamente,2
1,Verdaderas,ADV,ambientalistas,2
1,Verdaderas,ADV,desesperadamente,2
1,Verdaderas,ADV,participante,2
1,Verdaderas,ADV,anónimamente,1
1,Verdaderas,ADV,enfrente,1
1,Verdaderas,ADV,adecuadamente,1
1,Verdaderas,ADV,pacíficamente,1
1,Verdaderas,ADV,positivamente,1
1,Verdaderas,ADV,predominante,1
1,Verdaderas,ADV,desproporcionadamente,1
1,Verdaderas,ADV,salvo,1
1,Verdaderas,ADV,competente,1
1,Verdaderas,ADV,preferentemente,1
1,Verdaderas,ADV,vilmente,1
1,Verdaderas,ADV,reiteradamente,1
1,Verdaderas,ADV,telefónicamente,1
1,Verdaderas,ADV,alardea,1
1,Verdaderas,ADV,informante,1
1,Verdaderas,ADV,policialmente,1
1,Verdaderas,ADV,singularmente,1
1,Verdaderas,ADV,perseverante,1
1,Verdaderas,ADV,felizmente,1
1,Verdaderas,ADV,quincenalmente,1
1,Verdaderas,ADV,atente,1
1,Verdaderas,ADV,mas,1
1,Verdaderas,ADV,escrupulosamente,1
1,Verdaderas,ADV,activamente,1
1,Verdaderas,ADV,últimamente,1
1,Verdaderas,ADV,fía,1
1,Verdaderas,ADV,jurídicamente,1
1,Verdaderas,ADV,exdirigente,1
1,Verdaderas,ADV,que´aún,1
1,Verdaderas,ADV,unánimemente,1
1,Verdaderas,ADV,vulgarmente,1
1,Verdaderas,ADV,exvicepresidente,1
1,Verdaderas,ADV,peor,1
1,Verdaderas,ADV,indebidamente,1
1,Verdaderas,ADV,escuche,1
1,Verdaderas,ADV,próximamente,1
1,Verdaderas,ADV,auténticamente,1
1,Verdaderas,ADV,debidamente,1
1,Verdaderas,ADV,eternamente,1
1,Verdaderas,ADV,reviente,1
1,Verdaderas,ADV,meramente,1
1,Verdaderas,ADV,clarísimamente,1
1,Verdaderas,ADV,potencialmente,1
1,Verdaderas,ADV,saliente,1
1,Verdaderas,ADV,miente,1
1,Verdaderas,ADV,verbalmente,1
1,Verdaderas,ADV,insultante,1
1,Verdaderas,ADV,envuelto,1
1,Verdaderas,ADV,urgentemente,1
1,Verdaderas,ADV,terrateniente,1
1,Verdaderas,ADV,inevitablemente,1
1,Verdaderas,ADV,puramente,1
1,Verdaderas,ADV,levemente,1
1,Verdaderas,ADV,democráticamente,1
1,Verdaderas,ADV,autocomplaciente,1
1,Verdaderas,ADV,conceptualmente,1
1,Verdaderas,ADV,difícilmente,1
1,Verdaderas,ADV,furiosamente,1
1,Verdaderas,ADV,mensualmente,1
1,Verdaderas,ADV,considerándolo,1
1,Verdaderas,ADV,radicalmente,1
1,Verdaderas,ADV,informalmente,1
1,Verdaderas,ADV,electoralmente,1
1,Verdaderas,ADV,simpatizante,1
1,Verdaderas,ADV,diariamente,1
1,Verdaderas,ADV,agresivamente,1
1,Verdaderas,ADV,siquiera,1
1,Verdaderas,ADV,médicamente,1
1,Verdaderas,ADV,sucesivamente,1
1,Verdaderas,ADV,aleatoriamente,1
1,Verdaderas,ADV,brevemente,1
1,Verdaderas,ADV,amablemente,1
1,Verdaderas,ADV,científicamente,1
1,Verdaderas,ADV,tacoronte,1
1,Verdaderas,ADV,-especialmente,1
1,Verdaderas,ADV,extraordinariamente,1
1,Verdaderas,ADV,orgánicamente,1
1,Verdaderas,ADV,narcoterrorismo,1
1,Verdaderas,ADV,estratega,1
1,Verdaderas,ADV,extrajudicialmente,1
1,Verdaderas,ADV,sistemáticamente,1
1,Verdaderas,ADV,⁠se,1
1,Verdaderas,ADV,matemáticamente,1
1,Verdaderas,ADV,regularmente,1
1,Verdaderas,ADV,excesivamente,1
1,Verdaderas,ADV,indefinidamente,1
1,Verdaderas,ADV,subcomandante,1
1,Verdaderas,ADV,secretamente,1
1,Verdaderas,ADV,deliberadamente,1
1,Verdaderas,ADV,emocionalmente,1
1,Verdaderas,ADV,estrictamente,1
1,Verdaderas,ADV,usualmente,1
1,Verdaderas,ADV,cruelmente,1
1,Verdaderas,ADV,indirectamente,1
1,Verdaderas,ADV,enteramente,1
1,Verdaderas,ADV,internacionalmente,1
1,Verdaderas,ADV,familiarmente,1
1,Verdaderas,ADV,lees,1
1,Verdaderas,ADV,colectivamente,1
1,Verdaderas,ADV,angustiante,1
1,Verdaderas,ADV,paulatinamente,1
1,Verdaderas,ADV,evidentemente,1
1,Verdaderas,ADV,menos-,1
1,Verdaderas,ADV,ciertamente,1
1,Verdaderas,ADV,increíblemente,1
1,Verdaderas,ADV,tremendamente,1
1,Verdaderas,ADV,militarmente,1
1,Verdaderas,ADV,excepcionalmente,1
1,Verdaderas,ADV,fuertemente,1
1,Verdaderas,ADV,mientras,1
1,Verdaderas,ADV,razonablemente,1
1,Verdaderas,ADV,correctamente,1
1,Verdaderas,ADV,abundantemente,1
1,Verdaderas,ADV,entretanto,1
1,Verdaderas,ADV,manifiestamente,1
1,Verdaderas,ADV,periódicamente,1
1,Verdaderas,ADV,intuitivamente,1
1,Verdaderas,ADV,técnicamente,1
1,Verdaderas,ADV,apabullante,1
1,Verdaderas,ADV,hispanohablante,1
1,Verdaderas,ADV,ferozmente,1
1,Verdaderas,ADV,progresivamente,1
1,Verdaderas,ADV,sismorresistente,1
1,Verdaderas,ADV,suroriente,1
1,Verdaderas,ADV,afortunadamente,1
1,Verdaderas,ADV,frecuentemente,1
1,Verdaderas,ADV,negativamente,1
1,Verdaderas,ADV,estricta,1
1,Verdaderas,ADV,devuelta,1
1,Verdaderas,ADV,sorprendentemente,1
1,Verdaderas,ADV,psicológicamente,1
1,Verdaderas,ADV,disidente,1
1,Verdaderas,ADV,trepidante,1
1,Verdaderas,ADV,geológicamente,1
1,Verdaderas,ADV,belmonte,1
1,Verdaderas,ADV,sinceramente,1
1,Verdaderas,ADV,anteayer,1
1,Verdaderas,ADV,lastimosamente,1
1,Verdaderas,ADV,sic,1
1,Verdaderas,ADV,diligentemente,1
1,Verdaderas,ADV,mentalmente,1
1,Verdaderas,ADV,tendrás,1
1,Verdaderas,ADV,ardiente,1
1,Verdaderas,ADV,explícitamente,1
1,Verdaderas,ADV,sísmicamente,1
1,Verdaderas,ADV,divergente,1
1,Verdaderas,ADV,lateralmente,1
1,Verdaderas,ADV,seriamente,1
1,Verdaderas,ADV,casualmente,1
1,Verdaderas,ADV,impresionantemente,1
1,Verdaderas,ADV,periodísticamente,1
1,Verdaderas,ADV,cuidadosamente,1
1,Verdaderas,ADV,largamente,1
1,Verdaderas,PRON,él,5483
1,Verdaderas,PRON,que,4662
1,Verdaderas,PRON,yo,719
1,Verdaderas,PRON,uno,536
1,Verdaderas,PRON,donde,285
1,Verdaderas,PRON,ese,276
1,Verdaderas,PRON,este,253
1,Verdaderas,PRON,quien,244
1,Verdaderas,PRON,todo,242
1,Verdaderas,PRON,qué,224
1,Verdaderas,PRON,cómo,179
1,Verdaderas,PRON,otro,169
1,Verdaderas,PRON,tú,145
1,Verdaderas,PRON,algo,120
1,Verdaderas,PRON,alguno,86
1,Verdaderas,PRON,nada,71
1,Verdaderas,PRON,cual,69
1,Verdaderas,PRON,cuyo,66
1,Verdaderas,PRON,quién,64
1,Verdaderas,PRON,mucho,60
1,Verdaderas,PRON,nadie,52
1,Verdaderas,PRON,mismo,39
1,Verdaderas,PRON,cuando,34
1,Verdaderas,PRON,alguien,33
1,Verdaderas,PRON,ninguno,29
1,Verdaderas,PRON,dónde,28
1,Verdaderas,PRON,cuál,28
1,Verdaderas,PRON,us$,26
1,Verdaderas,PRON,su,25
1,Verdaderas,PRON,aquel,24
1,Verdaderas,PRON,poco,21
1,Verdaderas,PRON,cuándo,14
1,Verdaderas,PRON,varios,14
1,Verdaderas,PRON,usted,12
1,Verdaderas,PRON,cuánto,12
1,Verdaderas,PRON,demá,9
1,Verdaderas,PRON,tal,5
1,Verdaderas,PRON,km,5
1,Verdaderas,PRON,-que,4
1,Verdaderas,PRON,c,4
1,Verdaderas,PRON,ábalo,4
1,Verdaderas,PRON,suyo,3
1,Verdaderas,PRON,cualquiera,3
1,Verdaderas,PRON,tanto,3
1,Verdaderas,PRON,como,2
1,Verdaderas,PRON,mío,2
1,Verdaderas,PRON,adónde,2
1,Verdaderas,PRON,tuyo,2
1,Verdaderas,PRON,mamá,2
1,Verdaderas,PRON,ciudadanos-,1
1,Verdaderas,PRON,cuanto,1
1,Verdaderas,PRON,serán,1
1,Verdaderas,PRON,fotografían,1
1,Verdaderas,PRON,urge,1
1,Verdaderas,PRON,salgo,1
1,Verdaderas,PRON,-cuando,1
1,Verdaderas,PRON,nuestro,1
1,Verdaderas,PRON,elegiste,1
1,Verdaderas,PRON,-según,1
1,Verdaderas,PRON,muchísimo,1
1,Verdaderas,PRON,cero,1
1,Verdaderas,PRON,$,1
